seed,arm,fit,lambda_1,epoch,train_loss,train_nll,validation_nll
1000,A1,full_refit,0.01,1,0.7131223121687038,0.7119787775585774,nan
1000,A1,full_refit,0.01,2,0.710579929984691,0.7094371160147496,nan
1000,A1,full_refit,0.01,3,0.7080520056288713,0.706909793816318,nan
1000,A1,full_refit,0.01,4,0.7055387686953981,0.704397133597695,nan
1000,A1,full_refit,0.01,5,0.7030404041989806,0.7018993459035168,nan
1000,A1,full_refit,0.01,6,0.7005570705922683,0.6994165791104598,nan
1000,A1,full_refit,0.01,7,0.6980889002779838,0.6969489560868838,nan
1000,A1,full_refit,0.01,8,0.6956359908132131,0.6944965661601122,nan
1000,A1,full_refit,0.01,9,0.6931984003665548,0.6920594630756539,nan
1000,A1,full_refit,0.01,10,0.6907761527276138,0.6896376740895073,nan
1000,A1,full_refit,0.01,11,0.6883692452715078,0.6872312022722356,nan
1000,A1,full_refit,0.01,12,0.68597765467489,0.6848400298032238,nan
1000,A1,full_refit,0.01,13,0.683601338062915,0.6824641189767146,nan
1000,A1,full_refit,0.01,14,0.6812402312090333,0.6801034080319057,nan
1000,A1,full_refit,0.01,15,0.6788942459410633,0.6777578077338783,nan
1000,A1,full_refit,0.01,16,0.6765632671802416,0.6754272003624052,nan
1000,A1,full_refit,0.01,17,0.6742471511123159,0.6731114392093402,nan
1000,A1,full_refit,0.01,18,0.6719457256289577,0.67081035024645,nan
1000,A1,full_refit,0.01,19,0.6696587928872757,0.668523736112789,nan
1000,A1,full_refit,0.01,20,0.6673861326259083,0.6662513795101541,nan
1000,A1,full_refit,0.01,21,0.6651275054887815,0.6639930453340365,nan
1000,A1,full_refit,0.01,22,0.6628826570391071,0.6617484826627301,nan
1000,A1,full_refit,0.01,23,0.6606513227803278,0.6595174279811739,nan
1000,A1,full_refit,0.01,24,0.6584332329761821,0.6572996102454587,nan
1000,A1,full_refit,0.01,25,0.6562281163739703,0.6550947557310481,nan
1000,A1,full_refit,0.01,26,0.6540357029981354,0.6529025917012,nan
1000,A1,full_refit,0.01,27,0.6518557263192003,0.6507228497608364,nan
1000,A1,full_refit,0.01,28,0.6496879247641622,0.6485552686414076,nan
1000,A1,full_refit,0.01,29,0.6475320420950018,0.6463995946553174,nan
1000,A1,full_refit,0.01,30,0.6453878267476872,0.6442555797430194,nan
1000,A1,full_refit,0.01,31,0.6432550309636704,0.6421229788853593,nan
1000,A1,full_refit,0.01,32,0.6411334099867521,0.6400015484466116,nan
1000,A1,full_refit,0.01,33,0.639022720996672,0.6378910454714394,nan
1000,A1,full_refit,0.01,34,0.6369227218943181,0.6357912272363597,nan
1000,A1,full_refit,0.01,35,0.6348331703716125,0.6337018511424467,nan
1000,A1,full_refit,0.01,36,0.632753823412286,0.6316226749977947,nan
1000,A1,full_refit,0.01,37,0.6306844369593053,0.6295534568481886,nan
1000,A1,full_refit,0.01,38,0.6286247655523177,0.6274939538323477,nan
1000,A1,full_refit,0.01,39,0.6265745621049297,0.6254439208869852,nan
1000,A1,full_refit,0.01,40,0.6245335778725427,0.6234031102794263,nan
1000,A1,full_refit,0.01,41,0.6225015624319352,0.6213712718483047,nan
1000,A1,full_refit,0.01,42,0.620478263629674,0.6193481533673136,nan
1000,A1,full_refit,0.01,43,0.6184634275657585,0.6173335008139599,nan
1000,A1,full_refit,0.01,44,0.6164567986367985,0.6153270585649535,nan
1000,A1,full_refit,0.01,45,0.6144581196192441,0.6133285695326987,nan
1000,A1,full_refit,0.01,46,0.6124671317699604,0.6113377752379335,nan
1000,A1,full_refit,0.01,47,0.6104835749445369,0.6093544158476084,nan
1000,A1,full_refit,0.01,48,0.6085071877668943,0.6073782302517522,nan
1000,A1,full_refit,0.01,49,0.6065377079135996,0.6054089562709506,nan
1000,A1,full_refit,0.01,50,0.604574872591134,0.6034463310781544,nan
1000,A2,full_refit,0.01,1,0.7181104054951792,0.7169668708850528,nan
1000,A2,full_refit,0.01,2,0.7155527309992231,0.7144099196472055,nan
1000,A2,full_refit,0.01,3,0.7130093174693277,0.711867195124313,nan
1000,A2,full_refit,0.01,4,0.7104803849625354,0.7093389189996693,nan
1000,A2,full_refit,0.01,5,0.7079661262300925,0.7068252863269302,nan
1000,A2,full_refit,0.01,6,0.7054667004988221,0.7043264595292268,nan
1000,A2,full_refit,0.01,7,0.7029822261306203,0.7018425607731072,nan
1000,A2,full_refit,0.01,8,0.7005127780841566,0.699373668078516,nan
1000,A2,full_refit,0.01,9,0.6980583952246001,0.6969198213096782,nan
1000,A2,full_refit,0.01,10,0.6956190883826636,0.6944810308389007,nan
1000,A2,full_refit,0.01,11,0.6931948406843229,0.6920572793240679,nan
1000,A2,full_refit,0.01,12,0.6907856047872146,0.6896485195941796,nan
1000,A2,full_refit,0.01,13,0.6883913007093024,0.6872546724634628,nan
1000,A2,full_refit,0.01,14,0.6860118141304128,0.6848756248456596,nan
1000,A2,full_refit,0.01,15,0.6836469956036043,0.6825112287887227,nan
1000,A2,full_refit,0.01,16,0.6812966618208814,0.6801613026021494,nan
1000,A2,full_refit,0.01,17,0.678960599564677,0.6778256347060306,nan
1000,A2,full_refit,0.01,18,0.6766385721140981,0.6755039899676107,nan
1000,A2,full_refit,0.01,19,0.6743303272067328,0.673196117621625,nan
1000,A2,full_refit,0.01,20,0.6720356052948495,0.6709017595056629,nan
1000,A2,full_refit,0.01,21,0.6697541468214595,0.6686206573267385,nan
1000,A2,full_refit,0.01,22,0.6674856975765945,0.6663525580111623,nan
1000,A2,full_refit,0.01,23,0.6652300117475395,0.6640972167469911,nan
1000,A2,full_refit,0.01,24,0.6629868528226043,0.661854397879364,nan
1000,A2,full_refit,0.01,25,0.6607559928604879,0.6596238741753524,nan
1000,A2,full_refit,0.01,26,0.6585372107467622,0.6574054250844072,nan
1000,A2,full_refit,0.01,27,0.6563302899927714,0.6551988345504942,nan
1000,A2,full_refit,0.01,28,0.654135016491141,0.6530038887862474,nan
1000,A2,full_refit,0.01,29,0.6519511764966978,0.6508203742717414,nan
1000,A2,full_refit,0.01,30,0.649778554980422,0.6486480761204557,nan
1000,A2,full_refit,0.01,31,0.6476169344114583,0.646486776865796,nan
1000,A2,full_refit,0.01,32,0.6454660939560476,0.6443362556588649,nan
1000,A2,full_refit,0.01,33,0.6433258090403406,0.6421962878282997,nan
1000,A2,full_refit,0.01,34,0.6411958512041304,0.640066644733236,nan
1000,A2,full_refit,0.01,35,0.6390759881709172,0.6379470938375611,nan
1000,A2,full_refit,0.01,36,0.6369659840707856,0.6358373989427967,nan
1000,A2,full_refit,0.01,37,0.6348655997693422,0.6337373205319787,nan
1000,A2,full_refit,0.01,38,0.6327745932716624,0.6316466161914838,nan
1000,A2,full_refit,0.01,39,0.6306927201800394,0.6295650410872381,nan
1000,A2,full_refit,0.01,40,0.6286197341870787,0.6274923484747875,nan
1000,A2,full_refit,0.01,41,0.626555387583618,0.6254282902213149,nan
1000,A2,full_refit,0.01,42,0.6244994317583834,0.6233726173159336,nan
1000,A2,full_refit,0.01,43,0.6224516176669918,0.6213250803460029,nan
1000,A2,full_refit,0.01,44,0.6204116962531738,0.6192854299229829,nan
1000,A2,full_refit,0.01,45,0.6183794188134782,0.6172534170499405,nan
1000,A2,full_refit,0.01,46,0.6163545373053821,0.6152287934314367,nan
1000,A2,full_refit,0.01,47,0.6143368046054131,0.6132113117329538,nan
1000,A2,full_refit,0.01,48,0.6123259747277501,0.6112007258005446,nan
1000,A2,full_refit,0.01,49,0.6103218030154011,0.6091967908526548,nan
1000,A2,full_refit,0.01,50,0.6083240463165008,0.6071992636562363,nan
1001,A1,full_refit,0.01,1,0.7984324947243597,0.797192496663484,nan
1001,A1,full_refit,0.01,2,0.7953581160264314,0.7941184909248288,nan
1001,A1,full_refit,0.01,3,0.7922951893634027,0.7910559076198618,nan
1001,A1,full_refit,0.01,4,0.789243935750361,0.7880049887742773,nan
1001,A1,full_refit,0.01,5,0.7862045159061921,0.7849659021532541,nan
1001,A1,full_refit,0.01,6,0.78317704319041,0.7819387546843629,nan
1001,A1,full_refit,0.01,7,0.7801615738324774,0.7789235998795117,nan
1001,A1,full_refit,0.01,8,0.7771581175999742,0.7759204466634232,nan
1001,A1,full_refit,0.01,9,0.774166652651722,0.7729292720338359,nan
1001,A1,full_refit,0.01,10,0.7711871195958173,0.7699500153976827,nan
1001,A1,full_refit,0.01,11,0.7682194050267288,0.7669825627047926,nan
1001,A1,full_refit,0.01,12,0.7652633298119423,0.7640267349070573,nan
1001,A1,full_refit,0.01,13,0.7623186469069468,0.7610822857102574,nan
1001,A1,full_refit,0.01,14,0.7593850485507834,0.7581489086607559,nan
1001,A1,full_refit,0.01,15,0.7564621805963785,0.7552262513799628,nan
1001,A1,full_refit,0.01,16,0.7535496596975327,0.7523139326687404,nan
1001,A1,full_refit,0.01,17,0.750647088331782,0.7494115574493108,nan
1001,A1,full_refit,0.01,18,0.7477540643281597,0.7465187262062052,nan
1001,A1,full_refit,0.01,19,0.7448701846475089,0.7436350386732244,nan
1001,A1,full_refit,0.01,20,0.7419950455205856,0.7407600938761676,nan
1001,A1,full_refit,0.01,21,0.7391282416080145,0.7378934892031996,nan
1001,A1,full_refit,0.01,22,0.7362693660311774,0.735034820361454,nan
1001,A1,full_refit,0.01,23,0.7334180119030879,0.7321836828577059,nan
1001,A1,full_refit,0.01,24,0.7305737750402431,0.7293396746889553,nan
1001,A1,full_refit,0.01,25,0.7277362570861041,0.7265023994719476,nan
1001,A1,full_refit,0.01,26,0.7249050682664416,0.723671469223776,nan
1001,A1,full_refit,0.01,27,0.7220798292543604,0.7208465062596541,nan
1001,A1,full_refit,0.01,28,0.7192601719645499,0.7180271440162804,nan
1001,A1,full_refit,0.01,29,0.7164457393851232,0.7152130269020894,nan
1001,A1,full_refit,0.01,30,0.7136361847252412,0.7124038094509052,nan
1001,A1,full_refit,0.01,31,0.7108311702051265,0.7095991551084891,nan
1001,A1,full_refit,0.01,32,0.7080303657767926,0.7067987349455988,nan
1001,A1,full_refit,0.01,33,0.7052334479832159,0.7040022265106051,nan
1001,A1,full_refit,0.01,34,0.7024400990767294,0.7012093129460241,nan
1001,A1,full_refit,0.01,35,0.699650006444819,0.6984196824183332,nan
1001,A1,full_refit,0.01,36,0.6968628623401644,0.6956330278570502,nan
1001,A1,full_refit,0.01,37,0.6940783638798669,0.6928490469660188,nan
1001,A1,full_refit,0.01,38,0.6912962132614533,0.6900674424522623,nan
1001,A1,full_refit,0.01,39,0.6885161181359022,0.6872879224107745,nan
1001,A1,full_refit,0.01,40,0.6857377920775783,0.6845102008037973,nan
1001,A1,full_refit,0.01,41,0.6829609550958269,0.6817339979784846,nan
1001,A1,full_refit,0.01,42,0.6801853341418103,0.6789590411760382,nan
1001,A1,full_refit,0.01,43,0.6774106635757502,0.6761850649972266,nan
1001,A1,full_refit,0.01,44,0.674636685572739,0.6734118118024202,nan
1001,A1,full_refit,0.01,45,0.6718631504581776,0.6706390320374351,nan
1001,A1,full_refit,0.01,46,0.6690898169752912,0.667866484488208,nan
1001,A1,full_refit,0.01,47,0.6663164524957725,0.6650939364763301,nan
1001,A1,full_refit,0.01,48,0.6635428331895699,0.6623211640128744,nan
1001,A1,full_refit,0.01,49,0.66076874417084,0.6595479519293127,nan
1001,A1,full_refit,0.01,50,0.6579939796344899,0.6567740940019184,nan
1001,A2,full_refit,0.01,1,0.805333694148894,0.8040936960880183,nan
1001,A2,full_refit,0.01,2,0.8022651499779403,0.801025523627973,nan
1001,A2,full_refit,0.01,3,0.7992079583717769,0.7979686944440463,nan
1001,A2,full_refit,0.01,4,0.796162258599606,0.7949233403438641,nan
1001,A2,full_refit,0.01,5,0.7931281527850673,0.7918895724245538,nan
1001,A2,full_refit,0.01,6,0.7901057538062085,0.7888675041147419,nan
1001,A2,full_refit,0.01,7,0.787095183782395,0.7858572563425884,nan
1001,A2,full_refit,0.01,8,0.7840965487854153,0.7828589337126489,nan
1001,A2,full_refit,0.01,9,0.7811099380332607,0.7798726232290392,nan
1001,A2,full_refit,0.01,10,0.7781354203898369,0.7768983918774202,nan
1001,A2,full_refit,0.01,11,0.7751730371111236,0.7739362801515766,nan
1001,A2,full_refit,0.01,12,0.7722227960810458,0.770986296441782,nan
1001,A2,full_refit,0.01,13,0.7692846677467021,0.7680484129733904,nan
1001,A2,full_refit,0.01,14,0.7663585814711614,0.7651225622639705,nan
1001,A2,full_refit,0.01,15,0.763444421153042,0.7622086329285557,nan
1001,A2,full_refit,0.01,16,0.7605420194204718,0.7593064637507118,nan
1001,A2,full_refit,0.01,17,0.757651152119072,0.7564158368417027,nan
1001,A2,full_refit,0.01,18,0.754771539717904,0.7535364764221661,nan
1001,A2,full_refit,0.01,19,0.7519028585234233,0.7506680590152798,nan
1001,A2,full_refit,0.01,20,0.7490447503251505,0.7478102253018262,nan
1001,A2,full_refit,0.01,21,0.746196823631626,0.7449625835733535,nan
1001,A2,full_refit,0.01,22,0.7433586524682377,0.7421247089933517,nan
1001,A2,full_refit,0.01,23,0.7405297772476743,0.739296144072838,nan
1001,A2,full_refit,0.01,24,0.7377097080697318,0.7364764014726213,nan
1001,A2,full_refit,0.01,25,0.7348979298400736,0.7336649687224203,nan
1001,A2,full_refit,0.01,26,0.7320939086440879,0.7308613143263346,nan
1001,A2,full_refit,0.01,27,0.7292970988102861,0.7280648946994317,nan
1001,A2,full_refit,0.01,28,0.7265069500582148,0.7252751613125803,nan
1001,A2,full_refit,0.01,29,0.7237229141843825,0.7224915674453826,nan
1001,A2,full_refit,0.01,30,0.7209444508941213,0.7197135740947797,nan
1001,A2,full_refit,0.01,31,0.7181710325543529,0.7169406547792696,nan
1001,A2,full_refit,0.01,32,0.7154021477766395,0.7141722991429951,nan
1001,A2,full_refit,0.01,33,0.7126373038477157,0.71140801538717,nan
1001,A2,full_refit,0.01,34,0.7098760281150907,0.708647331648309,nan
1001,A2,full_refit,0.01,35,0.7071178685022205,0.7058897965054861,nan
1001,A2,full_refit,0.01,36,0.7043623933622137,0.703134978828958,nan
1001,A2,full_refit,0.01,37,0.7016091908802053,0.7003824671808575,nan
1001,A2,full_refit,0.01,38,0.6988578682101331,0.6976318689529135,nan
1001,A2,full_refit,0.01,39,0.6961080504930638,0.6948828093871556,nan
1001,A2,full_refit,0.01,40,0.6933593798619792,0.6921349305834607,nan
1001,A2,full_refit,0.01,41,0.6906115144994682,0.6893878905598061,nan
1001,A2,full_refit,0.01,42,0.6878641277839703,0.6866413624009174,nan
1001,A2,full_refit,0.01,43,0.6851169075380896,0.6838950335095101,nan
1001,A2,full_refit,0.01,44,0.6823695553783214,0.6811486049605736,nan
1001,A2,full_refit,0.01,45,0.6796217861576564,0.6784017909513199,nan
1001,A2,full_refit,0.01,46,0.6768733274892705,0.6756543183356963,nan
1001,A2,full_refit,0.01,47,0.6741239193392999,0.6729059262312923,nan
1001,A2,full_refit,0.01,48,0.6713733136784006,0.6701563656871268,nan
1001,A2,full_refit,0.01,49,0.6686212741845468,0.6674053994027247,nan
1001,A2,full_refit,0.01,50,0.6658675759927762,0.6646528014918197,nan
1002,A1,full_refit,0.01,1,0.8136415389026246,0.8124912921615615,nan
1002,A1,full_refit,0.01,2,0.8105647480677469,0.8094157793305835,nan
1002,A1,full_refit,0.01,3,0.8074938959847147,0.8063461573203381,nan
1002,A1,full_refit,0.01,4,0.8044291023332424,0.803282539484625,nan
1002,A1,full_refit,0.01,5,0.8013704733997082,0.8002250514166469,nan
1002,A1,full_refit,0.01,6,0.798318104173223,0.7971737998906642,nan
1002,A1,full_refit,0.01,7,0.7952720697938435,0.7941288617930187,nan
1002,A1,full_refit,0.01,8,0.7922324426376711,0.7910903070959154,nan
1002,A1,full_refit,0.01,9,0.7891992846992265,0.7880581962843796,nan
1002,A1,full_refit,0.01,10,0.7861726396630131,0.7850325735659431,nan
1002,A1,full_refit,0.01,11,0.7831525298978086,0.7820134632162337,nan
1002,A1,full_refit,0.01,12,0.7801389560773618,0.7790008682691564,nan
1002,A1,full_refit,0.01,13,0.7771319005831293,0.7759947732043648,nan
1002,A1,full_refit,0.01,14,0.7741313338997495,0.7729951499750359,nan
1002,A1,full_refit,0.01,15,0.7711372206150827,0.7700019639738217,nan
1002,A1,full_refit,0.01,16,0.7681495224039357,0.767015177189723,nan
1002,A1,full_refit,0.01,17,0.7651681979086326,0.7640347483114762,nan
1002,A1,full_refit,0.01,18,0.7621932009284434,0.761060631094597,nan
1002,A1,full_refit,0.01,19,0.759224478320907,0.7580927723725198,nan
1002,A1,full_refit,0.01,20,0.7562619684502542,0.755131110558252,nan
1002,A1,full_refit,0.01,21,0.7533056005238665,0.7521755749949298,nan
1002,A1,full_refit,0.01,22,0.7503552948389809,0.7492260861927584,nan
1002,A1,full_refit,0.01,23,0.7474109637652584,0.7462825567899826,nan
1002,A1,full_refit,0.01,24,0.744472513182906,0.743344892966271,nan
1002,A1,full_refit,0.01,25,0.7415398440743928,0.7404129960118611,nan
1002,A1,full_refit,0.01,26,0.7386128540186333,0.7374867638037443,nan
1002,A1,full_refit,0.01,27,0.7356914384297009,0.7345660920315231,nan
1002,A1,full_refit,0.01,28,0.73277549147867,0.7316508751114261,nan
1002,A1,full_refit,0.01,29,0.7298649067086143,0.7287410067983333,nan
1002,A1,full_refit,0.01,30,0.726959577392546,0.7258363805451601,nan
1002,A1,full_refit,0.01,31,0.7240593967033843,0.7229368896773454,nan
1002,A1,full_refit,0.01,32,0.7211642577785978,0.7200424274624624,nan
1002,A1,full_refit,0.01,33,0.7182740537739,0.717152887166085,nan
1002,A1,full_refit,0.01,34,0.7153886779980344,0.7142681621838748,nan
1002,A1,full_refit,0.01,35,0.7125080241858451,0.7113881463080739,nan
1002,A1,full_refit,0.01,36,0.7096319868995274,0.7085127341224796,nan
1002,A1,full_refit,0.01,37,0.7067604619833316,0.7056418214558847,nan
1002,A1,full_refit,0.01,38,0.7038933469813935,0.7027753058053428,nan
1002,A1,full_refit,0.01,39,0.7010305414705535,0.6999130866785899,nan
1002,A1,full_refit,0.01,40,0.6981719473201763,0.6970550658630635,nan
1002,A1,full_refit,0.01,41,0.6953174689241326,0.6942011476632447,nan
1002,A1,full_refit,0.01,42,0.6924670134445605,0.6913512391452458,nan
1002,A1,full_refit,0.01,43,0.68962049107994,0.6885052504028117,nan
1002,A1,full_refit,0.01,44,0.68677781534389,0.6856630948336307,nan
1002,A1,full_refit,0.01,45,0.6839389033288006,0.6828246894020598,nan
1002,A1,full_refit,0.01,46,0.6811036759312278,0.679989954866015,nan
1002,A1,full_refit,0.01,47,0.6782720580276608,0.6771588159563527,nan
1002,A1,full_refit,0.01,48,0.6754439786017215,0.6743312015089302,nan
1002,A1,full_refit,0.01,49,0.6726193708321224,0.6715070445577409,nan
1002,A1,full_refit,0.01,50,0.6697981721537333,0.6686862824008054,nan
1002,A2,full_refit,0.01,1,0.8115322533041214,0.8103820065630583,nan
1002,A2,full_refit,0.01,2,0.8084928803873053,0.807343940340559,nan
1002,A2,full_refit,0.01,3,0.8054588791512186,0.8043112103719082,nan
1002,A2,full_refit,0.01,4,0.802430294365044,0.8012838620964821,nan
1002,A2,full_refit,0.01,5,0.7994072678611414,0.7982620376082056,nan
1002,A2,full_refit,0.01,6,0.7963899570425769,0.7952458943688993,nan
1002,A2,full_refit,0.01,7,0.7933784984402223,0.792235568832632,nan
1002,A2,full_refit,0.01,8,0.7903730031820805,0.7892311722175784,nan
1002,A2,full_refit,0.01,9,0.7873735591768706,0.7862327931568507,nan
1002,A2,full_refit,0.01,10,0.7843802354088352,0.7832405022226197,nan
1002,A2,full_refit,0.01,11,0.7813930830883675,0.7802543528804455,nan
1002,A2,full_refit,0.01,12,0.7784121329897231,0.7772743784678396,nan
1002,A2,full_refit,0.01,13,0.7754373922327352,0.7743005887030603,nan
1002,A2,full_refit,0.01,14,0.7724688430930716,0.7713329683229309,nan
1002,A2,full_refit,0.01,15,0.7695064446203294,0.7683714785636054,nan
1002,A2,full_refit,0.01,16,0.7665501367443934,0.7654160611375794,nan
1002,A2,full_refit,0.01,17,0.7635998459111155,0.7624666437688126,nan
1002,A2,full_refit,0.01,18,0.7606554909285769,0.7595231460045216,nan
1002,A2,full_refit,0.01,19,0.7577169877492954,0.7565854840481114,nan
1002,A2,full_refit,0.01,20,0.7547842524030949,0.7536535738125181,nan
1002,A2,full_refit,0.01,21,0.7518572019964883,0.7507273320699805,nan
1002,A2,full_refit,0.01,22,0.74893575424954,0.7478066761287026,nan
1002,A2,full_refit,0.01,23,0.7460198262525376,0.744891522694607,nan
1002,A2,full_refit,0.01,24,0.7431093330436933,0.7419817865139144,nan
1002,A2,full_refit,0.01,25,0.7402041864012596,0.7390773791962242,nan
1002,A2,full_refit,0.01,26,0.7373042940412148,0.7361782084194849,nan
1002,A2,full_refit,0.01,27,0.7344095592692079,0.733284177574943,nan
1002,A2,full_refit,0.01,28,0.7315198810538314,0.7303951858259596,nan
1002,A2,full_refit,0.01,29,0.7286351544496006,0.7275111285133538,nan
1002,A2,full_refit,0.01,30,0.7257552712845755,0.7246318978245635,nan
1002,A2,full_refit,0.01,31,0.7228801210275595,0.7217573836426958,nan
1002,A2,full_refit,0.01,32,0.7200095917569089,0.7188874744979392,nan
1002,A2,full_refit,0.01,33,0.7171435711639554,0.7160220585544648,nan
1002,A2,full_refit,0.01,34,0.7142819475370796,0.7131610245789024,nan
1002,A2,full_refit,0.01,35,0.7114246106861375,0.7103042628502102,nan
1002,A2,full_refit,0.01,36,0.7085714527798869,0.7074516659838352,nan
1002,A2,full_refit,0.01,37,0.7057223690803308,0.7046031296544455,nan
1002,A2,full_refit,0.01,38,0.7028772585670173,0.701758553210669,nan
1002,A2,full_refit,0.01,39,0.7000360244514109,0.6989178401822835,nan
1002,A2,full_refit,0.01,40,0.6971985745869134,0.6960808986855743,nan
1002,A2,full_refit,0.01,41,0.6943648217841345,0.6932476417364024,nan
1002,A2,full_refit,0.01,42,0.6915346840434947,0.6904179874828271,nan
1002,A2,full_refit,0.01,43,0.6887080847177163,0.6875918593695386,nan
1002,A2,full_refit,0.01,44,0.6858849526150512,0.6847691862446796,nan
1002,A2,full_refit,0.01,45,0.6830652220506738,0.6819499024163126,nan
1002,A2,full_refit,0.01,46,0.6802488328498925,0.6791339476620629,nan
1002,A2,full_refit,0.01,47,0.6774357303042816,0.6763212671928996,nan
1002,A2,full_refit,0.01,48,0.6746258650817042,0.6735118115717543,nan
1002,A2,full_refit,0.01,49,0.6718191930935152,0.6707055365898489,nan
1002,A2,full_refit,0.01,50,0.6690156753260214,0.6679024031072643,nan
1003,A1,full_refit,0.01,1,0.6466986271591538,0.6455919995286924,nan
1003,A1,full_refit,0.01,2,0.6447155383844687,0.6436096258430408,nan
1003,A1,full_refit,0.01,3,0.6427389603862703,0.6416337283029511,nan
1003,A1,full_refit,0.01,4,0.6407690584102304,0.639664473508831,nan
1003,A1,full_refit,0.01,5,0.6388059686671705,0.6377019990070099,nan
1003,A1,full_refit,0.01,6,0.6368497942924757,0.6357464092577324,nan
1003,A1,full_refit,0.01,7,0.6349006000074601,0.6337977703052746,nan
1003,A1,full_refit,0.01,8,0.6329584057076292,0.6318561033893908,nan
1003,A1,full_refit,0.01,9,0.6310231799411554,0.629921378483286,nan
1003,A1,full_refit,0.01,10,0.6290948353892205,0.6279935098817125,nan
1003,A1,full_refit,0.01,11,0.6271732291757205,0.6260723566642185,nan
1003,A1,full_refit,0.01,12,0.6252581698542611,0.6241577298457754,nan
1003,A1,full_refit,0.01,13,0.6233494304811837,0.6222494055173604,nan
1003,A1,full_refit,0.01,14,0.6214467647943994,0.620347140922109,nan
1003,A1,full_refit,0.01,15,0.6195499219999899,0.6184506890439309,nan
1003,A1,full_refit,0.01,16,0.6176586559927927,0.6165598076509428,nan
1003,A1,full_refit,0.01,17,0.6157727274065138,0.6146742612297315,nan
1003,A1,full_refit,0.01,18,0.6138918998859856,0.6127938171840838,nan
1003,A1,full_refit,0.01,19,0.612015933420706,0.610918239106182,nan
1003,A1,full_refit,0.01,20,0.6101445773437378,0.6090472796970309,nan
1003,A1,full_refit,0.01,21,0.6082775646651122,0.6071806749814074,nan
1003,A1,full_refit,0.01,22,0.6064146085376592,0.6053181406093922,nan
1003,A1,full_refit,0.01,23,0.604555401004827,0.6034593704369128,nan
1003,A1,full_refit,0.01,24,0.602699613638048,0.6016040370823751,nan
1003,A1,full_refit,0.01,25,0.6008468993037096,0.5997517937627642,nan
1003,A1,full_refit,0.01,26,0.598996894351538,0.5979022766681203,nan
1003,A1,full_refit,0.01,27,0.5971492209180292,0.5960551074716248,nan
1003,A1,full_refit,0.01,28,0.5953034893879671,0.5942098959441898,nan
1003,A1,full_refit,0.01,29,0.5934593011450785,0.5923662427852484,nan
1003,A1,full_refit,0.01,30,0.5916162516687233,0.5905237427409864,nan
1003,A1,full_refit,0.01,31,0.5897739339235694,0.5886819879816833,nan
1003,A1,full_refit,0.01,32,0.5879319418843384,0.5868405716062629,nan
1003,A1,full_refit,0.01,33,0.5860898739646843,0.5849990910650154,nan
1003,A1,full_refit,0.01,34,0.5842473361222993,0.5831571512831166,nan
1003,A1,full_refit,0.01,35,0.5824039444993292,0.5813143673401254,nan
1003,A1,full_refit,0.01,36,0.580559327571309,0.5794703666659189,nan
1003,A1,full_refit,0.01,37,0.5787131278533776,0.5776247907892391,nan
1003,A1,full_refit,0.01,38,0.5768650032315497,0.5757772966995746,nan
1003,A1,full_refit,0.01,39,0.5750146279724743,0.5739275578743622,nan
1003,A1,full_refit,0.01,40,0.573161693444769,0.5720752650064771,nan
1003,A1,full_refit,0.01,41,0.5713059085723549,0.5702201264554159,nan
1003,A1,full_refit,0.01,42,0.5694470000369078,0.5683618684421583,nan
1003,A1,full_refit,0.01,43,0.5675847122494657,0.5665002350100593,nan
1003,A1,full_refit,0.01,44,0.5657188071166768,0.5646349877789674,nan
1003,A1,full_refit,0.01,45,0.5638490636322865,0.5627659055243711,nan
1003,A1,full_refit,0.01,46,0.5619752773275518,0.5608927836160703,nan
1003,A1,full_refit,0.01,47,0.5600972596147001,0.5590154333509926,nan
1003,A1,full_refit,0.01,48,0.5582148370556147,0.5571336812125982,nan
1003,A1,full_refit,0.01,49,0.5563278505844957,0.555247368085692,nan
1003,A1,full_refit,0.01,50,0.5544361547093901,0.553356348451443,nan
1003,A2,full_refit,0.01,1,0.6445904534823559,0.6434838258518945,nan
1003,A2,full_refit,0.01,2,0.6426064838335591,0.6415003124620384,nan
1003,A2,full_refit,0.01,3,0.6406279015966765,0.6395222313660274,nan
1003,A2,full_refit,0.01,4,0.6386548112693532,0.6375496363710053,nan
1003,A2,full_refit,0.01,5,0.6366873497648453,0.6355826480358587,nan
1003,A2,full_refit,0.01,6,0.6347256069283099,0.633621354283879,nan
1003,A2,full_refit,0.01,7,0.6327696141883817,0.631665787487618,nan
1003,A2,full_refit,0.01,8,0.630819359599121,0.6297159368822354,nan
1003,A2,full_refit,0.01,9,0.6288748166364778,0.6277717765429849,nan
1003,A2,full_refit,0.01,10,0.6269359579210855,0.6258332794349428,nan
1003,A2,full_refit,0.01,11,0.6250027532270022,0.6239004159248746,nan
1003,A2,full_refit,0.01,12,0.6230751648081291,0.6219731492986644,nan
1003,A2,full_refit,0.01,13,0.6211531432661732,0.6200514316046128,nan
1003,A2,full_refit,0.01,14,0.6192366232773147,0.6181351992887698,nan
1003,A2,full_refit,0.01,15,0.6173255196137589,0.6162243691227396,nan
1003,A2,full_refit,0.01,16,0.6154197241257233,0.6143188351089941,nan
1003,A2,full_refit,0.01,17,0.6135191037797594,0.612418466464097,nan
1003,A2,full_refit,0.01,18,0.6116234994858311,0.6105231064086822,nan
1003,A2,full_refit,0.01,19,0.6097327254242836,0.6086325714652338,nan
1003,A2,full_refit,0.01,20,0.6078465687124401,0.6067466510914541,nan
1003,A2,full_refit,0.01,21,0.6059647893819037,0.6048651076129632,nan
1003,A2,full_refit,0.01,22,0.6040871207167638,0.6029876765068154,nan
1003,A2,full_refit,0.01,23,0.6022132700281277,0.6011140671204659,nan
1003,A2,full_refit,0.01,24,0.6003429199288649,0.5992439639024572,nan
1003,A2,full_refit,0.01,25,0.5984757301433353,0.5973770281890628,nan
1003,A2,full_refit,0.01,26,0.596611339854442,0.595512900551676,nan
1003,A2,full_refit,0.01,27,0.5947493705602124,0.5936512036724337,nan
1003,A2,full_refit,0.01,28,0.592889429382713,0.5917915456821562,nan
1003,A2,full_refit,0.01,29,0.591031112740813,0.5899335238633738,nan
1003,A2,full_refit,0.01,30,0.5891740102668906,0.5880767285924505,nan
1003,A2,full_refit,0.01,31,0.5873177088227209,0.5862207473732973,nan
1003,A2,full_refit,0.01,32,0.585461796459399,0.5843651688074283,nan
1003,A2,full_refit,0.01,33,0.5836058661748996,0.5825095863552959,nan
1003,A2,full_refit,0.01,34,0.5817495193492246,0.5806536017706906,nan
1003,A2,full_refit,0.01,35,0.5798923687737264,0.5787968281266609,nan
1003,A2,full_refit,0.01,36,0.5780340412283977,0.5769388923885773,nan
1003,A2,full_refit,0.01,37,0.5761741795906699,0.5750794375197303,nan
1003,A2,full_refit,0.01,38,0.5743124444783411,0.5732181241238575,nan
1003,A2,full_refit,0.01,39,0.5724485154392497,0.5713546316386234,nan
1003,A2,full_refit,0.01,40,0.570582091705845,0.5694886590988812,nan
1003,A2,full_refit,0.01,41,0.5687128925387389,0.5676199254934707,nan
1003,A2,full_refit,0.01,42,0.5668406571923491,0.5657481697473434,nan
1003,A2,full_refit,0.01,43,0.5649651445474694,0.5638731503718749,nan
1003,A2,full_refit,0.01,44,0.5630861324672347,0.5619946448376995,nan
1003,A2,full_refit,0.01,45,0.5612034169410559,0.5601124487328776,nan
1003,A2,full_refit,0.01,46,0.5593168110834209,0.5582263747722075,nan
1003,A2,full_refit,0.01,47,0.5574261440506578,0.5563362517204732,nan
1003,A2,full_refit,0.01,48,0.5555312599301504,0.5544419232844802,nan
1003,A2,full_refit,0.01,49,0.5536320166452487,0.552543247017919,nan
1003,A2,full_refit,0.01,50,0.5517282849073764,0.5506400932715473,nan
1004,A1,full_refit,0.01,1,0.7797168912373056,0.7785380723519146,nan
1004,A1,full_refit,0.01,2,0.7765156310895701,0.7753374845638056,nan
1004,A1,full_refit,0.01,3,0.7733234348479321,0.7721460404492225,nan
1004,A1,full_refit,0.01,4,0.7701398313037211,0.7689632164981163,nan
1004,A1,full_refit,0.01,5,0.7669642870720352,0.7657884215090931,nan
1004,A1,full_refit,0.01,6,0.7637965852060283,0.7626214326310833,nan
1004,A1,full_refit,0.01,7,0.7606367701333915,0.7594622958589832,nan
1004,A1,full_refit,0.01,8,0.7574849482249354,0.7563111178675486,nan
1004,A1,full_refit,0.01,9,0.7543412284901109,0.7531680072777356,nan
1004,A1,full_refit,0.01,10,0.7512057081681426,0.7500330614687402,nan
1004,A1,full_refit,0.01,11,0.748078470284522,0.7469063649818901,nan
1004,A1,full_refit,0.01,12,0.74495958406156,0.743787990013592,nan
1004,A1,full_refit,0.01,13,0.7418491027664772,0.7406779937054636,nan
1004,A1,full_refit,0.01,14,0.7387470603989811,0.7375764144093203,nan
1004,A1,full_refit,0.01,15,0.7356534701391455,0.7344832696228362,nan
1004,A1,full_refit,0.01,16,0.7325683252114588,0.7313985561337295,nan
1004,A1,full_refit,0.01,17,0.7294916005238361,0.7283222514049671,nan
1004,A1,full_refit,0.01,18,0.7264232540380956,0.7252543154466932,nan
1004,A1,full_refit,0.01,19,0.7233632285278023,0.7221946932226401,nan
1004,A1,full_refit,0.01,20,0.7203114535228669,0.7191433167467072,nan
1004,A1,full_refit,0.01,21,0.7172678466567234,0.7161001061355928,nan
1004,A1,full_refit,0.01,22,0.714232315342877,0.7130649707742297,nan
1004,A1,full_refit,0.01,23,0.711204759467145,0.7100378115356428,nan
1004,A1,full_refit,0.01,24,0.7081850735484385,0.707018522941369,nan
1004,A1,full_refit,0.01,25,0.7051731477801206,0.704006994616794,nan
1004,A1,full_refit,0.01,26,0.7021688692168858,0.7010031130125083,nan
1004,A1,full_refit,0.01,27,0.6991721229825291,0.6980067629523417,nan
1004,A1,full_refit,0.01,28,0.6961827925516185,0.6950178278601075,nan
1004,A1,full_refit,0.01,29,0.6932007599335012,0.6920361896052559,nan
1004,A1,full_refit,0.01,30,0.6902259064532651,0.6890617289878981,nan
1004,A1,full_refit,0.01,31,0.6872581131021152,0.6860943261530918,nan
1004,A1,full_refit,0.01,32,0.6842972604272342,0.683133860842729,nan
1004,A1,full_refit,0.01,33,0.6813432288081377,0.6801802130574613,nan
1004,A1,full_refit,0.01,34,0.6783958985093984,0.6772332631766385,nan
1004,A1,full_refit,0.01,35,0.6754551491701489,0.6742928911248701,nan
1004,A1,full_refit,0.01,36,0.6725208596833343,0.6713589758137877,nan
1004,A1,full_refit,0.01,37,0.669592908312617,0.6684313950959212,nan
1004,A1,full_refit,0.01,38,0.6666711727191241,0.6655100259996115,nan
1004,A1,full_refit,0.01,39,0.6637555307110161,0.6625947458162754,nan
1004,A1,full_refit,0.01,40,0.6608458614928687,0.6596854334530821,nan
1004,A1,full_refit,0.01,41,0.65794204669197,0.6567819701868202,nan
1004,A1,full_refit,0.01,42,0.6550439714762857,0.6538842404177364,nan
1004,A1,full_refit,0.01,43,0.6521515254049566,0.6509921324714684,nan
1004,A1,full_refit,0.01,44,0.6492646026488801,0.6481055391558292,nan
1004,A1,full_refit,0.01,45,0.6463831022387684,0.6452243584251427,nan
1004,A1,full_refit,0.01,46,0.6435069282260805,0.6423484936259383,nan
1004,A1,full_refit,0.01,47,0.6406359896384127,0.6394778531380768,nan
1004,A1,full_refit,0.01,48,0.637770200678528,0.6366123502552269,nan
1004,A1,full_refit,0.01,49,0.6349094807909006,0.6337519033009755,nan
1004,A1,full_refit,0.01,50,0.6320537546226985,0.6308964359403234,nan
1004,A2,full_refit,0.01,1,0.7696493169275832,0.7684704980421923,nan
1004,A2,full_refit,0.01,2,0.7665317249154224,0.7653535581256725,nan
1004,A2,full_refit,0.01,3,0.7634231024491676,0.7622457031350337,nan
1004,A2,full_refit,0.01,4,0.7603230921714373,0.7591464779394966,nan
1004,A2,full_refit,0.01,5,0.7572311697183652,0.7560553190614652,nan
1004,A2,full_refit,0.01,6,0.7541470734788198,0.7529719666975316,nan
1004,A2,full_refit,0.01,7,0.7510708171889657,0.749896435244268,nan
1004,A2,full_refit,0.01,8,0.7480024882604875,0.7468288117535482,nan
1004,A2,full_refit,0.01,9,0.7449421684964436,0.7437691791463849,nan
1004,A2,full_refit,0.01,10,0.7418899085586192,0.7407175906310322,nan
1004,A2,full_refit,0.01,11,0.7388457182323757,0.7376740594605373,nan
1004,A2,full_refit,0.01,12,0.7358095652436946,0.7346385570733057,nan
1004,A2,full_refit,0.01,13,0.7327813820736839,0.7316110191663329,nan
1004,A2,full_refit,0.01,14,0.7297610784001338,0.7285913575442915,nan
1004,A2,full_refit,0.01,15,0.7267485543963731,0.7255794731563673,nan
1004,A2,full_refit,0.01,16,0.7237437108941179,0.7225752663942128,nan
1004,A2,full_refit,0.01,17,0.7207464548760926,0.7195786430222013,nan
1004,A2,full_refit,0.01,18,0.7177567008340203,0.716589516022541,nan
1004,A2,full_refit,0.01,19,0.7147743696059741,0.7136078047741615,nan
1004,A2,full_refit,0.01,20,0.711799386295653,0.7106334331412707,nan
1004,A2,full_refit,0.01,21,0.7088316782615258,0.7076663275129261,nan
1004,A2,full_refit,0.01,22,0.7058711735312941,0.7047064152052706,nan
1004,A2,full_refit,0.01,23,0.7029177996188852,0.7017536232412205,nan
1004,A2,full_refit,0.01,24,0.6999714826031596,0.698807877386086,nan
1004,A2,full_refit,0.01,25,0.6970321463606357,0.6958691013382611,nan
1004,A2,full_refit,0.01,26,0.6940997119187624,0.6929372160422901,nan
1004,A2,full_refit,0.01,27,0.6911740969468432,0.6900121391410788,nan
1004,A2,full_refit,0.01,28,0.6882552154106486,0.6870937845944067,nan
1004,A2,full_refit,0.01,29,0.6853429773967317,0.6841820624723586,nan
1004,A2,full_refit,0.01,30,0.6824372890869818,0.6812768789066671,nan
1004,A2,full_refit,0.01,31,0.6795380528498483,0.6783781361670862,nan
1004,A2,full_refit,0.01,32,0.6766451674144096,0.6754857328276503,nan
1004,A2,full_refit,0.01,33,0.6737585280999236,0.6725995639931646,nan
1004,A2,full_refit,0.01,34,0.6708780270799678,0.6697195215630314,nan
1004,A2,full_refit,0.01,35,0.6680035536654227,0.6668454945156085,nan
1004,A2,full_refit,0.01,36,0.6651349945967108,0.6639773692034349,nan
1004,A2,full_refit,0.01,37,0.6622722343454939,0.6611150296602228,nan
1004,A2,full_refit,0.01,38,0.6594151554401991,0.6582583579352106,nan
1004,A2,full_refit,0.01,39,0.6565636388458505,0.6554072344866535,nan
1004,A2,full_refit,0.01,40,0.6537175644390878,0.6525615386757431,nan
1004,A2,full_refit,0.01,41,0.650876811611663,0.6497211493924064,nan
1004,A2,full_refit,0.01,42,0.6480412600025365,0.6468859458084716,nan
1004,A2,full_refit,0.01,43,0.6452107903125328,0.6440558082064178,nan
1004,A2,full_refit,0.01,44,0.6423852851280873,0.6412306188068682,nan
1004,A2,full_refit,0.01,45,0.6395646296928269,0.6384102625347523,nan
1004,A2,full_refit,0.01,46,0.6367487126031725,0.6355946277048721,nan
1004,A2,full_refit,0.01,47,0.6339374264349432,0.6327836066386107,nan
1004,A2,full_refit,0.01,48,0.6311306683163035,0.6299770962299596,nan
1004,A2,full_refit,0.01,49,0.6283283404549522,0.6271749984694391,nan
1004,A2,full_refit,0.01,50,0.6255303506172697,0.6243772209229478,nan
1005,A1,full_refit,0.01,1,0.8342756282348247,0.8331173670953518,nan
1005,A1,full_refit,0.01,2,0.8313287657087245,0.8301712557921153,nan
1005,A1,full_refit,0.01,3,0.8283882047808814,0.8272314464412728,nan
1005,A1,full_refit,0.01,4,0.8254538921928314,0.8242979005392309,nan
1005,A1,full_refit,0.01,5,0.822525908923171,0.8213706726047054,nan
1005,A1,full_refit,0.01,6,0.8196043530762861,0.8184498542117841,nan
1005,A1,full_refit,0.01,7,0.8166892677569273,0.8155354891927645,nan
1005,A1,full_refit,0.01,8,0.8137806317358427,0.8126275579981627,nan
1005,A1,full_refit,0.01,9,0.8108783565807057,0.8097259729433476,nan
1005,A1,full_refit,0.01,10,0.8079822886966852,0.8068305796576376,nan
1005,A1,full_refit,0.01,11,0.8050922280519702,0.8039411759350577,nan
1005,A1,full_refit,0.01,12,0.8022079617377946,0.8010575461710673,nan
1005,A1,full_refit,0.01,13,0.7993292971547046,0.7981794953499702,nan
1005,A1,full_refit,0.01,14,0.7964560802964682,0.7953068675486993,nan
1005,A1,full_refit,0.01,15,0.7935881966819465,0.7924395467034544,nan
1005,A1,full_refit,0.01,16,0.790725562529268,0.7895774475741179,nan
1005,A1,full_refit,0.01,17,0.7878681142716296,0.7867205051810976,nan
1005,A1,full_refit,0.01,18,0.7850158002281621,0.7838686665255471,nan
1005,A1,full_refit,0.01,19,0.7821685748548645,0.7810218849247356,nan
1005,A1,full_refit,0.01,20,0.7793263947917322,0.7781801161016436,nan
1005,A1,full_refit,0.01,21,0.7764892160016598,0.7753433153173436,nan
1005,A1,full_refit,0.01,22,0.7736569916758871,0.7725114352545348,nan
1005,A1,full_refit,0.01,23,0.7708296707697063,0.7696844245397577,nan
1005,A1,full_refit,0.01,24,0.7680071970195201,0.7668622267553998,nan
1005,A1,full_refit,0.01,25,0.7651895082477679,0.7640447797388391,nan
1005,A1,full_refit,0.01,26,0.7623765357909827,0.7612320150001678,nan
1005,A1,full_refit,0.01,27,0.7595682039830329,0.7584238571951066,nan
1005,A1,full_refit,0.01,28,0.7567644297305993,0.7556202236978353,nan
1005,A1,full_refit,0.01,29,0.7539651222749948,0.7528210243719156,nan
1005,A1,full_refit,0.01,30,0.7511701832188274,0.7500261616146479,nan
1005,A1,full_refit,0.01,31,0.748379506820216,0.7472355306682197,nan
1005,A1,full_refit,0.01,32,0.7455929804668365,0.7444490200992452,nan
1005,A1,full_refit,0.01,33,0.7428104851937961,0.7416665123044461,nan
1005,A1,full_refit,0.01,34,0.7400318961317233,0.7388878839298149,nan
1005,A1,full_refit,0.01,35,0.7372570828418182,0.7361130061663979,nan
1005,A1,full_refit,0.01,36,0.7344859095626809,0.7333417449550638,nan
1005,A1,full_refit,0.01,37,0.7317182354256416,0.730573961162319,nan
1005,A1,full_refit,0.01,38,0.7289539146914858,0.7278095107822838,nan
1005,A1,full_refit,0.01,39,0.7261927970413051,0.725048245197613,nan
1005,A1,full_refit,0.01,40,0.7234347279346981,0.7222900115118964,nan
1005,A1,full_refit,0.01,41,0.720679549036032,0.7195346529538587,nan
1005,A1,full_refit,0.01,42,0.717927098702934,0.716782009347815,nan
1005,A1,full_refit,0.01,43,0.7151772125282064,0.7140319176423637,nan
1005,A1,full_refit,0.01,44,0.7124297239258949,0.711284212488791,nan
1005,A1,full_refit,0.01,45,0.7096844647541157,0.7085387268619425,nan
1005,A1,full_refit,0.01,46,0.7069412659708547,0.7057952927189965,nan
1005,A1,full_refit,0.01,47,0.7041999583223557,0.703053741694117,nan
1005,A1,full_refit,0.01,48,0.7014603730648307,0.7003139058276268,nan
1005,A1,full_refit,0.01,49,0.6987223427181691,0.6975756183264175,nan
1005,A1,full_refit,0.01,50,0.6959857018464907,0.694838714349118,nan
1005,A2,full_refit,0.01,1,0.8372825776911316,0.8361243165516586,nan
1005,A2,full_refit,0.01,2,0.8343317648674341,0.833174211231942,nan
1005,A2,full_refit,0.01,3,0.8313877400626111,0.8302308591649105,nan
1005,A2,full_refit,0.01,4,0.8284507157701035,0.827294474671219,nan
1005,A2,full_refit,0.01,5,0.8255208576872044,0.8243652258229743,nan
1005,A2,full_refit,0.01,6,0.8225982691201168,0.8214432177471812,nan
1005,A2,full_refit,0.01,7,0.8196829870507959,0.8185284880439938,nan
1005,A2,full_refit,0.01,8,0.8167749926250607,0.8156210189649648,nan
1005,A2,full_refit,0.01,9,0.813874226468887,0.8127207523830053,nan
1005,A2,full_refit,0.01,10,0.8109805967929068,0.8098275966626318,nan
1005,A2,full_refit,0.01,11,0.8080939753301227,0.8069414229930844,nan
1005,A2,full_refit,0.01,12,0.8052141943073207,0.8040620631135392,nan
1005,A2,full_refit,0.01,13,0.8023410557003817,0.8011893189564022,nan
1005,A2,full_refit,0.01,14,0.7994743501661004,0.7983229816929038,nan
1005,A2,full_refit,0.01,15,0.7966138759860559,0.7954628506518686,nan
1005,A2,full_refit,0.01,16,0.7937594502630126,0.792608744412613,nan
1005,A2,full_refit,0.01,17,0.7909109105072802,0.7897605022465196,nan
1005,A2,full_refit,0.01,18,0.7880681095016348,0.7869179788255898,nan
1005,A2,full_refit,0.01,19,0.7852309076743618,0.7840810364443724,nan
1005,A2,full_refit,0.01,20,0.7823991660663979,0.7812495378460481,nan
1005,A2,full_refit,0.01,21,0.7795727413085144,0.7784233410690795,nan
1005,A2,full_refit,0.01,22,0.776751482933676,0.7756022966445569,nan
1005,A2,full_refit,0.01,23,0.7739352328888953,0.7727862470265839,nan
1005,A2,full_refit,0.01,24,0.7711238268538254,0.7699750278953046,nan
1005,A2,full_refit,0.01,25,0.7683170966235772,0.7671684706172347,nan
1005,A2,full_refit,0.01,26,0.7655148725622026,0.7643664048579598,nan
1005,A2,full_refit,0.01,27,0.762716985355736,0.7615686605189053,nan
1005,A2,full_refit,0.01,28,0.7599232668892384,0.7587750687570568,nan
1005,A2,full_refit,0.01,29,0.7571335505340183,0.755985462341628,nan
1005,A2,full_refit,0.01,30,0.7543476712021225,0.7531996757126471,nan
1005,A2,full_refit,0.01,31,0.7515654653628641,0.750417544964617,nan
1005,A2,full_refit,0.01,32,0.748786771055764,0.7476389078187007,nan
1005,A2,full_refit,0.01,33,0.7460114278701534,0.7448636035734083,nan
1005,A2,full_refit,0.01,34,0.7432392768714909,0.742091473021903,nan
1005,A2,full_refit,0.01,35,0.7404701604858119,0.7393223583458831,nan
1005,A2,full_refit,0.01,36,0.737703922373009,0.7365561030100579,nan
1005,A2,full_refit,0.01,37,0.7349404073196597,0.7337925516802876,nan
1005,A2,full_refit,0.01,38,0.7321794611707264,0.7310315501787121,nan
1005,A2,full_refit,0.01,39,0.7294209308072315,0.7282729454792752,nan
1005,A2,full_refit,0.01,40,0.7266646641707626,0.7255165857425031,nan
1005,A2,full_refit,0.01,41,0.7239105103373887,0.722762320390931,nan
1005,A2,full_refit,0.01,42,0.7211583196513127,0.7200100002345785,nan
1005,A2,full_refit,0.01,43,0.7184079439371877,0.7172594776648912,nan
1005,A2,full_refit,0.01,44,0.7156592368119683,0.7145106069386725,nan
1005,A2,full_refit,0.01,45,0.7129120541054029,0.7117632445638458,nan
1005,A2,full_refit,0.01,46,0.7101662543722654,0.7090172497751277,nan
1005,A2,full_refit,0.01,47,0.7074216994498481,0.7062724850591612,nan
1005,A2,full_refit,0.01,48,0.704678254999071,0.7035288166721995,nan
1005,A2,full_refit,0.01,49,0.7019357909785819,0.7007861151011928,nan
1005,A2,full_refit,0.01,50,0.6991941820325371,0.6980442554469531,nan
1006,A1,full_refit,0.01,1,0.812654835853712,0.8115444526174639,nan
1006,A1,full_refit,0.01,2,0.8101710974822867,0.8090611099405447,nan
1006,A1,full_refit,0.01,3,0.8076871016340658,0.8065774752492797,nan
1006,A1,full_refit,0.01,4,0.8052030397175799,0.8040937404459716,nan
1006,A1,full_refit,0.01,5,0.8027190799607331,0.8016100748616259,nan
1006,A1,full_refit,0.01,6,0.8002353648064071,0.7991266226182355,nan
1006,A1,full_refit,0.01,7,0.7977520091081987,0.7966435006421501,nan
1006,A1,full_refit,0.01,8,0.7952691027546726,0.7941608008019329,nan
1006,A1,full_refit,0.01,9,0.7927867178325739,0.7916785965821264,nan
1006,A1,full_refit,0.01,10,0.7903049139228869,0.7891969483665662,nan
1006,A1,full_refit,0.01,11,0.7878237371738401,0.7867159028909786,nan
1006,A1,full_refit,0.01,12,0.785343215759013,0.784235489050175,nan
1006,A1,full_refit,0.01,13,0.7828633553710562,0.7817557135372867,nan
1006,A1,full_refit,0.01,14,0.7803841361023484,0.7792765577143254,nan
1006,A1,full_refit,0.01,15,0.7779055109215933,0.7767979759934747,nan
1006,A1,full_refit,0.01,16,0.7754274058083211,0.7743198958343169,nan
1006,A1,full_refit,0.01,17,0.7729497214397111,0.7718422192849101,nan
1006,A1,full_refit,0.01,18,0.7704723359509921,0.7693648256185182,nan
1006,A1,full_refit,0.01,19,0.7679951080048044,0.766887574319553,nan
1006,A1,full_refit,0.01,20,0.7655178794579062,0.7644103077070237,nan
1006,A1,full_refit,0.01,21,0.7630404772601518,0.7619328528205955,nan
1006,A1,full_refit,0.01,22,0.7605627146032783,0.759455022581521,nan
1006,A1,full_refit,0.01,23,0.7580843915430523,0.7569766164567312,nan
1006,A1,full_refit,0.01,24,0.7556052953349205,0.7544974208743455,nan
1006,A1,full_refit,0.01,25,0.7531252006808179,0.7520172095891587,nan
1006,A1,full_refit,0.01,26,0.7506438700712761,0.7495357441699498,nan
1006,A1,full_refit,0.01,27,0.7481610543841413,0.7470527747458491,nan
1006,A1,full_refit,0.01,28,0.7456764938141951,0.7445680410576346,nan
1006,A1,full_refit,0.01,29,0.7431899190874721,0.7420812737450464,nan
1006,A1,full_refit,0.01,30,0.7407010528387075,0.7395921957396652,nan
1006,A1,full_refit,0.01,31,0.7382096110422821,0.7371005236603956,nan
1006,A1,full_refit,0.01,32,0.7357153044602702,0.7346059691921019,nan
1006,A1,full_refit,0.01,33,0.7332178401395967,0.7321082404986574,nan
1006,A1,full_refit,0.01,34,0.7307169229995312,0.7296070437276786,nan
1006,A1,full_refit,0.01,35,0.7282122575000294,0.7271020846084413,nan
1006,A1,full_refit,0.01,36,0.725703549325437,0.7245930700830883,nan
1006,A1,full_refit,0.01,37,0.7231905070130269,0.7220797099008296,nan
1006,A1,full_refit,0.01,38,0.7206728435000224,0.7195617181450025,nan
1006,A1,full_refit,0.01,39,0.7181502776096227,0.7170388147083548,nan
1006,A1,full_refit,0.01,40,0.7156225355132103,0.7145107267494996,nan
1006,A1,full_refit,0.01,41,0.7130893521920668,0.7119771901512171,nan
1006,A1,full_refit,0.01,42,0.7105504728870132,0.7094379509674292,nan
1006,A1,full_refit,0.01,43,0.7080056544765466,0.7068927667981945,nan
1006,A1,full_refit,0.01,44,0.705454666681447,0.70434140798983,nan
1006,A1,full_refit,0.01,45,0.7028972929860482,0.7017836585502822,nan
1006,A1,full_refit,0.01,46,0.7003333312084835,0.699219316712923,nan
1006,A1,full_refit,0.01,47,0.6977625937253545,0.69664819515542,nan
1006,A1,full_refit,0.01,48,0.695184907423248,0.6940701209469101,nan
1006,A1,full_refit,0.01,49,0.6926001134810846,0.691484935327901,nan
1006,A1,full_refit,0.01,50,0.690008067070207,0.6888924934107133,nan
1006,A2,full_refit,0.01,1,0.8119382884946579,0.8108279052584098,nan
1006,A2,full_refit,0.01,2,0.8094870710102484,0.808377177656123,nan
1006,A2,full_refit,0.01,3,0.8070376031856717,0.8059281638452659,nan
1006,A2,full_refit,0.01,4,0.8045899976218481,0.8034809761296052,nan
1006,A2,full_refit,0.01,5,0.8021441708154441,0.8010355303404098,nan
1006,A2,full_refit,0.01,6,0.7996997670374381,0.7985914700630159,nan
1006,A2,full_refit,0.01,7,0.7972563209561043,0.7961483301835853,nan
1006,A2,full_refit,0.01,8,0.7948135283477812,0.793705807713322,nan
1006,A2,full_refit,0.01,9,0.7923712717688346,0.7912637867260525,nan
1006,A2,full_refit,0.01,10,0.7899295190930454,0.7888222365250739,nan
1006,A2,full_refit,0.01,11,0.787488256405932,0.7863811445226275,nan
1006,A2,full_refit,0.01,12,0.7850474604428864,0.7839404887046433,nan
1006,A2,full_refit,0.01,13,0.7826070894338029,0.7815002284604315,nan
1006,A2,full_refit,0.01,14,0.7801670817702957,0.7790603032200925,nan
1006,A2,full_refit,0.01,15,0.777727357769274,0.776620634214792,nan
1006,A2,full_refit,0.01,16,0.7752878217563716,0.7741811265970284,nan
1006,A2,full_refit,0.01,17,0.7728483629157763,0.7717416703487481,nan
1006,A2,full_refit,0.01,18,0.770408854585084,0.7693021396277775,nan
1006,A2,full_refit,0.01,19,0.7679691525173986,0.7668623910576081,nan
1006,A2,full_refit,0.01,20,0.7655290928605324,0.7644222617078484,nan
1006,A2,full_refit,0.01,21,0.7630884904227383,0.7619815673411994,nan
1006,A2,full_refit,0.01,22,0.7606471375133215,0.7595401012249917,nan
1006,A2,full_refit,0.01,23,0.7582048034321439,0.7570976335911966,nan
1006,A2,full_refit,0.01,24,0.7557612345672069,0.7546539117127777,nan
1006,A2,full_refit,0.01,25,0.753316155024379,0.7522086605270599,nan
1006,A2,full_refit,0.01,26,0.7508692677312361,0.7497615837519492,nan
1006,A2,full_refit,0.01,27,0.7484202560013559,0.7473123654819512,nan
1006,A2,full_refit,0.01,28,0.7459687855870378,0.74486067228879,nan
1006,A2,full_refit,0.01,29,0.7435145072588845,0.7424061558576025,nan
1006,A2,full_refit,0.01,30,0.7410570599129254,0.7399484561477211,nan
1006,A2,full_refit,0.01,31,0.7385960741252621,0.7374872049840462,nan
1006,A2,full_refit,0.01,32,0.7361311759814494,0.7350220298941014,nan
1006,A2,full_refit,0.01,33,0.7336619909460388,0.7325525579508159,nan
1006,A2,full_refit,0.01,34,0.7311881475359477,0.7300784193885944,nan
1006,A2,full_refit,0.01,35,0.7287092806157213,0.7275992508221589,nan
1006,A2,full_refit,0.01,36,0.7262250342126404,0.7251146979802352,nan
1006,A2,full_refit,0.01,37,0.7237350638221024,0.7226244179365255,nan
1006,A2,full_refit,0.01,38,0.7212390382220707,0.7201280808643059,nan
1006,A2,full_refit,0.01,39,0.7187366408401563,0.7176253713613759,nan
1006,A2,full_refit,0.01,40,0.7162275707259933,0.7151159893982434,nan
1006,A2,full_refit,0.01,41,0.7137115431824806,0.7125996509418184,nan
1006,A2,full_refit,0.01,42,0.711188290106531,0.7100760883033462,nan
1006,A2,full_refit,0.01,43,0.7086575600854245,0.7075450502544903,nan
1006,A2,full_refit,0.01,44,0.7061191182900545,0.7050063019504039,nan
1006,A2,full_refit,0.01,45,0.7035727462024404,0.7024596246943625,nan
1006,A2,full_refit,0.01,46,0.7010182412127484,0.6999048155759936,nan
1006,A2,full_refit,0.01,47,0.6984554161209484,0.6973416870146789,nan
1006,A2,full_refit,0.01,48,0.6958840985796011,0.6947700662409262,nan
1006,A2,full_refit,0.01,49,0.6933041305159549,0.6921897947503465,nan
1006,A2,full_refit,0.01,50,0.690715367572266,0.6896007277661663,nan
1007,A1,full_refit,0.01,1,0.7747796324990428,0.7736250528378411,nan
1007,A1,full_refit,0.01,2,0.7719185050462928,0.7707648626136326,nan
1007,A1,full_refit,0.01,3,0.7690784123867067,0.7679256757569072,nan
1007,A1,full_refit,0.01,4,0.7662595095798683,0.7651076562192405,nan
1007,A1,full_refit,0.01,5,0.7634616008962387,0.7623106071290222,nan
1007,A1,full_refit,0.01,6,0.76068406345933,0.7595338945589156,nan
1007,A1,full_refit,0.01,7,0.7579261491931439,0.7567767669453368,nan
1007,A1,full_refit,0.01,8,0.7551873291292359,0.754038699025687,nan
1007,A1,full_refit,0.01,9,0.7524672298550079,0.7513193221080102,nan
1007,A1,full_refit,0.01,10,0.749765475190545,0.7486182632698288,nan
1007,A1,full_refit,0.01,11,0.7470816272552481,0.745935086193849,nan
1007,A1,full_refit,0.01,12,0.744415205783519,0.7432693107603967,nan
1007,A1,full_refit,0.01,13,0.7417657402742074,0.7406204656077829,nan
1007,A1,full_refit,0.01,14,0.7391328166049025,0.7379881352316626,nan
1007,A1,full_refit,0.01,15,0.7365160971148975,0.735371980525077,nan
1007,A1,full_refit,0.01,16,0.7339153153416187,0.7327717338526119,nan
1007,A1,full_refit,0.01,17,0.7313302580335173,0.730187181262712,nan
1007,A1,full_refit,0.01,18,0.7287607456127017,0.7276181430352386,nan
1007,A1,full_refit,0.01,19,0.7262066163464598,0.7250644578478933,nan
1007,A1,full_refit,0.01,20,0.7236677151444417,0.7225259714975402,nan
1007,A1,full_refit,0.01,21,0.7211438861046378,0.7200025293262468,nan
1007,A1,full_refit,0.01,22,0.7186349676594516,0.7174939712387328,nan
1007,A1,full_refit,0.01,23,0.7161407894427549,0.7150001284625671,nan
1007,A1,full_refit,0.01,24,0.7136611703106015,0.712520821497639,nan
1007,A1,full_refit,0.01,25,0.7111959171559189,0.7100558588931274,nan
1007,A1,full_refit,0.01,26,0.7087448242742576,0.7076050365991116,nan
1007,A1,full_refit,0.01,27,0.7063076731074349,0.7051681377091322,nan
1007,A1,full_refit,0.01,28,0.7038842322416543,0.7027449324624482,nan
1007,A1,full_refit,0.01,29,0.7014742575759759,0.7003351784170863,nan
1007,A1,full_refit,0.01,30,0.6990774926081756,0.6979386207382196,nan
1007,A1,full_refit,0.01,31,0.6966936688091209,0.6955549925719179,nan
1007,A1,full_refit,0.01,32,0.6943225060755056,0.6931840154938245,nan
1007,A1,full_refit,0.01,33,0.6919637132662282,0.690825400038188,nan
1007,A1,full_refit,0.01,34,0.6896169888414876,0.6884788463267192,nan
1007,A1,full_refit,0.01,35,0.6872820216358415,0.6861440448290518,nan
1007,A1,full_refit,0.01,36,0.6849584918041175,0.6838206772943328,nan
1007,A1,full_refit,0.01,37,0.6826460719760756,0.6815084178905183,nan
1007,A1,full_refit,0.01,38,0.6803444286353199,0.679206934567566,nan
1007,A1,full_refit,0.01,39,0.6780532236988712,0.6769158906216146,nan
1007,A1,full_refit,0.01,40,0.6757721162267207,0.6746349463901059,nan
1007,A1,full_refit,0.01,41,0.6735007641568164,0.6723637609738902,nan
1007,A1,full_refit,0.01,42,0.6712388259589183,0.670101993880282,nan
1007,A1,full_refit,0.01,43,0.6689859621315019,0.6678493065117073,nan
1007,A1,full_refit,0.01,44,0.6667418365113176,0.66560536346994,nan
1007,A1,full_refit,0.01,45,0.6645061174028573,0.6633698336834711,nan
1007,A1,full_refit,0.01,46,0.6622784785531494,0.6611423913835994,nan
1007,A1,full_refit,0.01,47,0.6600585999979685,0.6589227169553457,nan
1007,A1,full_refit,0.01,48,0.657846168797333,0.6567104976808759,nan
1007,A1,full_refit,0.01,49,0.6556408796688175,0.6545054283835671,nan
1007,A1,full_refit,0.01,50,0.6534424355207062,0.6523072119741443,nan
1007,A2,full_refit,0.01,1,0.7789849128741341,0.7778303332129324,nan
1007,A2,full_refit,0.01,2,0.776091336290747,0.7749377386619206,nan
1007,A2,full_refit,0.01,3,0.7732186372021954,0.7720659348562855,nan
1007,A2,full_refit,0.01,4,0.7703670622109922,0.7692152366310381,nan
1007,A2,full_refit,0.01,5,0.7675367944161744,0.7663858341012985,nan
1007,A2,full_refit,0.01,6,0.7647280384416868,0.7635779248762661,nan
1007,A2,full_refit,0.01,7,0.7619409641556415,0.7607916782890218,nan
1007,A2,full_refit,0.01,8,0.7591756659699547,0.7580271895273084,nan
1007,A2,full_refit,0.01,9,0.7564321472172375,0.7552844563699648,nan
1007,A2,full_refit,0.01,10,0.7537103083261686,0.7525633726341993,nan
1007,A2,full_refit,0.01,11,0.7510099390506794,0.7498637238049686,nan
1007,A2,full_refit,0.01,12,0.7483307186566595,0.7471851871870048,nan
1007,A2,full_refit,0.01,13,0.7456722251016448,0.7445273403003698,nan
1007,A2,full_refit,0.01,14,0.7430339540904436,0.7418896790955838,nan
1007,A2,full_refit,0.01,15,0.7404153468033876,0.7392716450278808,nan
1007,A2,full_refit,0.01,16,0.7378158206470524,0.7366726554425721,nan
1007,A2,full_refit,0.01,17,0.7352347954790783,0.7340921299070304,nan
1007,A2,full_refit,0.01,18,0.7326717109410783,0.7315295082843957,nan
1007,A2,full_refit,0.01,19,0.7301260352946007,0.7289842603643416,nan
1007,A2,full_refit,0.01,20,0.7275972684195013,0.726455888813425,nan
1007,A2,full_refit,0.01,21,0.7250849416383008,0.7239439283399464,nan
1007,A2,full_refit,0.01,22,0.7225886161327947,0.7214479435779477,nan
1007,A2,full_refit,0.01,23,0.7201078805765881,0.7189675265075715,nan
1007,A2,full_refit,0.01,24,0.7176423480050486,0.7165022932966215,nan
1007,A2,full_refit,0.01,25,0.7151916519691377,0.7140518804849465,nan
1007,A2,full_refit,0.01,26,0.7127554422449939,0.7116159407247412,nan
1007,A2,full_refit,0.01,27,0.7103333805039839,0.7091941384576042,nan
1007,A2,full_refit,0.01,28,0.707925136328413,0.7067861459038325,nan
1007,A2,full_refit,0.01,29,0.7055303838389956,0.7043916396305703,nan
1007,A2,full_refit,0.01,30,0.7031487990511244,0.7020102978294473,nan
1007,A2,full_refit,0.01,31,0.7007800579478316,0.6996417983170561,nan
1007,A2,full_refit,0.01,32,0.6984238351756011,0.6972858171910571,nan
1007,A2,full_refit,0.01,33,0.6960798032423092,0.69494202803553,nan
1007,A2,full_refit,0.01,34,0.6937476321121361,0.69261010156826,nan
1007,A2,full_refit,0.01,35,0.6914269891261481,0.6902897056467666,nan
1007,A2,full_refit,0.01,36,0.6891175392074219,0.6879805055779015,nan
1007,A2,full_refit,0.01,37,0.6868189453239189,0.6856821646892725,nan
1007,A2,full_refit,0.01,38,0.6845308691782971,0.6833943451144531,nan
1007,A2,full_refit,0.01,39,0.6822529720777462,0.6811167087287864,nan
1007,A2,full_refit,0.01,40,0.6799849159205247,0.6788489181643407,nan
1007,A2,full_refit,0.01,41,0.6777263642289405,0.6765906378364134,nan
1007,A2,full_refit,0.01,42,0.6754769831641277,0.6743415349243481,nan
1007,A2,full_refit,0.01,43,0.6732364424745299,0.6721012802625618,nan
1007,A2,full_refit,0.01,44,0.6710044163530962,0.6698695491161176,nan
1007,A2,full_refit,0.01,45,0.6687805841991077,0.66764602183936,nan
1007,A2,full_refit,0.01,46,0.6665646312893415,0.6654303844382597,nan
1007,A2,full_refit,0.01,47,0.6643562493589302,0.6632223290662348,nan
1007,A2,full_refit,0.01,48,0.6621551370873376,0.6610215544772823,nan
1007,A2,full_refit,0.01,49,0.6599610004925078,0.6588277664503208,nan
1007,A2,full_refit,0.01,50,0.6577735532534321,0.6566406781957034,nan
1008,A1,full_refit,0.01,1,0.841869446057501,0.8407212981086513,nan
1008,A1,full_refit,0.01,2,0.8387722407584005,0.8376247101351604,nan
1008,A1,full_refit,0.01,3,0.8356896603496035,0.8345427262216241,nan
1008,A1,full_refit,0.01,4,0.8326217965665675,0.8314754270595259,nan
1008,A1,full_refit,0.01,5,0.8295688039288044,0.8284229747369445,nan
1008,A1,full_refit,0.01,6,0.8265308487180354,0.825385543775667,nan
1008,A1,full_refit,0.01,7,0.8235080576045523,0.822363267706935,nan
1008,A1,full_refit,0.01,8,0.8205005371921356,0.8193562568703666,nan
1008,A1,full_refit,0.01,9,0.8175083895093392,0.8163646145543565,nan
1008,A1,full_refit,0.01,10,0.8145317048686436,0.8133884315824186,nan
1008,A1,full_refit,0.01,11,0.8115705505713907,0.8104277757807692,nan
1008,A1,full_refit,0.01,12,0.8086249659218012,0.807482686888929,nan
1008,A1,full_refit,0.01,13,0.8056949629048682,0.8045531769094904,nan
1008,A1,full_refit,0.01,14,0.8027805296943227,0.8016392334244358,nan
1008,A1,full_refit,0.01,15,0.7998816348523403,0.7987408238358671,nan
1008,A1,full_refit,0.01,16,0.7969982311687596,0.7958578994168449,nan
1008,A1,full_refit,0.01,17,0.7941302587094566,0.792990398617824,nan
1008,A1,full_refit,0.01,18,0.7912776467273288,0.7901382491836904,nan
1008,A1,full_refit,0.01,19,0.7884403142173406,0.7873013688339382,nan
1008,A1,full_refit,0.01,20,0.78561816930311,0.7844796647127892,nan
1008,A1,full_refit,0.01,21,0.7828111079936286,0.7816730321712904,nan
1008,A1,full_refit,0.01,22,0.7800190128907029,0.7788813534705851,nan
1008,A1,full_refit,0.01,23,0.7772417522461184,0.7761044968041118,nan
1008,A1,full_refit,0.01,24,0.7744791795496371,0.773342315818206,nan
1008,A1,full_refit,0.01,25,0.7717311336682515,0.7705946496565445,nan
1008,A1,full_refit,0.01,26,0.7689974394549715,0.7678613234622683,nan
1008,A1,full_refit,0.01,27,0.7662779086833241,0.7651421492175432,nan
1008,A1,full_refit,0.01,28,0.763572341143202,0.7624369267774677,nan
1008,A1,full_refit,0.01,29,0.7608805257615354,0.7597454449699952,nan
1008,A1,full_refit,0.01,30,0.7582022416710719,0.7570674826786622,nan
1008,A1,full_refit,0.01,31,0.7555372592080922,0.754402809875675,nan
1008,A1,full_refit,0.01,32,0.7528853408524963,0.7517511886074648,nan
1008,A1,full_refit,0.01,33,0.7502462421313973,0.7491123739476293,nan
1008,A1,full_refit,0.01,34,0.7476197125004603,0.7464861149283757,nan
1008,A1,full_refit,0.01,35,0.7450054962041925,0.7438721554483319,nan
1008,A1,full_refit,0.01,36,0.7424033331029196,0.7412702351393469,nan
1008,A1,full_refit,0.01,37,0.7398129594460281,0.7386800901661162,nan
1008,A1,full_refit,0.01,38,0.7372341085732248,0.7361014539364572,nan
1008,A1,full_refit,0.01,39,0.7346665115379694,0.7335340577159243,nan
1008,A1,full_refit,0.01,40,0.7321098976637208,0.7309776311600159,nan
1008,A1,full_refit,0.01,41,0.7295639950559418,0.7284319027909724,nan
1008,A1,full_refit,0.01,42,0.7270285310957526,0.7258966004492318,nan
1008,A1,full_refit,0.01,43,0.7245032329342722,0.7233714517426884,nan
1008,A1,full_refit,0.01,44,0.7219878279931792,0.7208561845038026,nan
1008,A1,full_refit,0.01,45,0.7194820444619121,0.7183505272500679,nan
1008,A1,full_refit,0.01,46,0.7169856117709483,0.715854209632083,nan
1008,A1,full_refit,0.01,47,0.7144982610179971,0.7133669628491883,nan
1008,A1,full_refit,0.01,48,0.7120197253303514,0.7108885200163156,nan
1008,A1,full_refit,0.01,49,0.7095497401585321,0.7084186164749915,nan
1008,A1,full_refit,0.01,50,0.7070880435083124,0.7059569900518291,nan
1008,A2,full_refit,0.01,1,0.8462786961171244,0.8451305481682746,nan
1008,A2,full_refit,0.01,2,0.8431600902901243,0.8420129118283982,nan
1008,A2,full_refit,0.01,3,0.8400560092408952,0.8389097651592498,nan
1008,A2,full_refit,0.01,4,0.8369667233623035,0.8358213868147604,nan
1008,A2,full_refit,0.01,5,0.8338924513239246,0.8327480112918748,nan
1008,A2,full_refit,0.01,6,0.8308333990854662,0.8296898436798826,nan
1008,A2,full_refit,0.01,7,0.8277897609467733,0.8266470748541355,nan
1008,A2,full_refit,0.01,8,0.8247617064015283,0.8236198718061574,nan
1008,A2,full_refit,0.01,9,0.8217493750130767,0.8206083725820912,nan
1008,A2,full_refit,0.01,10,0.8187528732622923,0.8176126828644417,nan
1008,A2,full_refit,0.01,11,0.8157722758886548,0.8146328767455864,nan
1008,A2,full_refit,0.01,12,0.8128076312123529,0.8116690016604681,nan
1008,A2,full_refit,0.01,13,0.8098589650257391,0.8087210822807,nan
1008,A2,full_refit,0.01,14,0.8069262806626883,0.8057891208751106,nan
1008,A2,full_refit,0.01,15,0.8040095574491585,0.8028730961265499,nan
1008,A2,full_refit,0.01,16,0.8011087501370687,0.7999729628265998,nan
1008,A2,full_refit,0.01,17,0.7982237899907761,0.7970886530160428,nan
1008,A2,full_refit,0.01,18,0.7953545869126872,0.7942200779799419,nan
1008,A2,full_refit,0.01,19,0.7925010318535968,0.7913671304523566,nan
1008,A2,full_refit,0.01,20,0.789662999040862,0.788529686657518,nan
1008,A2,full_refit,0.01,21,0.7868403478298651,0.7857076080235238,nan
1008,A2,full_refit,0.01,22,0.7840329241743367,0.7829007425513018,nan
1008,A2,full_refit,0.01,23,0.7812405618213507,0.7801089259201178,nan
1008,A2,full_refit,0.01,24,0.7784630833632824,0.7773319824462006,nan
1008,A2,full_refit,0.01,25,0.7757003012337467,0.7745697259847842,nan
1008,A2,full_refit,0.01,26,0.772952018654128,0.7718219608026538,nan
1008,A2,full_refit,0.01,27,0.7702180304790899,0.7690884823917586,nan
1008,A2,full_refit,0.01,28,0.7674981238951467,0.7663690781842926,nan
1008,A2,full_refit,0.01,29,0.7647920789806479,0.7636635281649924,nan
1008,A2,full_refit,0.01,30,0.7620996691851891,0.7609716054191259,nan
1008,A2,full_refit,0.01,31,0.759420661798748,0.758293076672575,nan
1008,A2,full_refit,0.01,32,0.7567548184618723,0.7556277028706715,nan
1008,A2,full_refit,0.01,33,0.7541018957380096,0.7529752398175324,nan
1008,A2,full_refit,0.01,34,0.7514616457396913,0.7503354388679485,nan
1008,A2,full_refit,0.01,35,0.7488338167757862,0.7477080476357427,nan
1008,A2,full_refit,0.01,36,0.7462181539712778,0.7450928106635373,nan
1008,A2,full_refit,0.01,37,0.7436143998100999,0.742489469998004,nan
1008,A2,full_refit,0.01,38,0.741022294568083,0.7398977656346576,nan
1008,A2,full_refit,0.01,39,0.738441576630947,0.7373174358285455,nan
1008,A2,full_refit,0.01,40,0.7358719827194521,0.73474821729712,nan
1008,A2,full_refit,0.01,41,0.7333132480602671,0.7321898453584457,nan
1008,A2,full_refit,0.01,42,0.7307651065436747,0.7296420540497954,nan
1008,A2,full_refit,0.01,43,0.728227290900286,0.7271045762625156,nan
1008,A2,full_refit,0.01,44,0.7256995329134321,0.7245771439141837,nan
1008,A2,full_refit,0.01,45,0.7231815636675535,0.7220594881634643,nan
1008,A2,full_refit,0.01,46,0.7206731138214564,0.7195513396611911,nan
1008,A2,full_refit,0.01,47,0.7181739138923406,0.7170524288262438,nan
1008,A2,full_refit,0.01,48,0.7156836945416216,0.7145624861370296,nan
1008,A2,full_refit,0.01,49,0.713202186862431,0.7120812424358238,nan
1008,A2,full_refit,0.01,50,0.7107291226760722,0.709608429249465,nan
1009,A1,full_refit,0.01,1,0.7741886443559604,0.7730758486136545,nan
1009,A1,full_refit,0.01,2,0.7713799958957613,0.7702679351822562,nan
1009,A1,full_refit,0.01,3,0.7685783013523779,0.7674669424691539,nan
1009,A1,full_refit,0.01,4,0.7657836882126438,0.7646730022397098,nan
1009,A1,full_refit,0.01,5,0.7629962174343999,0.761886180613857,nan
1009,A1,full_refit,0.01,6,0.7602159625098276,0.7591065531705368,nan
1009,A1,full_refit,0.01,7,0.757443014170784,0.7563342122368311,nan
1009,A1,full_refit,0.01,8,0.7546774470025285,0.753569235169738,nan
1009,A1,full_refit,0.01,9,0.7519193094343438,0.7508116733133834,nan
1009,A1,full_refit,0.01,10,0.7491686252850285,0.7480615526342572,nan
1009,A1,full_refit,0.01,11,0.7464253961053063,0.7453188762525224,nan
1009,A1,full_refit,0.01,12,0.743689600623428,0.742583624558969,nan
1009,A1,full_refit,0.01,13,0.7409611926486251,0.739855753493534,nan
1009,A1,full_refit,0.01,14,0.738240099296426,0.7371351927761718,nan
1009,A1,full_refit,0.01,15,0.7355262200008325,0.7344218447657365,nan
1009,A1,full_refit,0.01,16,0.7328194256989897,0.7317155834930812,nan
1009,A1,full_refit,0.01,17,0.7301195575573057,0.7290162532880405,nan
1009,A1,full_refit,0.01,18,0.7274264253718024,0.7263236671087542,nan
1009,A1,full_refit,0.01,19,0.7247398062773068,0.723637605175403,nan
1009,A1,full_refit,0.01,20,0.7220594443598614,0.7209578144953122,nan
1009,A1,full_refit,0.01,21,0.7193850515721906,0.7182840096899423,nan
1009,A1,full_refit,0.01,22,0.716716310164978,0.7156158753480311,nan
1009,A1,full_refit,0.01,23,0.7140528765552404,0.7129530698273221,nan
1009,A1,full_refit,0.01,24,0.7113943861905356,0.7102952300575577,nan
1009,A1,full_refit,0.01,25,0.7087404588359497,0.7076419767730324,nan
1009,A1,full_refit,0.01,26,0.7060907039304215,0.7049929198349112,nan
1009,A1,full_refit,0.01,27,0.7034447259324721,0.7023476635765578,nan
1009,A1,full_refit,0.01,28,0.7008021296431446,0.6997058121607357,nan
1009,A1,full_refit,0.01,29,0.6981625254122639,0.6970669748448177,nan
1009,A1,full_refit,0.01,30,0.6955255340484411,0.6944307709608397,nan
1009,A1,full_refit,0.01,31,0.692890791208258,0.6917968343752631,nan
1009,A1,full_refit,0.01,32,0.6902579510153737,0.689164817175233,nan
1009,A1,full_refit,0.01,33,0.6876266886669449,0.6865343923405877,nan
1009,A1,full_refit,0.01,34,0.6849967018790083,0.6839052552562062,nan
1009,A1,full_refit,0.01,35,0.6823677112169032,0.6812771241106347,nan
1009,A1,full_refit,0.01,36,0.6797394595656501,0.6786497394328976,nan
1009,A1,full_refit,0.01,37,0.6771117111072852,0.676022863131048,nan
1009,A1,full_refit,0.01,38,0.674484250141296,0.6733962773653325,nan
1009,A1,full_refit,0.01,39,0.6718568799419434,0.6707697834456765,nan
1009,A1,full_refit,0.01,40,0.6692294216788599,0.6681432007756087,nan
1009,A1,full_refit,0.01,41,0.666601713334429,0.6655163657745374,nan
1009,A1,full_refit,0.01,42,0.6639736085711826,0.6628891307342167,nan
1009,A1,full_refit,0.01,43,0.6613449755817292,0.6602613626466846,nan
1009,A1,full_refit,0.01,44,0.6587156960152138,0.6576329421014219,nan
1009,A1,full_refit,0.01,45,0.6560856640825876,0.655003762355921,nan
1009,A1,full_refit,0.01,46,0.6534547858997749,0.652373728640801,nan
1009,A1,full_refit,0.01,47,0.6508229790494522,0.6497427576847106,nan
1009,A1,full_refit,0.01,48,0.6481901722651081,0.64711077736958,nan
1009,A1,full_refit,0.01,49,0.6455563051186093,0.6444777264036597,nan
1009,A1,full_refit,0.01,50,0.6429213276484007,0.6418435539517646,nan
1009,A2,full_refit,0.01,1,0.7663301880278269,0.7652173922855211,nan
1009,A2,full_refit,0.01,2,0.7635626460584948,0.7624505176177828,nan
1009,A2,full_refit,0.01,3,0.76080179817173,0.7596903029470198,nan
1009,A2,full_refit,0.01,4,0.7580477975014457,0.7569369026732143,nan
1009,A2,full_refit,0.01,5,0.7553007923189033,0.7541904669460289,nan
1009,A2,full_refit,0.01,6,0.7525609119509608,0.751451127061122,nan
1009,A2,full_refit,0.01,7,0.7498282645977955,0.7487189933537104,nan
1009,A2,full_refit,0.01,8,0.7471029353531257,0.7459941532586866,nan
1009,A2,full_refit,0.01,9,0.7443849840886962,0.7432766692193543,nan
1009,A2,full_refit,0.01,10,0.7416744431899474,0.7405665764363732,nan
1009,A2,full_refit,0.01,11,0.738971315234478,0.7378638805508594,nan
1009,A2,full_refit,0.01,12,0.7362755707840268,0.7351685554363239,nan
1009,A2,full_refit,0.01,13,0.7335871465263742,0.7324805413435962,nan
1009,A2,full_refit,0.01,14,0.730905944050492,0.7297997436927005,nan
1009,A2,full_refit,0.01,15,0.7282318295588943,0.7271260328210084,nan
1009,A2,full_refit,0.01,16,0.7255646347539612,0.7244592449082,nan
1009,A2,full_refit,0.01,17,0.7229041588466617,0.7217991839789296,nan
1009,A2,full_refit,0.01,18,0.7202501711515615,0.719145624392228,nan
1009,A2,full_refit,0.01,19,0.7176024134769631,0.7164983130156322,nan
1009,A2,full_refit,0.01,20,0.7149606018823018,0.7138569707088996,nan
1009,A2,full_refit,0.01,21,0.7123244280543655,0.7112212934445197,nan
1009,A2,full_refit,0.01,22,0.7096935609261394,0.7085909537383852,nan
1009,A2,full_refit,0.01,23,0.7070676490646202,0.7059656029300989,nan
1009,A2,full_refit,0.01,24,0.7044463240484815,0.7033448745262231,nan
1009,A2,full_refit,0.01,25,0.7018292047803636,0.700728388537231,nan
1009,A2,full_refit,0.01,26,0.6992159024988621,0.698115756558144,nan
1009,A2,full_refit,0.01,27,0.6966060261574805,0.6955065872448882,nan
1009,A2,full_refit,0.01,28,0.6939991878022005,0.692900491803284,nan
1009,A2,full_refit,0.01,29,0.6913950075965689,0.6902970891265034,nan
1009,A2,full_refit,0.01,30,0.6887931182055494,0.6876960102821138,nan
1009,A2,full_refit,0.01,31,0.6861931683432985,0.6850969021474291,nan
1009,A2,full_refit,0.01,32,0.683594825396511,0.6824994301021575,nan
1009,A2,full_refit,0.01,33,0.6809977771344186,0.6799032797899986,nan
1009,A2,full_refit,0.01,34,0.6784017325943564,0.6773081580409466,nan
1009,A2,full_refit,0.01,35,0.6758064222813432,0.6747137930966732,nan
1009,A2,full_refit,0.01,36,0.673211597841988,0.6721199343032584,nan
1009,A2,full_refit,0.01,37,0.6706170313726545,0.6695263514343808,nan
1009,A2,full_refit,0.01,38,0.668022514506254,0.6669328337914036,nan
1009,A2,full_refit,0.01,39,0.6654278573979572,0.664339189201618,nan
1009,A2,full_refit,0.01,40,0.6628328877026434,0.661745243007659,nan
1009,A2,full_refit,0.01,41,0.6602374496095225,0.6591508371133357,nan
1009,A2,full_refit,0.01,42,0.6576414029742444,0.6565558291259351,nan
1009,A2,full_refit,0.01,43,0.655044622567129,0.6539600916135039,nan
1009,A2,full_refit,0.01,44,0.6524469974386049,0.6513635114782326,nan
1009,A2,full_refit,0.01,45,0.6498484303898588,0.6487659894341113,nan
1009,A2,full_refit,0.01,46,0.6472488375282743,0.6461674395686373,nan
1009,A2,full_refit,0.01,47,0.6446481478833759,0.6435677889644689,nan
1009,A2,full_refit,0.01,48,0.64204630305937,0.6409669773572106,nan
1009,A2,full_refit,0.01,49,0.6394432569040391,0.6383649568090937,nan
1009,A2,full_refit,0.01,50,0.6368389751795231,0.6357616913840112,nan
1010,A1,full_refit,0.01,1,0.6701355146700142,0.6689562014435364,nan
1010,A1,full_refit,0.01,2,0.6676028216754659,0.6664245114650631,nan
1010,A1,full_refit,0.01,3,0.6650820436617572,0.6639047045396917,nan
1010,A1,full_refit,0.01,4,0.6625728382167767,0.6613964412458564,nan
1010,A1,full_refit,0.01,5,0.6600752929679049,0.6588998094090655,nan
1010,A1,full_refit,0.01,6,0.6575894906955743,0.6564148945993871,nan
1010,A1,full_refit,0.01,7,0.6551154895945249,0.653941759273492,nan
1010,A1,full_refit,0.01,8,0.6526533161275404,0.6514804352378959,nan
1010,A1,full_refit,0.01,9,0.6502029614779387,0.6490309192356699,nan
1010,A1,full_refit,0.01,10,0.6477643815304213,0.6465931715870794,nan
1010,A1,full_refit,0.01,11,0.6453374994741371,0.6441671180282843,nan
1010,A1,full_refit,0.01,12,0.6429222079066012,0.6417526522755814,nan
1010,A1,full_refit,0.01,13,0.6405183688517835,0.6393496369717906,nan
1010,A1,full_refit,0.01,14,0.6381258126812952,0.6369579031944508,nan
1010,A1,full_refit,0.01,15,0.635744337202893,0.634577249717482,nan
1010,A1,full_refit,0.01,16,0.6333737075783118,0.632207442882557,nan
1010,A1,full_refit,0.01,17,0.6310136574060969,0.6298482175466982,nan
1010,A1,full_refit,0.01,18,0.6286638911430956,0.6274992793388948,nan
1010,A1,full_refit,0.01,19,0.6263240878756503,0.6251603082691717,nan
1010,A1,full_refit,0.01,20,0.6239939062636957,0.6228309635385388,nan
1010,A1,full_refit,0.01,21,0.6216729902889053,0.620510889201394,nan
1010,A1,full_refit,0.01,22,0.6193609752831695,0.6181997201689277,nan
1010,A1,full_refit,0.01,23,0.6170574936461614,0.6158970879633303,nan
1010,A1,full_refit,0.01,24,0.6147621797145848,0.6136026256752347,nan
1010,A1,full_refit,0.01,25,0.6124746734144347,0.6113159717377247,nan
1010,A1,full_refit,0.01,26,0.6101946225612468,0.6090367723610791,nan
1010,A1,full_refit,0.01,27,0.6079216839006427,0.6067646827016235,nan
1010,A1,full_refit,0.01,28,0.6056555231435194,0.6044993670050136,nan
1010,A1,full_refit,0.01,29,0.6033958143222112,0.6022404980423249,nan
1010,A1,full_refit,0.01,30,0.6011422387853071,0.5999877561543699,nan
1010,A1,full_refit,0.01,31,0.5988944840883756,0.5977408281635348,nan
1010,A1,full_refit,0.01,32,0.5966522429574553,0.5954994063346413,nan
1010,A1,full_refit,0.01,33,0.5944152124268607,0.5932631874921688,nan
1010,A1,full_refit,0.01,34,0.5921830931965577,0.5910318723450562,nan
1010,A1,full_refit,0.01,35,0.5899555892199132,0.5888051650353489,nan
1010,A1,full_refit,0.01,36,0.587732407514906,0.5865827729082426,nan
1010,A1,full_refit,0.01,37,0.5855132581836244,0.5843644064914598,nan
1010,A1,full_refit,0.01,38,0.5832978546206683,0.5821497796663005,nan
1010,A1,full_refit,0.01,39,0.5810859138886146,0.5799386100090941,nan
1010,A1,full_refit,0.01,40,0.578877157237304,0.5777306192796448,nan
1010,A1,full_refit,0.01,41,0.5766713107429603,0.5755255340322565,nan
1010,A1,full_refit,0.01,42,0.5744681060422698,0.5733230863241675,nan
1010,A1,full_refit,0.01,43,0.5722672811346331,0.5711230144947447,nan
1010,A1,full_refit,0.01,44,0.5700685812225644,0.568925063986101,nan
1010,A1,full_refit,0.01,45,0.5678717595564798,0.566728988172514,nan
1010,A1,full_refit,0.01,46,0.5656765782477613,0.5645345491638202,nan
1010,A1,full_refit,0.01,47,0.5634828090151953,0.5623415185488821,nan
1010,A1,full_refit,0.01,48,0.5612902338358086,0.5601496780505119,nan
1010,A1,full_refit,0.01,49,0.5590986454810916,0.55795882007241,nan
1010,A1,full_refit,0.01,50,0.556907847931384,0.5557687481298225,nan
1010,A2,full_refit,0.01,1,0.6629711718310399,0.6617918586045621,nan
1010,A2,full_refit,0.01,2,0.6604791370489399,0.6593007133177708,nan
1010,A2,full_refit,0.01,3,0.6580012011833007,0.6568236391306225,nan
1010,A2,full_refit,0.01,4,0.6555375251288994,0.6543608079700368,nan
1010,A2,full_refit,0.01,5,0.653088134830765,0.6519122454074595,nan
1010,A2,full_refit,0.01,6,0.6506528799510066,0.6494777915972568,nan
1010,A2,full_refit,0.01,7,0.648231367972676,0.6470570476343528,nan
1010,A2,full_refit,0.01,8,0.6458230246544017,0.6446494371171441,nan
1010,A2,full_refit,0.01,9,0.6434272901434148,0.64225440218757,nan
1010,A2,full_refit,0.01,10,0.6410437534517552,0.6398715368013719,nan
1010,A2,full_refit,0.01,11,0.6386721363009282,0.6375005688258325,nan
1010,A2,full_refit,0.01,12,0.6363122229728579,0.6351412887478796,nan
1010,A2,full_refit,0.01,13,0.6339638089086703,0.6327934977318754,nan
1010,A2,full_refit,0.01,14,0.6316266755094017,0.6304569821785774,nan
1010,A2,full_refit,0.01,15,0.6293005802765674,0.6281315038192377,nan
1010,A2,full_refit,0.01,16,0.6269852535770922,0.6258167965906241,nan
1010,A2,full_refit,0.01,17,0.6246803978496519,0.623512566009313,nan
1010,A2,full_refit,0.01,18,0.6223856881469731,0.6212184898291919,nan
1010,A2,full_refit,0.01,19,0.6201007741498257,0.6189342200715533,nan
1010,A2,full_refit,0.01,20,0.6178252838178125,0.6166593866143788,nan
1010,A2,full_refit,0.01,21,0.615558828446574,0.6143936021629075,nan
1010,A2,full_refit,0.01,22,0.613301008524774,0.6121364680466519,nan
1010,A2,full_refit,0.01,23,0.6110514195956219,0.6098875800795935,nan
1010,A2,full_refit,0.01,24,0.6088096573773772,0.607646533741502,nan
1010,A2,full_refit,0.01,25,0.6065753216443053,0.6054129281617148,nan
1010,A2,full_refit,0.01,26,0.6043480186993717,0.60318636870844,nan
1010,A2,full_refit,0.01,27,0.6021273625661057,0.6009664682892439,nan
1010,A2,full_refit,0.01,28,0.5999129752222067,0.5987528476752149,nan
1010,A2,full_refit,0.01,29,0.5977044862711567,0.596545135243582,nan
1010,A2,full_refit,0.01,30,0.5955015324113309,0.594342966500119,nan
1010,A2,full_refit,0.01,31,0.5933037569545544,0.5921459836358353,nan
1010,A2,full_refit,0.01,32,0.5911108095229399,0.5899538352495808,nan
1010,A2,full_refit,0.01,33,0.5889223459521243,0.587766176266327,nan
1010,A2,full_refit,0.01,34,0.5867380283621634,0.5855826680119726,nan
1010,A2,full_refit,0.01,35,0.5845575253306307,0.5834029783791557,nan
1010,A2,full_refit,0.01,36,0.5823805121158713,0.5812267820350459,nan
1010,A2,full_refit,0.01,37,0.5802066709108742,0.5790537606566714,nan
1010,A2,full_refit,0.01,38,0.5780356911329649,0.5768836032028437,nan
1010,A2,full_refit,0.01,39,0.5758672697622998,0.5747160062363929,nan
1010,A2,full_refit,0.01,40,0.5737011117395011,0.5725506743052339,nan
1010,A2,full_refit,0.01,41,0.5715369304270973,0.5703873203844083,nan
1010,A2,full_refit,0.01,42,0.5693744481316824,0.5682256663747702,nan
1010,A2,full_refit,0.01,43,0.5672133966715227,0.5660654436444691,nan
1010,A2,full_refit,0.01,44,0.565053517958503,0.5639063935863513,nan
1010,A2,full_refit,0.01,45,0.5628945645511837,0.5617482681535901,nan
1010,A2,full_refit,0.01,46,0.5607363001370781,0.5595908303360504,nan
1010,A2,full_refit,0.01,47,0.5585784999200671,0.5574338545548347,nan
1010,A2,full_refit,0.01,48,0.5564209509154266,0.5552771269762179,nan
1010,A2,full_refit,0.01,49,0.5542634521774685,0.5531204457672076,nan
1010,A2,full_refit,0.01,50,0.5521058149938758,0.5509636213236005,nan
1011,A1,full_refit,0.01,1,0.7214726427154657,0.7203254729543445,nan
1011,A1,full_refit,0.01,2,0.718991758367302,0.7178449411482679,nan
1011,A1,full_refit,0.01,3,0.7165273236943042,0.7153808813180867,nan
1011,A1,full_refit,0.01,4,0.7140794626370927,0.7129334001075633,nan
1011,A1,full_refit,0.01,5,0.7116481730628647,0.7105025010033729,nan
1011,A1,full_refit,0.01,6,0.7092333024986373,0.7080880188318982,nan
1011,A1,full_refit,0.01,7,0.7068345048724242,0.7056895994034642,nan
1011,A1,full_refit,0.01,8,0.7044513092862468,0.7033067689492867,nan
1011,A1,full_refit,0.01,9,0.7020832603809382,0.700939073010767,nan
1011,A1,full_refit,0.01,10,0.6997299636264849,0.6985861208341926,nan
1011,A1,full_refit,0.01,11,0.6973910449372523,0.6962475429478984,nan
1011,A1,full_refit,0.01,12,0.6950661120674501,0.693922950629879,nan
1011,A1,full_refit,0.01,13,0.692754746963765,0.6916119275805112,nan
1011,A1,full_refit,0.01,14,0.6904565201800331,0.6893140447626043,nan
1011,A1,full_refit,0.01,15,0.6881710119434837,0.6870288822827109,nan
1011,A1,full_refit,0.01,16,0.6858978285010332,0.684756046319226,nan
1011,A1,full_refit,0.01,17,0.6836366088008281,0.6824951759979164,nan
1011,A1,full_refit,0.01,18,0.6813870224557647,0.6802459413159349,nan
1011,A1,full_refit,0.01,19,0.6791487627641745,0.678008036072554,nan
1011,A1,full_refit,0.01,20,0.6769215383265569,0.6757811694351338,nan
1011,A1,full_refit,0.01,21,0.6747050653511188,0.6735650582402544,nan
1011,A1,full_refit,0.01,22,0.6724990614904786,0.6713594208472795,nan
1011,A1,full_refit,0.01,23,0.6703032413396485,0.669163972652251,nan
1011,A1,full_refit,0.01,24,0.6681173134072851,0.666978423064645,nan
1011,A1,full_refit,0.01,25,0.66594097827064,0.6648024736563531,nan
1011,A1,full_refit,0.01,26,0.6637739276319534,0.6626358172010611,nan
1011,A1,full_refit,0.01,27,0.6616158440485976,0.6604781373750358,nan
1011,A1,full_refit,0.01,28,0.6594664011671425,0.6583291089490033,nan
1011,A1,full_refit,0.01,29,0.6573252643204156,0.6561883983363698,nan
1011,A1,full_refit,0.01,30,0.6551920913494131,0.6540556643726425,nan
1011,A1,full_refit,0.01,31,0.6530665335308536,0.6519305592168353,nan
1011,A1,full_refit,0.01,32,0.6509482365469562,0.6498127293107526,nan
1011,A1,full_refit,0.01,33,0.6488368414933325,0.6477018163855545,nan
1011,A1,full_refit,0.01,34,0.6467319859534142,0.6455974585404595,nan
1011,A1,full_refit,0.01,35,0.6446333051745003,0.6434992914291832,nan
1011,A1,full_refit,0.01,36,0.642540433357965,0.6414069495650822,nan
1011,A1,full_refit,0.01,37,0.6404530050197973,0.6393200676938201,nan
1011,A1,full_refit,0.01,38,0.6383706563310619,0.6372382821368175,nan
1011,A1,full_refit,0.01,39,0.6362930263653935,0.6351612320354232,nan
1011,A1,full_refit,0.01,40,0.6342197582356994,0.6330885604856274,nan
1011,A1,full_refit,0.01,41,0.6321505001362512,0.631019915582093,nan
1011,A1,full_refit,0.01,42,0.6300849063155776,0.6289549513912869,nan
1011,A1,full_refit,0.01,43,0.6280226380071449,0.6268933288718758,nan
1011,A1,full_refit,0.01,44,0.6259633643236827,0.6248347167469332,nan
1011,A1,full_refit,0.01,45,0.6239067630618749,0.6227787922882797,nan
1011,A1,full_refit,0.01,46,0.6218525213211827,0.6207252419355688,nan
1011,A1,full_refit,0.01,47,0.6198003358873251,0.6186737617072818,nan
1011,A1,full_refit,0.01,48,0.6177499134334374,0.6166240574502346,nan
1011,A1,full_refit,0.01,49,0.6157009706468092,0.6145758450253338,nan
1011,A1,full_refit,0.01,50,0.6136532343430754,0.6125288504775864,nan
1011,A2,full_refit,0.01,1,0.7265561459139898,0.7254089761528685,nan
1011,A2,full_refit,0.01,2,0.7240841795668516,0.7229375236388786,nan
1011,A2,full_refit,0.01,3,0.7216283183666109,0.7204821804846507,nan
1011,A2,full_refit,0.01,4,0.7191886372030611,0.7180430365358381,nan
1011,A2,full_refit,0.01,5,0.716765164718013,0.7156200858188142,nan
1011,A2,full_refit,0.01,6,0.7143577972559129,0.7132132126831208,nan
1011,A2,full_refit,0.01,7,0.7119662494265312,0.7108221273422224,nan
1011,A2,full_refit,0.01,8,0.709590135086648,0.7084464420196255,nan
1011,A2,full_refit,0.01,9,0.7072291053772977,0.7060858090273527,nan
1011,A2,full_refit,0.01,10,0.7048829015333472,0.7037399731600786,nan
1011,A2,full_refit,0.01,11,0.7025513229848179,0.7014087385743402,nan
1011,A2,full_refit,0.01,12,0.7002341837040776,0.699091924355699,nan
1011,A2,full_refit,0.01,13,0.6979312833853073,0.6967893353991099,nan
1011,A2,full_refit,0.01,14,0.6956423918500266,0.6945007466899785,nan
1011,A2,full_refit,0.01,15,0.6933672421643234,0.6922258962727731,nan
1011,A2,full_refit,0.01,16,0.6911055294991612,0.6899644838721495,nan
1011,A2,full_refit,0.01,17,0.6888569138336343,0.6877161733181159,nan
1011,A2,full_refit,0.01,18,0.6866210251484322,0.6854805975300818,nan
1011,A2,full_refit,0.01,19,0.6843974700596074,0.6832573650901367,nan
1011,A2,full_refit,0.01,20,0.682185839034441,0.6810460675570533,nan
1011,A2,full_refit,0.01,21,0.6799857134577751,0.6788462867398203,nan
1011,A2,full_refit,0.01,22,0.6777966719197556,0.6766576012302361,nan
1011,A2,full_refit,0.01,23,0.6756182952263589,0.674479591636338,nan
1011,A2,full_refit,0.01,24,0.6734501698256236,0.672311844177495,nan
1011,A2,full_refit,0.01,25,0.6712918895861957,0.6701539525716023,nan
1011,A2,full_refit,0.01,26,0.6691430561097015,0.6680055184052928,nan
1011,A2,full_refit,0.01,27,0.6670032779400908,0.6658661503649287,nan
1011,A2,full_refit,0.01,28,0.6648721691120946,0.6637354627839356,nan
1011,A2,full_refit,0.01,29,0.6627493474603503,0.6616130739377962,nan
1011,A2,full_refit,0.01,30,0.6606344330243394,0.6594986044278935,nan
1011,A2,full_refit,0.01,31,0.6585270467726057,0.6573916758809143,nan
1011,A2,full_refit,0.01,32,0.656426809763291,0.655291910082348,nan
1011,A2,full_refit,0.01,33,0.6543333427723965,0.6531989285761186,nan
1011,A2,full_refit,0.01,34,0.6522462663605286,0.651112352701466,nan
1011,A2,full_refit,0.01,35,0.6501652013113306,0.6490318040007125,nan
1011,A2,full_refit,0.01,36,0.6480897693563106,0.6469569049133224,nan
1011,A2,full_refit,0.01,37,0.6460195940968162,0.6448872796679916,nan
1011,A2,full_refit,0.01,38,0.64395430203981,0.6428225552906779,nan
1011,A2,full_refit,0.01,39,0.6418935236753096,0.6407623626578453,nan
1011,A2,full_refit,0.01,40,0.639836894536087,0.6387063375369474,nan
1011,A2,full_refit,0.01,41,0.6377840561920588,0.6366541215678391,nan
1011,A2,full_refit,0.01,42,0.6357346571420978,0.6346053631487234,nan
1011,A2,full_refit,0.01,43,0.6336883535752206,0.6325597181988963,nan
1011,A2,full_refit,0.01,44,0.6316448099822618,0.6305168507790125,nan
1011,A2,full_refit,0.01,45,0.6296036996087937,0.6284764335585472,nan
1011,A2,full_refit,0.01,46,0.6275647047500829,0.6264381481296073,nan
1011,A2,full_refit,0.01,47,0.6255275168985767,0.624401685175657,nan
1011,A2,full_refit,0.01,48,0.6234918367627859,0.6223667445121165,nan
1011,A2,full_refit,0.01,49,0.6214573741827172,0.6203330350223925,nan
1011,A2,full_refit,0.01,50,0.6194238479709449,0.6183002745172922,nan
1012,A1,full_refit,0.01,1,0.72300447991584,0.7218756754908721,nan
1012,A1,full_refit,0.01,2,0.7206023571192567,0.7194749625637515,nan
1012,A1,full_refit,0.01,3,0.7182048851252897,0.717078886353023,nan
1012,A1,full_refit,0.01,4,0.7158121932552727,0.7146875556512293,nan
1012,A1,full_refit,0.01,5,0.7134243957458904,0.7123010822901378,nan
1012,A1,full_refit,0.01,6,0.7110415809432965,0.7099195528126301,nan
1012,A1,full_refit,0.01,7,0.7086638088176415,0.707543025313838,nan
1012,A1,full_refit,0.01,8,0.7062911099586854,0.7051715285967455,nan
1012,A1,full_refit,0.01,9,0.703923485408361,0.7028050623015525,nan
1012,A1,full_refit,0.01,10,0.7015609050326358,0.700443595458587,nan
1012,A1,full_refit,0.01,11,0.6992033038822045,0.698087062830633,nan
1012,A1,full_refit,0.01,12,0.6968505783368026,0.6957353609199751,nan
1012,A1,full_refit,0.01,13,0.6945025836252512,0.6933883453586783,nan
1012,A1,full_refit,0.01,14,0.6921591333152235,0.6910458303424019,nan
1012,A1,full_refit,0.01,15,0.6898200010367507,0.6887075903599956,nan
1012,A1,full_refit,0.01,16,0.687484924851235,0.6863733645729483,nan
1012,A1,full_refit,0.01,17,0.6851536146529229,0.6840428641794264,nan
1012,A1,full_refit,0.01,18,0.6828257623953049,0.6817157825453628,nan
1012,A1,full_refit,0.01,19,0.6805010539539578,0.6793918069508323,nan
1012,A1,full_refit,0.01,20,0.678179180664869,0.6770706300516414,nan
1012,A1,full_refit,0.01,21,0.675859848527895,0.6747519590851738,nan
1012,A1,full_refit,0.01,22,0.6735427837932177,0.6724355215213466,nan
1012,A1,full_refit,0.01,23,0.6712277347492204,0.6701210669222105,nan
1012,A1,full_refit,0.01,24,0.6689144704656328,0.6678083657243266,nan
1012,A1,full_refit,0.01,25,0.6666027776954134,0.6654972061475664,nan
1012,A1,full_refit,0.01,26,0.6642924571043901,0.663187390419525,nan
1012,A1,full_refit,0.01,27,0.6619833196743652,0.6608787311748191,nan
1012,A1,full_refit,0.01,28,0.6596751837295599,0.6585710484789422,nan
1012,A1,full_refit,0.01,29,0.657367872717929,0.656264167600746,nan
1012,A1,full_refit,0.01,30,0.6550612137015445,0.6539579174806587,nan
1012,A1,full_refit,0.01,31,0.6527550364570813,0.6516521297923028,nan
1012,A1,full_refit,0.01,32,0.6504491730964145,0.6493466385078704,nan
1012,A1,full_refit,0.01,33,0.6481434581330452,0.6470412798965235,nan
1012,A1,full_refit,0.01,34,0.6458377289199252,0.6447358928885247,nan
1012,A1,full_refit,0.01,35,0.6435318263702031,0.6424303197276179,nan
1012,A1,full_refit,0.01,36,0.6412255958547345,0.640124406818731,nan
1012,A1,full_refit,0.01,37,0.6389188881596237,0.6378180056657063,nan
1012,A1,full_refit,0.01,38,0.6366115603919559,0.6355109737919924,nan
1012,A1,full_refit,0.01,39,0.6343034767445895,0.6332031755506645,nan
1012,A1,full_refit,0.01,40,0.6319945090656279,0.6308944827572296,nan
1012,A1,full_refit,0.01,41,0.6296845372138719,0.6285847751116593,nan
1012,A1,full_refit,0.01,42,0.62737344920861,0.6262739404057408,nan
1012,A1,full_refit,0.01,43,0.6250611411975606,0.6239618745327865,nan
1012,A1,full_refit,0.01,44,0.6227475172734808,0.6216484813289236,nan
1012,A1,full_refit,0.01,45,0.6204324891724238,0.619333672281312,nan
1012,A1,full_refit,0.01,46,0.6181159758875139,0.6170173661410947,nan
1012,A1,full_refit,0.01,47,0.6157979032316344,0.6146994884784482,nan
1012,A1,full_refit,0.01,48,0.6134782033796795,0.6123799712136614,nan
1012,A1,full_refit,0.01,49,0.6111568144155807,0.6100587521518747,nan
1012,A1,full_refit,0.01,50,0.6088336799019229,0.6077357745410249,nan
1012,A2,full_refit,0.01,1,0.7213532054390643,0.7202244010140963,nan
1012,A2,full_refit,0.01,2,0.7189648349549482,0.7178371035569935,nan
1012,A2,full_refit,0.01,3,0.7165812533896503,0.7154546185653662,nan
1012,A2,full_refit,0.01,4,0.7142025131523041,0.7130769522948961,nan
1012,A2,full_refit,0.01,5,0.7118286955501717,0.7107041795586994,nan
1012,A2,full_refit,0.01,6,0.7094598849338103,0.7083363810921278,nan
1012,A2,full_refit,0.01,7,0.7070961461862474,0.7059736229151865,nan
1012,A2,full_refit,0.01,8,0.7047375214183889,0.7036159514376404,nan
1012,A2,full_refit,0.01,9,0.7023840291766035,0.7012633858580726,nan
1012,A2,full_refit,0.01,10,0.7000356634165331,0.698915914646043,nan
1012,A2,full_refit,0.01,11,0.6976923911771137,0.6965735008171978,nan
1012,A2,full_refit,0.01,12,0.6953541514024312,0.6942360830173673,nan
1012,A2,full_refit,0.01,13,0.6930208537588302,0.6919035730868812,nan
1012,A2,full_refit,0.01,14,0.6906923776278261,0.689575854163087,nan
1012,A2,full_refit,0.01,15,0.6883685726905227,0.6872527777557738,nan
1012,A2,full_refit,0.01,16,0.6860492608746444,0.6849341631588673,nan
1012,A2,full_refit,0.01,17,0.6837342382266182,0.6826198031797284,nan
1012,A2,full_refit,0.01,18,0.681423277467661,0.6803094701633148,nan
1012,A2,full_refit,0.01,19,0.6791161306628177,0.6780029186976189,nan
1012,A2,full_refit,0.01,20,0.6768125318306194,0.6756998864685464,nan
1012,A2,full_refit,0.01,21,0.6745122007012785,0.6734000944748965,nan
1012,A2,full_refit,0.01,22,0.6722148472665331,0.6711032506573719,nan
1012,A2,full_refit,0.01,23,0.6699201764823118,0.6688090582568713,nan
1012,A2,full_refit,0.01,24,0.6676278934350877,0.6665172235659788,nan
1012,A2,full_refit,0.01,25,0.6653377078290504,0.6642274598955263,nan
1012,A2,full_refit,0.01,26,0.6630493374825738,0.6619394881954307,nan
1012,A2,full_refit,0.01,27,0.6607625110185453,0.6596530369660982,nan
1012,A2,full_refit,0.01,28,0.6584769690883966,0.657367845370573,nan
1012,A2,full_refit,0.01,29,0.6561924647687783,0.6550836672111278,nan
1012,A2,full_refit,0.01,30,0.6539087633235384,0.6528002712628556,nan
1012,A2,full_refit,0.01,31,0.6516256413420309,0.6505174376821895,nan
1012,A2,full_refit,0.01,32,0.64934288594828,0.6482349540760648,nan
1012,A2,full_refit,0.01,33,0.6470602937747976,0.6459526160023331,nan
1012,A2,full_refit,0.01,34,0.6447776701172413,0.6436702298690524,nan
1012,A2,full_refit,0.01,35,0.6424948282945236,0.6413876127300578,nan
1012,A2,full_refit,0.01,36,0.640211589086737,0.6391045883466762,nan
1012,A2,full_refit,0.01,37,0.637927780519243,0.636820984512885,nan
1012,A2,full_refit,0.01,38,0.6356432376096979,0.6345366355644191,nan
1012,A2,full_refit,0.01,39,0.6333578024224344,0.6322513855902986,nan
1012,A2,full_refit,0.01,40,0.6310713241695325,0.6299650870423719,nan
1012,A2,full_refit,0.01,41,0.6287836595157343,0.6276775971153841,nan
1012,A2,full_refit,0.01,42,0.6264946729224358,0.6253887784752571,nan
1012,A2,full_refit,0.01,43,0.6242042370110178,0.6230985035956575,nan
1012,A2,full_refit,0.01,44,0.6219122329544303,0.6208066555587238,nan
1012,A2,full_refit,0.01,45,0.6196185507758747,0.6185131245254083,nan
1012,A2,full_refit,0.01,46,0.6173230895821482,0.6162178069940847,nan
1012,A2,full_refit,0.01,47,0.6150257575864758,0.6139206096927113,nan
1012,A2,full_refit,0.01,48,0.6127264720648276,0.6116214508548359,nan
1012,A2,full_refit,0.01,49,0.6104251591496641,0.6093202564133591,nan
1012,A2,full_refit,0.01,50,0.6081217535531319,0.6070169584408951,nan
1013,A1,full_refit,0.01,1,0.6057916731771037,0.604655261148809,nan
1013,A1,full_refit,0.01,2,0.6034689049631677,0.6023333155308845,nan
1013,A1,full_refit,0.01,3,0.601148715395181,0.6000139155278864,nan
1013,A1,full_refit,0.01,4,0.5988312336550586,0.5976971898605449,nan
1013,A1,full_refit,0.01,5,0.5965166197704981,0.595383299445048,nan
1013,A1,full_refit,0.01,6,0.5942050098945608,0.5930723819652206,nan
1013,A1,full_refit,0.01,7,0.5918965124879644,0.5907645479188341,nan
1013,A1,full_refit,0.01,8,0.5895912071550642,0.5884598791507685,nan
1013,A1,full_refit,0.01,9,0.5872891508811254,0.5861584344977359,nan
1013,A1,full_refit,0.01,10,0.5849903910937974,0.5838602623357916,nan
1013,A1,full_refit,0.01,11,0.5826949763385305,0.5815654112690526,nan
1013,A1,full_refit,0.01,12,0.5804029580927692,0.5792739323676445,nan
1013,A1,full_refit,0.01,13,0.5781143867190018,0.5769858755180486,nan
1013,A1,full_refit,0.01,14,0.575829307010583,0.5747012851381169,nan
1013,A1,full_refit,0.01,15,0.5735477558183969,0.572420197793085,nan
1013,A1,full_refit,0.01,16,0.5712697618189191,0.5701426418798278,nan
1013,A1,full_refit,0.01,17,0.5689953465896831,0.5678686386251129,nan
1013,A1,full_refit,0.01,18,0.5667245260298291,0.5655982034751208,nan
1013,A1,full_refit,0.01,19,0.5644573114213355,0.5633313471749937,nan
1013,A1,full_refit,0.01,20,0.5621937098660975,0.5610680762536558,nan
1013,A1,full_refit,0.01,21,0.5599337242040874,0.5588083929949067,nan
1013,A1,full_refit,0.01,22,0.5576773526707981,0.5565522951373622,nan
1013,A1,full_refit,0.01,23,0.555424588524629,0.5542997755291234,nan
1013,A1,full_refit,0.01,24,0.553175419780421,0.5520508218753777,nan
1013,A1,full_refit,0.01,25,0.550929829103063,0.5498054166370305,nan
1013,A1,full_refit,0.01,26,0.5486877938677979,0.547563537090744,nan
1013,A1,full_refit,0.01,27,0.5464492863744302,0.5453251555400982,nan
1013,A1,full_refit,0.01,28,0.5442142741980196,0.5430902396618515,nan
1013,A1,full_refit,0.01,29,0.5419827206592798,0.5408587529711807,nan
1013,A1,full_refit,0.01,30,0.5397545853988518,0.5386306553903295,nan
1013,A1,full_refit,0.01,31,0.537529825039013,0.5364059039043068,nan
1013,A1,full_refit,0.01,32,0.5353083939141277,0.5341844532849304,nan
1013,A1,full_refit,0.01,33,0.5330902448480616,0.5319662568613798,nan
1013,A1,full_refit,0.01,34,0.5308753299540814,0.529751267312658,nan
1013,A1,full_refit,0.01,35,0.5286636014316065,0.5275394374561619,nan
1013,A1,full_refit,0.01,36,0.5264550123352876,0.5253307210076492,nan
1013,A1,full_refit,0.01,37,0.5242495172953042,0.5231250732913673,nan
1013,A1,full_refit,0.01,38,0.522047073172808,0.5209224518843156,nan
1013,A1,full_refit,0.01,39,0.5198476396399568,0.5187228171844075,nan
1013,A1,full_refit,0.01,40,0.517651179678897,0.5165261328975306,nan
1013,A1,full_refit,0.01,41,0.515457659997712,0.5143323664424276,nan
1013,A1,full_refit,0.01,42,0.5132670513638397,0.5121414892748596,nan
1013,A1,full_refit,0.01,43,0.5110793288573702,0.5099534771342347,nan
1013,A1,full_refit,0.01,44,0.5088944720486251,0.5077683102174438,nan
1013,A1,full_refit,0.01,45,0.5067124651067312,0.5055859732864528,nan
1013,A1,full_refit,0.01,46,0.5045332968482857,0.5034064557181477,nan
1013,A1,full_refit,0.01,47,0.5023569607370736,0.5012297515065679,nan
1013,A1,full_refit,0.01,48,0.5001834548466374,0.49905585922849993,nan
1013,A1,full_refit,0.01,49,0.49801278179716635,0.4968847819832342,nan
1013,A1,full_refit,0.01,50,0.49584494867677326,0.4947165273161338,nan
1013,A2,full_refit,0.01,1,0.6030269832994783,0.6018905712711836,nan
1013,A2,full_refit,0.01,2,0.6007160104976308,0.5995806591303999,nan
1013,A2,full_refit,0.01,3,0.5984091280894775,0.5972747581985016,nan
1013,A2,full_refit,0.01,4,0.5961051754961595,0.59497172420099,nan
1013,A2,full_refit,0.01,5,0.5938040065829117,0.5926714311521798,nan
1013,A2,full_refit,0.01,6,0.5915056449491508,0.5903739075201218,nan
1013,A2,full_refit,0.01,7,0.5892101756568735,0.5880792398803701,nan
1013,A2,full_refit,0.01,8,0.5869176988508613,0.5857875290390886,nan
1013,A2,full_refit,0.01,9,0.584628312763975,0.5834988735967722,nan
1013,A2,full_refit,0.01,10,0.5823421094891384,0.5812133658746685,nan
1013,A2,full_refit,0.01,11,0.5800591737739627,0.5789310907652339,nan
1013,A2,full_refit,0.01,12,0.5777795825186299,0.5766521252549647,nan
1013,A2,full_refit,0.01,13,0.5755034044588957,0.5743765381208926,nan
1013,A2,full_refit,0.01,14,0.5732306999062362,0.5721043896799142,nan
1013,A2,full_refit,0.01,15,0.5709615205152013,0.5698357315642973,nan
1013,A2,full_refit,0.01,16,0.5686959090805531,0.5675706065277875,nan
1013,A2,full_refit,0.01,17,0.566433899382343,0.5653090483016397,nan
1013,A2,full_refit,0.01,18,0.5641755161067576,0.5630510815291025,nan
1013,A2,full_refit,0.01,19,0.5619207748761472,0.5607967218119356,nan
1013,A2,full_refit,0.01,20,0.5596696824222818,0.5585459759025169,nan
1013,A2,full_refit,0.01,21,0.5574222369312976,0.5562988420687391,nan
1013,A2,full_refit,0.01,22,0.5551784285766317,0.5540553106459973,nan
1013,A2,full_refit,0.01,23,0.5529382402389339,0.5518153647727614,nan
1013,A2,full_refit,0.01,24,0.5507016483928282,0.5495789812870967,nan
1013,A2,full_refit,0.01,25,0.5484686241237049,0.5473461317453898,nan
1013,A2,full_refit,0.01,26,0.5462391342269103,0.5451167835148557,nan
1013,A2,full_refit,0.01,27,0.5440131423379868,0.5428909008891122,nan
1013,A2,full_refit,0.01,28,0.5417906100447384,0.5406684461795852,nan
1013,A2,full_refit,0.01,29,0.5395714979374299,0.5384493807419662,nan
1013,A2,full_refit,0.01,30,0.537355766560319,0.5362336659041302,nan
1013,A2,full_refit,0.01,31,0.5351433772354225,0.5340212637692706,nan
1013,A2,full_refit,0.01,32,0.5329342927384373,0.5318121378761722,nan
1013,A2,full_refit,0.01,33,0.5307284778175543,0.5296062537082706,nan
1013,A2,full_refit,0.01,34,0.5285258995579856,0.5274035790541758,nan
1013,A2,full_refit,0.01,35,0.5263265276066545,0.5252040842331644,nan
1013,A2,full_refit,0.01,36,0.524130334280576,0.5230077422077838,nan
1013,A2,full_refit,0.01,37,0.5219372945874641,0.5208145286106176,nan
1013,A2,full_refit,0.01,38,0.5197473861876647,0.5186244217130073,nan
1013,A2,full_refit,0.01,39,0.5175605893234537,0.5164374023607653,nan
1013,A2,full_refit,0.01,40,0.5153768867364533,0.5142534538969927,nan
1013,A2,full_refit,0.01,41,0.5131962635879551,0.5120725620864471,nan
1013,A2,full_refit,0.01,42,0.5110187073913992,0.5098947150506172,nan
1013,A2,full_refit,0.01,43,0.508844207961829,0.5077199032183777,nan
1013,A2,full_refit,0.01,44,0.5066727573839868,0.5055481192940413,nan
1013,A2,full_refit,0.01,45,0.5045043499987616,0.503379358242704,nan
1013,A2,full_refit,0.01,46,0.5023389824066452,0.5012136172917357,nan
1013,A2,full_refit,0.01,47,0.5001766534864401,0.4990508959468497,nan
1013,A2,full_refit,0.01,48,0.49801736442742983,0.49689119602112414,nan
1013,A2,full_refit,0.01,49,0.49586111877335126,0.494734521675474,nan
1013,A2,full_refit,0.01,50,0.49370792247672696,0.4925808794692562,nan
1014,A1,full_refit,0.01,1,0.867573649831661,0.8663405389353305,nan
1014,A1,full_refit,0.01,2,0.8641931170047749,0.8629603389686781,nan
1014,A1,full_refit,0.01,3,0.8608208991985585,0.8595884309584272,nan
1014,A1,full_refit,0.01,4,0.8574572274818348,0.8562250446621611,nan
1014,A1,full_refit,0.01,5,0.8541021739204658,0.852870266408379,nan
1014,A1,full_refit,0.01,6,0.850755789708938,0.8495241510689719,nan
1014,A1,full_refit,0.01,7,0.8474182142654673,0.8461868494919575,nan
1014,A1,full_refit,0.01,8,0.8440896133876391,0.8428585304441514,nan
1014,A1,full_refit,0.01,9,0.8407701424298187,0.8395393336632445,nan
1014,A1,full_refit,0.01,10,0.8374599384979347,0.8362293874097695,nan
1014,A1,full_refit,0.01,11,0.8341591229009734,0.832928810046809,nan
1014,A1,full_refit,0.01,12,0.8308678062140812,0.8296377115045556,nan
1014,A1,full_refit,0.01,13,0.8275860917055232,0.8263561951813605,nan
1014,A1,full_refit,0.01,14,0.8243140759768308,0.8230843580996504,nan
1014,A1,full_refit,0.01,15,0.8210518474469514,0.8198222892975514,nan
1014,A1,full_refit,0.01,16,0.8177994839532697,0.816570067436055,nan
1014,A1,full_refit,0.01,17,0.8145570504489991,0.8133277584929587,nan
1014,A1,full_refit,0.01,18,0.8113245971887479,0.8100954139132699,nan
1014,A1,full_refit,0.01,19,0.8081021584105699,0.8068730692327732,nan
1014,A1,full_refit,0.01,20,0.8048897513982984,0.8036607430740144,nan
1014,A1,full_refit,0.01,21,0.8016873758192733,0.8004584364249835,nan
1014,A1,full_refit,0.01,22,0.7984950132844295,0.7972661321591952,nan
1014,A1,full_refit,0.01,23,0.7953126271299362,0.7940837948020661,nan
1014,A1,full_refit,0.01,24,0.7921401624585609,0.790911370580622,nan
1014,A1,full_refit,0.01,25,0.7889775464981571,0.7877487878075625,nan
1014,A1,full_refit,0.01,26,0.7858246893295564,0.7845959576434705,nan
1014,A1,full_refit,0.01,27,0.7826814850061662,0.7814527752515145,nan
1014,A1,full_refit,0.01,28,0.779547813039433,0.7783191213126603,nan
1014,A1,full_refit,0.01,29,0.776423540172087,0.7751948638189751,nan
1014,A1,full_refit,0.01,30,0.773308522322173,0.7720798600249426,nan
1014,A1,full_refit,0.01,31,0.7702026065685518,0.7689739584251666,nan
1014,A1,full_refit,0.01,32,0.7671056330654149,0.7658770006444261,nan
1014,A1,full_refit,0.01,33,0.7640174368100807,0.7627888231641076,nan
1014,A1,full_refit,0.01,34,0.7609378492285787,0.7597092588517051,nan
1014,A1,full_refit,0.01,35,0.7578666995717027,0.7566381382917964,nan
1014,A1,full_refit,0.01,36,0.7548038161222673,0.7535752909286494,nan
1014,A1,full_refit,0.01,37,0.751749027205531,0.7505205460238623,nan
1014,A1,full_refit,0.01,38,0.7487021619823434,0.7474737334186015,nan
1014,A1,full_refit,0.01,39,0.7456630510039317,0.7444346840842657,nan
1014,A1,full_refit,0.01,40,0.7426315265253915,0.7414032304567417,nan
1014,A1,full_refit,0.01,41,0.7396074226054709,0.7383792065744091,nan
1014,A1,full_refit,0.01,42,0.7365905750486516,0.7353624480663109,nan
1014,A1,full_refit,0.01,43,0.7335808212600622,0.7323527920525961,nan
1014,A1,full_refit,0.01,44,0.7305780000817096,0.7293500770202703,nan
1014,A1,full_refit,0.01,45,0.7275819516649609,0.7263541427267625,nan
1014,A1,full_refit,0.01,46,0.7245925174165544,0.7233648301682908,nan
1014,A1,full_refit,0.01,47,0.7216095400391916,0.7203819816348696,nan
1014,A1,full_refit,0.01,48,0.7186328636753649,0.7174054408617668,nan
1014,A1,full_refit,0.01,49,0.7156623341546315,0.7144350532788061,nan
1014,A1,full_refit,0.01,50,0.7126977993389915,0.7114706663533127,nan
1014,A2,full_refit,0.01,1,0.8645462816088235,0.863313170712493,nan
1014,A2,full_refit,0.01,2,0.8611984123988545,0.85996561324715,nan
1014,A2,full_refit,0.01,3,0.8578588364222496,0.8566264092229869,nan
1014,A2,full_refit,0.01,4,0.8545278713744769,0.8532957863910965,nan
1014,A2,full_refit,0.01,5,0.8512058017072005,0.8499740257209506,nan
1014,A2,full_refit,0.01,6,0.847892880500077,0.8466613786965506,nan
1014,A2,full_refit,0.01,7,0.8445893220176461,0.8433580582441476,nan
1014,A2,full_refit,0.01,8,0.84129529880253,0.8400642358662416,nan
1014,A2,full_refit,0.01,9,0.8380109506076341,0.8367800511722764,nan
1014,A2,full_refit,0.01,10,0.8347364007140361,0.8335056285856633,nan
1014,A2,full_refit,0.01,11,0.831471764735348,0.830241085900675,nan
1014,A2,full_refit,0.01,12,0.8282171482593051,0.8269865313969581,nan
1014,A2,full_refit,0.01,13,0.8249726425953928,0.8237420592160213,nan
1014,A2,full_refit,0.01,14,0.8217383251880347,0.8205077496369225,nan
1014,A2,full_refit,0.01,15,0.8185142632449617,0.8172836727250158,nan
1014,A2,full_refit,0.01,16,0.8153005160918275,0.8140698907847362,nan
1014,A2,full_refit,0.01,17,0.8120971343002469,0.810866457597062,nan
1014,A2,full_refit,0.01,18,0.8089041567462756,0.8076734155575186,nan
1014,A2,full_refit,0.01,19,0.805721607368065,0.804490792466376,nan
1014,A2,full_refit,0.01,20,0.8025494925608152,0.8013185988957346,nan
1014,A2,full_refit,0.01,21,0.7993877994438806,0.7981568263465648,nan
1014,A2,full_refit,0.01,22,0.79623649500296,0.7950054461813124,nan
1014,A2,full_refit,0.01,23,0.793095526087993,0.7918644093334786,nan
1014,A2,full_refit,0.01,24,0.789964820179675,0.7887336467893709,nan
1014,A2,full_refit,0.01,25,0.786844286681111,0.7856130707094556,nan
1014,A2,full_refit,0.01,26,0.7837338184016418,0.7825025759139348,nan
1014,A2,full_refit,0.01,27,0.780633293002423,0.7794020414619176,nan
1014,A2,full_refit,0.01,28,0.7775425743735326,0.7763113322003989,nan
1014,A2,full_refit,0.01,29,0.7744615140321988,0.7732303002990993,nan
1014,A2,full_refit,0.01,30,0.7713899526223171,0.7701587868273368,nan
1014,A2,full_refit,0.01,31,0.7683277215250512,0.7670966233937427,nan
1014,A2,full_refit,0.01,32,0.7652746445279799,0.7640436338186043,nan
1014,A2,full_refit,0.01,33,0.7622305394705274,0.7609996357761128,nan
1014,A2,full_refit,0.01,34,0.7591952197827257,0.7579644423359219,nan
1014,A2,full_refit,0.01,35,0.7561684958520748,0.7549378633441679,nan
1014,A2,full_refit,0.01,36,0.7531501761800854,0.7519197066055643,nan
1014,A2,full_refit,0.01,37,0.7501400683190189,0.7489097788536693,nan
1014,A2,full_refit,0.01,38,0.7471379796050422,0.7459078865205983,nan
1014,A2,full_refit,0.01,39,0.7441437177225985,0.7429138363361449,nan
1014,A2,full_refit,0.01,40,0.7411570911443744,0.7399274357970844,nan
1014,A2,full_refit,0.01,41,0.7381779094921668,0.7369484935500459,nan
1014,A2,full_refit,0.01,42,0.7352059838583057,0.7339768197272866,nan
1014,A2,full_refit,0.01,43,0.7322411271178828,0.7310122262664458,nan
1014,A2,full_refit,0.01,44,0.7292831542514333,0.7280545272354025,nan
1014,A2,full_refit,0.01,45,0.726331882687818,0.7251035391736496,nan
1014,A2,full_refit,0.01,46,0.7233871326689665,0.7221590814534037,nan
1014,A2,full_refit,0.01,47,0.7204487276323214,0.7192209766575594,nan
1014,A2,full_refit,0.01,48,0.7175164946033419,0.7162890509677569,nan
1014,A2,full_refit,0.01,49,0.7145902645889495,0.7133631345540195,nan
1014,A2,full_refit,0.01,50,0.711669872962924,0.7104430619572426,nan
1015,A1,full_refit,0.01,1,0.6928989661608023,0.6917231033009373,nan
1015,A1,full_refit,0.01,2,0.6905658164173523,0.6893915085146402,nan
1015,A1,full_refit,0.01,3,0.6882349428688603,0.6870621581320061,nan
1015,A1,full_refit,0.01,4,0.685906527803687,0.6847352400232597,nan
1015,A1,full_refit,0.01,5,0.6835806889202926,0.6824108830241463,nan
1015,A1,full_refit,0.01,6,0.6812574796731026,0.6800891513655689,nan
1015,A1,full_refit,0.01,7,0.6789369424126839,0.6777700896979484,nan
1015,A1,full_refit,0.01,8,0.676619137144141,0.6754537549548746,nan
1015,A1,full_refit,0.01,9,0.6743041278229701,0.6731402074394968,nan
1015,A1,full_refit,0.01,10,0.67199196989802,0.6708294996996631,nan
1015,A1,full_refit,0.01,11,0.6696827042151938,0.6685216709411135,nan
1015,A1,full_refit,0.01,12,0.6673763543130087,0.6662167442448793,nan
1015,A1,full_refit,0.01,13,0.6650729261806403,0.6639147259175054,nan
1015,A1,full_refit,0.01,14,0.6627724093785075,0.661615606226325,nan
1015,A1,full_refit,0.01,15,0.6604747783700201,0.6593193604835935,nan
1015,A1,full_refit,0.01,16,0.6581799934910484,0.6570259498780743,nan
1015,A1,full_refit,0.01,17,0.655888001709534,0.6547353221473108,nan
1015,A1,full_refit,0.01,18,0.6535987375867474,0.6524474124719336,nan
1015,A1,full_refit,0.01,19,0.6513121246309929,0.650162144785327,nan
1015,A1,full_refit,0.01,20,0.6490280769428514,0.6478794334067987,nan
1015,A1,full_refit,0.01,21,0.6467465009514809,0.645599184794838,nan
1015,A1,full_refit,0.01,22,0.6444672971019928,0.6433212992667383,nan
1015,A1,full_refit,0.01,23,0.6421903614403347,0.6410456726164852,nan
1015,A1,full_refit,0.01,24,0.6399155870870609,0.6387721976135506,nan
1015,A1,full_refit,0.01,25,0.6376428656039028,0.6365007653842585,nan
1015,A1,full_refit,0.01,26,0.6353720882600906,0.634231266685079,nan
1015,A1,full_refit,0.01,27,0.6331031472020233,0.631963593076533,nan
1015,A1,full_refit,0.01,28,0.6308359365137033,0.62969763799077,nan
1015,A1,full_refit,0.01,29,0.628570353131085,0.6274332976596856,nan
1015,A1,full_refit,0.01,30,0.626306297559968,0.6251704718532058,nan
1015,A1,full_refit,0.01,31,0.6240436743601192,0.6229090643870826,nan
1015,A1,full_refit,0.01,32,0.621782392393988,0.620648983394311,nan
1015,A1,full_refit,0.01,33,0.6195223648764195,0.6183901413938582,nan
1015,A1,full_refit,0.01,34,0.6172635092837598,0.6161324552146198,nan
1015,A1,full_refit,0.01,35,0.6150057471826721,0.613875845835646,nan
1015,A1,full_refit,0.01,36,0.6127490040280249,0.6116202381926188,nan
1015,A1,full_refit,0.01,37,0.6104932089642943,0.6093655609850174,nan
1015,A1,full_refit,0.01,38,0.6082382946511776,0.6071117465043369,nan
1015,A1,full_refit,0.01,39,0.6059841971232514,0.604858730493061,nan
1015,A1,full_refit,0.01,40,0.6037308556858162,0.6026064520368811,nan
1015,A1,full_refit,0.01,41,0.601478212844422,0.6003548534884344,nan
1015,A1,full_refit,0.01,42,0.5992262142635614,0.5981038804190497,nan
1015,A1,full_refit,0.01,43,0.596974808749908,0.5958534815948611,nan
1015,A1,full_refit,0.01,44,0.5947239482564046,0.5936036089744003,nan
1015,A1,full_refit,0.01,45,0.5924735879047058,0.5913542177257309,nan
1015,A1,full_refit,0.01,46,0.5902236860244604,0.5891052662618815,nan
1015,A1,full_refit,0.01,47,0.5879742042084626,0.586856716293618,nan
1015,A1,full_refit,0.01,48,0.5857251073828448,0.5846085328984811,nan
1015,A1,full_refit,0.01,49,0.5834763638913171,0.5823606846046567,nan
1015,A1,full_refit,0.01,50,0.5812279455922804,0.5801131434879074,nan
1015,A2,full_refit,0.01,1,0.6897424490988311,0.6885665862389662,nan
1015,A2,full_refit,0.01,2,0.6874352433419005,0.6862610323794053,nan
1015,A2,full_refit,0.01,3,0.6851341793533746,0.6839615862412728,nan
1015,A2,full_refit,0.01,4,0.6828390323683214,0.6816680241151406,nan
1015,A2,full_refit,0.01,5,0.6805488994854779,0.6793794439147882,nan
1015,A2,full_refit,0.01,6,0.6782625014782406,0.6770945675833254,nan
1015,A2,full_refit,0.01,7,0.6759790121284275,0.6748125704630866,nan
1015,A2,full_refit,0.01,8,0.6736981315862381,0.6725331542090934,nan
1015,A2,full_refit,0.01,9,0.6714197912944119,0.6702562517428408,nan
1015,A2,full_refit,0.01,10,0.6691439934213542,0.6679818668961447,nan
1015,A2,full_refit,0.01,11,0.6668707561917794,0.665710019890411,nan
1015,A2,full_refit,0.01,12,0.6646000955849096,0.6634407290799628,nan
1015,A2,full_refit,0.01,13,0.6623320180041696,0.6611740035233684,nan
1015,A2,full_refit,0.01,14,0.660066516877645,0.6589098392906158,nan
1015,A2,full_refit,0.01,15,0.6578035717028535,0.6566482180467289,nan
1015,A2,full_refit,0.01,16,0.6555431492343513,0.6543891078101354,nan
1015,A2,full_refit,0.01,17,0.6532852058572006,0.652132465210405,nan
1015,A2,full_refit,0.01,18,0.6510296895518621,0.6498782377323152,nan
1015,A2,full_refit,0.01,19,0.6487765405339891,0.6476263648199568,nan
1015,A2,full_refit,0.01,20,0.6465256908869828,0.6453767779003146,nan
1015,A2,full_refit,0.01,21,0.6442770640015019,0.6431294000362028,nan
1015,A2,full_refit,0.01,22,0.642030574396013,0.6408841458057305,nan
1015,A2,full_refit,0.01,23,0.6397861281221527,0.6386409216653942,nan
1015,A2,full_refit,0.01,24,0.6375436237388089,0.6363996268186651,nan
1015,A2,full_refit,0.01,25,0.6353029537520717,0.6341601545106835,nan
1015,A2,full_refit,0.01,26,0.6330640063912628,0.6319223936422681,nan
1015,A2,full_refit,0.01,27,0.630826667578989,0.6296862305919141,nan
1015,A2,full_refit,0.01,28,0.6285908229394352,0.6274515511250325,nan
1015,A2,full_refit,0.01,29,0.6263563596767672,0.6252182422492837,nan
1015,A2,full_refit,0.01,30,0.6241231681616468,0.6229861938584691,nan
1015,A2,full_refit,0.01,31,0.6218911431096763,0.6207553000243411,nan
1015,A2,full_refit,0.01,32,0.6196601843196498,0.6185254598615717,nan
1015,A2,full_refit,0.01,33,0.6174301970255204,0.6162965779815616,nan
1015,A2,full_refit,0.01,34,0.6152010919647951,0.614068564620225,nan
1015,A2,full_refit,0.01,35,0.6129727852704571,0.6118413355496248,nan
1015,A2,full_refit,0.01,36,0.6107451982723296,0.6096148118722562,nan
1015,A2,full_refit,0.01,37,0.6085182572672173,0.6073889197707578,nan
1015,A2,full_refit,0.01,38,0.6062918932948481,0.6051635902596514,nan
1015,A2,full_refit,0.01,39,0.6040660419401923,0.6029387589649815,nan
1015,A2,full_refit,0.01,40,0.6018406431708953,0.600714365942827,nan
1015,A2,full_refit,0.01,41,0.599615641209964,0.5984903555373333,nan
1015,A2,full_refit,0.01,42,0.5973909844376891,0.5962666762719806,nan
1015,A2,full_refit,0.01,43,0.595166625312738,0.5940432807634847,nan
1015,A2,full_refit,0.01,44,0.5929425203002866,0.5918201256456109,nan
1015,A2,full_refit,0.01,45,0.5907186297949059,0.5895971714900392,nan
1015,A2,full_refit,0.01,46,0.5884949180275985,0.587374382713099,nan
1015,A2,full_refit,0.01,47,0.5862713529497101,0.5851517274604924,nan
1015,A2,full_refit,0.01,48,0.5840479060911417,0.5829291774667791,nan
1015,A2,full_refit,0.01,49,0.5818245523959499,0.5807067078920191,nan
1015,A2,full_refit,0.01,50,0.5796012700445493,0.5784842971440788,nan
1016,A1,full_refit,0.01,1,0.6187363782344338,0.6175671045056916,nan
1016,A1,full_refit,0.01,2,0.6164220422878827,0.6152543293013318,nan
1016,A1,full_refit,0.01,3,0.6141128538931104,0.612946662357471,nan
1016,A1,full_refit,0.01,4,0.611809007090087,0.6106443025934196,nan
1016,A1,full_refit,0.01,5,0.6095106738946011,0.6083474356894447,nan
1016,A1,full_refit,0.01,6,0.6072179919059627,0.6060562047953784,nan
1016,A1,full_refit,0.01,7,0.6049310743514312,0.6037707206697304,nan
1016,A1,full_refit,0.01,8,0.6026500100234806,0.6014910677915464,nan
1016,A1,full_refit,0.01,9,0.6003748519163323,0.5992172962916548,nan
1016,A1,full_refit,0.01,10,0.5981056075410607,0.5969494120478076,nan
1016,A1,full_refit,0.01,11,0.5958422320237075,0.5946873693106933,nan
1016,A1,full_refit,0.01,12,0.5935846232873481,0.5924310660466758,nan
1016,A1,full_refit,0.01,13,0.591332618644064,0.5901803407128572,nan
1016,A1,full_refit,0.01,14,0.5890859914320714,0.5879349685206958,nan
1016,A1,full_refit,0.01,15,0.5868444499715774,0.585694659737116,nan
1016,A1,full_refit,0.01,16,0.5846076422277291,0.5834590637460884,nan
1016,A1,full_refit,0.01,17,0.5823751659409917,0.5812277790684731,nan
1016,A1,full_refit,0.01,18,0.5801465818614175,0.5790003669006148,nan
1016,A1,full_refit,0.01,19,0.577921428239607,0.5767763659085998,nan
1016,A1,full_refit,0.01,20,0.5756992344532449,0.5745553060728004,nan
1016,A1,full_refit,0.01,21,0.5734795320435824,0.572336719887963,nan
1016,A1,full_refit,0.01,22,0.5712618627651948,0.5701201505086065,nan
1016,A1,full_refit,0.01,23,0.5690457841191684,0.56790515726947,nan
1016,A1,full_refit,0.01,24,0.5668308730294725,0.5656913192156444,nan
1016,A1,full_refit,0.01,25,0.5646167283563187,0.5634782373744229,nan
1016,A1,full_refit,0.01,26,0.5624029728878114,0.5612655365033695,nan
1016,A1,full_refit,0.01,27,0.5601892551104359,0.5590528666992733,nan
1016,A1,full_refit,0.01,28,0.5579752506735906,0.5568399048073771,nan
1016,A1,full_refit,0.01,29,0.5557606633734601,0.5546263554269247,nan
1016,A1,full_refit,0.01,30,0.5535452256030999,0.5524119514240527,nan
1016,A1,full_refit,0.01,31,0.5513286983295871,0.5501964539969308,nan
1016,A1,full_refit,0.01,32,0.5491108706939992,0.5479796523804057,nan
1016,A1,full_refit,0.01,33,0.5468915592811464,0.5457613632142745,nan
1016,A1,full_refit,0.01,34,0.5446706070370313,0.5435414295188044,nan
1016,A1,full_refit,0.01,35,0.5424478818532478,0.5413197192806012,nan
1016,A1,full_refit,0.01,36,0.540223274957514,0.5390961238077059,nan
1016,A1,full_refit,0.01,37,0.5379966992562634,0.5368705560373472,nan
1016,A1,full_refit,0.01,38,0.5357680876637252,0.5346429488564217,nan
1016,A1,full_refit,0.01,39,0.5335373914015925,0.5324132534214641,nan
1016,A1,full_refit,0.01,40,0.5313045783108328,0.5301814375105016,nan
1016,A1,full_refit,0.01,41,0.5290696312730975,0.5279474839940371,nan
1016,A1,full_refit,0.01,42,0.5268325468114146,0.5257113894801935,nan
1016,A1,full_refit,0.01,43,0.524593333856752,0.5234731630991696,nan
1016,A1,full_refit,0.01,44,0.5223520126400163,0.5212328253727078,nan
1016,A1,full_refit,0.01,45,0.5201086137314084,0.5189904072000768,nan
1016,A1,full_refit,0.01,46,0.5178631772765686,0.5167459490375572,nan
1016,A1,full_refit,0.01,47,0.5156157524126231,0.5144995002794811,nan
1016,A1,full_refit,0.01,48,0.5133663968013765,0.5122511187869677,nan
1016,A1,full_refit,0.01,49,0.511115176258841,0.5100008705379296,nan
1016,A1,full_refit,0.01,50,0.5088621645051318,0.5077488294076472,nan
1016,A2,full_refit,0.01,1,0.6160164003082869,0.6148471265795447,nan
1016,A2,full_refit,0.01,2,0.6137171162400545,0.6125492197367114,nan
1016,A2,full_refit,0.01,3,0.6114227754616878,0.6102562227295217,nan
1016,A2,full_refit,0.01,4,0.609133589895476,0.607968349101476,nan
1016,A2,full_refit,0.01,5,0.6068497423096986,0.6056857839608522,nan
1016,A2,full_refit,0.01,6,0.6045713801951951,0.603408678079647,nan
1016,A2,full_refit,0.01,7,0.6022986077677015,0.6011371399841681,nan
1016,A2,full_refit,0.01,8,0.6000314772422712,0.5988712268657235,nan
1016,A2,full_refit,0.01,9,0.5977699820016882,0.5966109368200126,nan
1016,A2,full_refit,0.01,10,0.5955140533488058,0.5943562047586008,nan
1016,A2,full_refit,0.01,11,0.5932635603077715,0.592106902125568,nan
1016,A2,full_refit,0.01,12,0.5910183126855095,0.5898628402731216,nan
1016,A2,full_refit,0.01,13,0.5887780679635465,0.5876237775273943,nan
1016,A2,full_refit,0.01,14,0.5865425405944801,0.5853894285349532,nan
1016,A2,full_refit,0.01,15,0.5843114121719608,0.5831594745416093,nan
1016,A2,full_refit,0.01,16,0.5820843425322748,0.5809335746985297,nan
1016,A2,full_refit,0.01,17,0.5798609819031563,0.5787113784467404,nan
1016,A2,full_refit,0.01,18,0.5776409826855402,0.576492537498569,nan
1016,A2,full_refit,0.01,19,0.5754240084878242,0.5742767150022907,nan
1016,A2,full_refit,0.01,20,0.5732097387148755,0.5720635901895299,nan
1016,A2,full_refit,0.01,21,0.5709978686708527,0.569852858479056,nan
1016,A2,full_refit,0.01,22,0.5687881065372614,0.5676442284185179,nan
1016,A2,full_refit,0.01,23,0.5665801690876843,0.5654374173439927,nan
1016,A2,full_refit,0.01,24,0.5643737777175764,0.5632321473492815,nan
1016,A2,full_refit,0.01,25,0.5621686557473458,0.5610281425312053,nan
1016,A2,full_refit,0.01,26,0.5599645273595102,0.5588251278750043,nan
1016,A2,full_refit,0.01,27,0.5577611181078007,0.5566228297179466,nan
1016,A2,full_refit,0.01,28,0.5555581566947919,0.5544209774869147,nan
1016,A2,full_refit,0.01,29,0.5533553776087718,0.5522193063006156,nan
1016,A2,full_refit,0.01,30,0.5511525241932953,0.5500175600113598,nan
1016,A2,full_refit,0.01,31,0.5489493517622874,0.547815494301882,nan
1016,A2,full_refit,0.01,32,0.5467456304494736,0.5456128795283335,nan
1016,A2,full_refit,0.01,33,0.5445411475772969,0.5434095030953406,nan
1016,A2,full_refit,0.01,34,0.5423357094312229,0.5412051712475318,nan
1016,A2,full_refit,0.01,35,0.5401291424148333,0.5389997102496015,nan
1016,A2,full_refit,0.01,36,0.5379212936280268,0.5367929669931115,nan
1016,A2,full_refit,0.01,37,0.5357120309507908,0.5345848091086695,nan
1016,A2,full_refit,0.01,38,0.5335012427310208,0.53237512467916,nan
1016,A2,full_refit,0.01,39,0.5312888371735435,0.5301638216496408,nan
1016,A2,full_refit,0.01,40,0.5290747415163891,0.5279508270194984,nan
1016,A2,full_refit,0.01,41,0.5268589010655635,0.525736085888434,nan
1016,A2,full_refit,0.01,42,0.5246412781448765,0.5235195604135836,nan
1016,A2,full_refit,0.01,43,0.5224218510046567,0.521301228722475,nan
1016,A2,full_refit,0.01,44,0.5202006127228476,0.5190810838161577,nan
1016,A2,full_refit,0.01,45,0.5179775701238231,0.5168591324885397,nan
1016,A2,full_refit,0.01,46,0.5157527427337474,0.5146353942812819,nan
1016,A2,full_refit,0.01,47,0.513526161785933,0.5124099004880645,nan
1016,A2,full_refit,0.01,48,0.5112978692850598,0.5101826932172978,nan
1016,A2,full_refit,0.01,49,0.5090679171351329,0.5079538245182456,nan
1016,A2,full_refit,0.01,50,0.5068363663327414,0.5057233555721026,nan
1017,A1,full_refit,0.01,1,0.7109264600939165,0.7098135479486197,nan
1017,A1,full_refit,0.01,2,0.7082411304040604,0.7071290733260412,nan
1017,A1,full_refit,0.01,3,0.7055712808884371,0.7044600319343578,nan
1017,A1,full_refit,0.01,4,0.7029171481190767,0.7018066745612128,nan
1017,A1,full_refit,0.01,5,0.7002789527184481,0.6991692195783222,nan
1017,A1,full_refit,0.01,6,0.6976568889997198,0.6965478597718691,nan
1017,A1,full_refit,0.01,7,0.6950511223814209,0.6939427594454867,nan
1017,A1,full_refit,0.01,8,0.6924617881450119,0.6913540536186774,nan
1017,A1,full_refit,0.01,9,0.689888991171414,0.6887818480107994,nan
1017,A1,full_refit,0.01,10,0.687332806467834,0.6862262192694975,nan
1017,A1,full_refit,0.01,11,0.6847932813513573,0.6836872166077538,nan
1017,A1,full_refit,0.01,12,0.6822704401038409,0.6811648660572268,nan
1017,A1,full_refit,0.01,13,0.6797642902397181,0.6786591765915898,nan
1017,A1,full_refit,0.01,14,0.6772748281818907,0.6761701458349366,nan
1017,A1,full_refit,0.01,15,0.674802042474246,0.6736977633678709,nan
1017,A1,full_refit,0.01,16,0.6723459141659742,0.6712420111925647,nan
1017,A1,full_refit,0.01,17,0.6699064152947132,0.6688028622621314,nan
1017,A1,full_refit,0.01,18,0.6674835067189322,0.6663802783306739,nan
1017,A1,full_refit,0.01,19,0.6650771361699813,0.663974208005336,nan
1017,A1,full_refit,0.01,20,0.6626872368852046,0.6615845853697506,nan
1017,A1,full_refit,0.01,21,0.6603137268494643,0.6592113292118024,nan
1017,A1,full_refit,0.01,22,0.6579565085324642,0.6568543427476908,nan
1017,A1,full_refit,0.01,23,0.6556154689839702,0.6545135137082254,nan
1017,A1,full_refit,0.01,24,0.6532904801703202,0.6521887146732123,nan
1017,A1,full_refit,0.01,25,0.6509813994676741,0.6498798035700478,nan
1017,A1,full_refit,0.01,26,0.6486880702559867,0.6475866242795244,nan
1017,A1,full_refit,0.01,27,0.6464103225787121,0.6453090073118906,nan
1017,A1,full_refit,0.01,28,0.6441479738469735,0.6430467705296974,nan
1017,A1,full_refit,0.01,29,0.6419008295750723,0.6407997199023862,nan
1017,A1,full_refit,0.01,30,0.6396686841387436,0.6385676502825711,nan
1017,A1,full_refit,0.01,31,0.6374513215499971,0.6363503461968291,nan
1017,A1,full_refit,0.01,32,0.6352485162437154,0.6341475826454155,nan
1017,A1,full_refit,0.01,33,0.6330600338718679,0.631959125906201,nan
1017,A1,full_refit,0.01,34,0.6308856321015112,0.6297847343385813,nan
1017,A1,full_refit,0.01,35,0.6287250614128176,0.6276241591833869,nan
1017,A1,full_refit,0.01,36,0.6265780658933104,0.6254771453550146,nan
1017,A1,full_refit,0.01,37,0.6244443840243805,0.6233434322222078,nan
1017,A1,full_refit,0.01,38,0.6223237494560478,0.6212227543740837,nan
1017,A1,full_refit,0.01,39,0.6202158917658506,0.6191148423681282,nan
1017,A1,full_refit,0.01,40,0.6181205371977101,0.617019423456924,nan
1017,A1,full_refit,0.01,41,0.6160374093767118,0.614936222290417,nan
1017,A1,full_refit,0.01,42,0.6139662299960179,0.612864961590646,nan
1017,A1,full_refit,0.01,43,0.6119067194726672,0.6108053627961842,nan
1017,A1,full_refit,0.01,44,0.60985859756979,0.6087571466741045,nan
1017,A1,full_refit,0.01,45,0.6078215839837248,0.6067200338980506,nan
1017,A1,full_refit,0.01,46,0.6057953988955083,0.6046937455918713,nan
1017,A1,full_refit,0.01,47,0.6037797634871124,0.6026780038391115,nan
1017,A1,full_refit,0.01,48,0.601774400423497,0.6006725321593446,nan
1017,A1,full_refit,0.01,49,0.5997790343020021,0.598677055952803,nan
1017,A1,full_refit,0.01,50,0.5977933920708224,0.5966913029150135,nan
1017,A2,full_refit,0.01,1,0.7112956934742507,0.710182781328954,nan
1017,A2,full_refit,0.01,2,0.7086067971369009,0.7074946669574094,nan
1017,A2,full_refit,0.01,3,0.7059333492885338,0.7048219661845173,nan
1017,A2,full_refit,0.01,4,0.703275602694611,0.7021649331486107,nan
1017,A2,full_refit,0.01,5,0.700633786778886,0.6995237989097173,nan
1017,A2,full_refit,0.01,6,0.6980081062446541,0.6968987700715852,nan
1017,A2,full_refit,0.01,7,0.6953987395975318,0.6942900273069935,nan
1017,A2,full_refit,0.01,8,0.6928058378472481,0.6916977240019158,nan
1017,A2,full_refit,0.01,9,0.6902295238628027,0.6891219854557469,nan
1017,A2,full_refit,0.01,10,0.6876698929076287,0.6865629091708627,nan
1017,A2,full_refit,0.01,11,0.6851270145830062,0.6840205665287303,nan
1017,A2,full_refit,0.01,12,0.6826009357674367,0.6814950055457262,nan
1017,A2,full_refit,0.01,13,0.6800916835853138,0.6789862538162966,nan
1017,A2,full_refit,0.01,14,0.6775992675001173,0.6764943207328523,nan
1017,A2,full_refit,0.01,15,0.6751236802891565,0.6740191986683735,nan
1017,A2,full_refit,0.01,16,0.6726648983153456,0.6715608634558898,nan
1017,A2,full_refit,0.01,17,0.6702228816873775,0.669119274705708,nan
1017,A2,full_refit,0.01,18,0.6677975746604562,0.6666943762988168,nan
1017,A2,full_refit,0.01,19,0.665388906308813,0.6642860970967431,nan
1017,A2,full_refit,0.01,20,0.6629967913193471,0.6618943517345345,nan
1017,A2,full_refit,0.01,21,0.6606211307380608,0.659519041345926,nan
1017,A2,full_refit,0.01,22,0.6582618125718345,0.6571600541371599,nan
1017,A2,full_refit,0.01,23,0.6559187122280384,0.6548172658012384,nan
1017,A2,full_refit,0.01,24,0.6535916928234792,0.6524905398087872,nan
1017,A2,full_refit,0.01,25,0.6512806054091798,0.6501797276230041,nan
1017,A2,full_refit,0.01,26,0.6489852891521168,0.6478846688784197,nan
1017,A2,full_refit,0.01,27,0.6467055715029332,0.64560519155005,nan
1017,A2,full_refit,0.01,28,0.6444412683675966,0.6433411121283743,nan
1017,A2,full_refit,0.01,29,0.64219218429368,0.6410922358086653,nan
1017,A2,full_refit,0.01,30,0.639958112678598,0.638858356700373,nan
1017,A2,full_refit,0.01,31,0.637738836007187,0.6366392580627427,nan
1017,A2,full_refit,0.01,32,0.6355341261288979,0.6344347125760412,nan
1017,A2,full_refit,0.01,33,0.6333437445900605,0.6322444826631912,nan
1017,A2,full_refit,0.01,34,0.6311674430433655,0.6300683208835702,nan
1017,A2,full_refit,0.01,35,0.6290049637634203,0.6279059704278646,nan
1017,A2,full_refit,0.01,36,0.6268560403013939,0.625757165747708,nan
1017,A2,full_refit,0.01,37,0.6247203983098699,0.6236216333528767,nan
1017,A2,full_refit,0.01,38,0.6225977565575453,0.6214990927983822,nan
1017,A2,full_refit,0.01,39,0.6204878281307323,0.6193892578619892,nan
1017,A2,full_refit,0.01,40,0.6183903217875276,0.6172918378817764,nan
1017,A2,full_refit,0.01,41,0.6163049433989559,0.6152065391910176,nan
1017,A2,full_refit,0.01,42,0.6142313973905045,0.6131330665649695,nan
1017,A2,full_refit,0.01,43,0.6121693880960414,0.6110711245904283,nan
1017,A2,full_refit,0.01,44,0.6101186209554511,0.6090204188862265,nan
1017,A2,full_refit,0.01,45,0.6080788035199044,0.6069806571343511,nan
1017,A2,full_refit,0.01,46,0.6060496462624859,0.6049515499153085,nan
1017,A2,full_refit,0.01,47,0.6040308632167436,0.6029328113672568,nan
1017,A2,full_refit,0.01,48,0.6020221724774288,0.6009241597015884,nan
1017,A2,full_refit,0.01,49,0.6000232965980217,0.5989253176092914,nan
1017,A2,full_refit,0.01,50,0.5980339629132407,0.5969360125869576,nan
1018,A1,full_refit,0.01,1,0.7869069617895253,0.7857575148525981,nan
1018,A1,full_refit,0.01,2,0.7842364377969525,0.7830886870120917,nan
1018,A1,full_refit,0.01,3,0.7815685705375822,0.7804224828447538,nan
1018,A1,full_refit,0.01,4,0.7789034176692727,0.7777589560426039,nan
1018,A1,full_refit,0.01,5,0.7762408760989651,0.7750980004108072,nan
1018,A1,full_refit,0.01,6,0.7735805775460484,0.7724392438183505,nan
1018,A1,full_refit,0.01,7,0.7709219073319309,0.7697820688436141,nan
1018,A1,full_refit,0.01,8,0.7682642551177163,0.7671258657779075,nan
1018,A1,full_refit,0.01,9,0.7656072221173481,0.7644702389143689,nan
1018,A1,full_refit,0.01,10,0.7629505985808067,0.7618149817794729,nan
1018,A1,full_refit,0.01,11,0.7602942703224219,0.7591599826944012,nan
1018,A1,full_refit,0.01,12,0.7576381598415354,0.7565051658872975,nan
1018,A1,full_refit,0.01,13,0.7549822001507354,0.75385046554662,nan
1018,A1,full_refit,0.01,14,0.7523263239814743,0.7511958152464304,nan
1018,A1,full_refit,0.01,15,0.7496704593128992,0.7485411436667332,nan
1018,A1,full_refit,0.01,16,0.7470145276973065,0.7458863730924328,nan
1018,A1,full_refit,0.01,17,0.7443584439680897,0.7432314192699014,nan
1018,A1,full_refit,0.01,18,0.7417021165839499,0.7405761918533073,nan
1018,A1,full_refit,0.01,19,0.7390454481245897,0.7379205949392218,nan
1018,A1,full_refit,0.01,20,0.7363883356518164,0.7352645274057448,nan
1018,A1,full_refit,0.01,21,0.7337306708285202,0.7326078829670185,nan
1018,A1,full_refit,0.01,22,0.7310723398281253,0.7299505499981919,nan
1018,A1,full_refit,0.01,23,0.7284132231691728,0.7272924112831043,nan
1018,A1,full_refit,0.01,24,0.7257531956718007,0.7246333438910302,nan
1018,A1,full_refit,0.01,25,0.7230921267396664,0.7219732193882474,nan
1018,A1,full_refit,0.01,26,0.7204298811150542,0.7193119045311573,nan
1018,A1,full_refit,0.01,27,0.717766320145408,0.7166492624811139,nan
1018,A1,full_refit,0.01,28,0.7151013034566351,0.7139851544450876,nan
1018,A1,full_refit,0.01,29,0.7124346907946414,0.7113194415164635,nan
1018,A1,full_refit,0.01,30,0.7097663437399219,0.7086519864287412,nan
1018,A1,full_refit,0.01,31,0.7070961270680243,0.7059826549903108,nan
1018,A1,full_refit,0.01,32,0.7044239096863468,0.7033113171139606,nan
1018,A1,full_refit,0.01,33,0.7017495652267839,0.700637847497641,nan
1018,A1,full_refit,0.01,34,0.6990729724428791,0.6979621260793993,nan
1018,A1,full_refit,0.01,35,0.6963940155531791,0.6952840383789917,nan
1018,A1,full_refit,0.01,36,0.6937125846340008,0.6926034758015751,nan
1018,A1,full_refit,0.01,37,0.6910285761239237,0.6899203359613578,nan
1018,A1,full_refit,0.01,38,0.6883418934528419,0.6872345230875821,nan
1018,A1,full_refit,0.01,39,0.685652447741256,0.6845459485584001,nan
1018,A1,full_refit,0.01,40,0.6829601584628977,0.6818545315397814,nan
1018,A1,full_refit,0.01,41,0.680264953973732,0.6791601996309027,nan
1018,A1,full_refit,0.01,42,0.6775667718719602,0.6764628894044121,nan
1018,A1,full_refit,0.01,43,0.6748655592067558,0.6737625467792578,nan
1018,A1,full_refit,0.01,44,0.6721612725678837,0.6710591272205071,nan
1018,A1,full_refit,0.01,45,0.6694538780806932,0.6683525957913007,nan
1018,A1,full_refit,0.01,46,0.6667433513236556,0.6656429270904703,nan
1018,A1,full_refit,0.01,47,0.6640296771847011,0.662930105108353,nan
1018,A1,full_refit,0.01,48,0.6613128496742068,0.6602141230296605,nan
1018,A1,full_refit,0.01,49,0.6585928717126767,0.6574949830075392,nan
1018,A1,full_refit,0.01,50,0.6558697549089939,0.6547726959276665,nan
1018,A2,full_refit,0.01,1,0.782815754659142,0.7816663077222148,nan
1018,A2,full_refit,0.01,2,0.7801669400263838,0.7790193153718427,nan
1018,A2,full_refit,0.01,3,0.7775211428802706,0.7763752752661128,nan
1018,A2,full_refit,0.01,4,0.7748784856759816,0.7737343420544577,nan
1018,A2,full_refit,0.01,5,0.772239060846155,0.7710966122917192,nan
1018,A2,full_refit,0.01,6,0.7696029223543149,0.7684621447181836,nan
1018,A2,full_refit,0.01,7,0.7669700779272329,0.7658309508689883,nan
1018,A2,full_refit,0.01,8,0.7643404885127942,0.7632029922941517,nan
1018,A2,full_refit,0.01,9,0.7617140668167577,0.7605781799431035,nan
1018,A2,full_refit,0.01,10,0.759090669870785,0.7579563690516034,nan
1018,A2,full_refit,0.01,11,0.7564700924116303,0.7553373534533153,nan
1018,A2,full_refit,0.01,12,0.753852065449061,0.7527208639181525,nan
1018,A2,full_refit,0.01,13,0.751236260411704,0.750106571838286,nan
1018,A2,full_refit,0.01,14,0.7486222996884785,0.7474940995199171,nan
1018,A2,full_refit,0.01,15,0.7460097710689187,0.7448830346558984,nan
1018,A2,full_refit,0.01,16,0.7433982421421114,0.742272944873763,nan
1018,A2,full_refit,0.01,17,0.7407872752509891,0.7396633927843757,nan
1018,A2,full_refit,0.01,18,0.738176443265615,0.7370539517624587,nan
1018,A2,full_refit,0.01,19,0.735565343514787,0.7344442198230458,nan
1018,A2,full_refit,0.01,20,0.7329536073171017,0.7318338290614437,nan
1018,A2,full_refit,0.01,21,0.7303409044596475,0.7292224500339273,nan
1018,A2,full_refit,0.01,22,0.727726943480938,0.7266097919646626,nan
1018,A2,full_refit,0.01,23,0.7251114691100989,0.7239956001474571,nan
1018,A2,full_refit,0.01,24,0.7224942581044514,0.7213796517821865,nan
1018,A2,full_refit,0.01,25,0.719875114472451,0.7187617512179575,nan
1018,A2,full_refit,0.01,26,0.7172538648073692,0.7161417253128384,nan
1018,A2,full_refit,0.01,27,0.7146303541856136,0.7135194193549146,nan
1018,A2,full_refit,0.01,28,0.712004442830701,0.7108946937429543,nan
1018,A2,full_refit,0.01,29,0.7093760035571667,0.7082674214416623,nan
1018,A2,full_refit,0.01,30,0.7067449199044938,0.7056374861231955,nan
1018,A2,full_refit,0.01,31,0.7041110848330467,0.7030047808682828,nan
1018,A2,full_refit,0.01,32,0.7014743998549037,0.7003692073006925,nan
1018,A2,full_refit,0.01,33,0.6988347744901415,0.697730675046078,nan
1018,A2,full_refit,0.01,34,0.6961921259603445,0.69508910142723,nan
1018,A2,full_refit,0.01,35,0.6935463790499508,0.6924444113265293,nan
1018,A2,full_refit,0.01,36,0.690897466080922,0.6897965371612322,nan
1018,A2,full_refit,0.01,37,0.6882453269575187,0.6871454189285156,nan
1018,A2,full_refit,0.01,38,0.6855899092467101,0.6844910042859393,nan
1018,A2,full_refit,0.01,39,0.682931168266928,0.6818332486401435,nan
1018,A2,full_refit,0.01,40,0.680269067164197,0.6791721152228707,nan
1018,A2,full_refit,0.01,41,0.6776035769604973,0.676507575139191,nan
1018,A2,full_refit,0.01,42,0.6749346765646822,0.6738396073782194,nan
1018,A2,full_refit,0.01,43,0.6722623527413133,0.6711681987816193,nan
1018,A2,full_refit,0.01,44,0.6695866000372831,0.6684933439696668,nan
1018,A2,full_refit,0.01,45,0.6669074206699184,0.6658150452284572,nan
1018,A2,full_refit,0.01,46,0.6642248243832742,0.663133312364868,nan
1018,A2,full_refit,0.01,47,0.6615388282814835,0.6604481625380635,nan
1018,A2,full_refit,0.01,48,0.6588494566492333,0.6577596200775911,nan
1018,A2,full_refit,0.01,49,0.6561567407697573,0.6550677162984924,nan
1018,A2,full_refit,0.01,50,0.6534607187501204,0.6523724893233194,nan
1019,A1,full_refit,0.01,1,0.6895790084084197,0.6884657097780155,nan
1019,A1,full_refit,0.01,2,0.6871625635463425,0.6860505850312323,nan
1019,A1,full_refit,0.01,3,0.6847583137996124,0.6836476265601612,nan
1019,A1,full_refit,0.01,4,0.6823664871671103,0.6812570599613452,nan
1019,A1,full_refit,0.01,5,0.6799872492352218,0.6788790565419358,nan
1019,A1,full_refit,0.01,6,0.6776206742678351,0.6765136978945628,nan
1019,A1,full_refit,0.01,7,0.6752667178640761,0.6741609483026972,nan
1019,A1,full_refit,0.01,8,0.6729252150170314,0.6718206505518988,nan
1019,A1,full_refit,0.01,9,0.6705959077829136,0.669492551837248,nan
1019,A1,full_refit,0.01,10,0.6682784656268277,0.6671763247386454,nan
1019,A1,full_refit,0.01,11,0.6659724869131004,0.6648715697793639,nan
1019,A1,full_refit,0.01,12,0.6636774986672728,0.662577815325322,nan
1019,A1,full_refit,0.01,13,0.6613929624585196,0.6602945231736904,nan
1019,A1,full_refit,0.01,14,0.659118287267158,0.6580211012362861,nan
1019,A1,full_refit,0.01,15,0.6568528482075037,0.6557569223792087,nan
1019,A1,full_refit,0.01,16,0.6545960077329224,0.6535013460295155,nan
1019,A1,full_refit,0.01,17,0.6523471356962446,0.6512537387607399,nan
1019,A1,full_refit,0.01,18,0.6501056260556604,0.6490134914598429,nan
1019,A1,full_refit,0.01,19,0.6478709093013536,0.6467800320497591,nan
1019,A1,full_refit,0.01,20,0.6456424603307026,0.6445528334926509,nan
1019,A1,full_refit,0.01,21,0.6434198018583528,0.6423314172058824,nan
1019,A1,full_refit,0.01,22,0.6412025037962296,0.6401153523757755,nan
1019,A1,full_refit,0.01,23,0.6389901794170649,0.6379042520202466,nan
1019,A1,full_refit,0.01,24,0.636782479403817,0.6356977669280638,nan
1019,A1,full_refit,0.01,25,0.6345790849558237,0.6334955786624471,nan
1019,A1,full_refit,0.01,26,0.6323797009465866,0.6312973926338072,nan
1019,A1,full_refit,0.01,27,0.6301840498001033,0.6291029319120801,nan
1019,A1,full_refit,0.01,28,0.6279918664069647,0.6269119320986284,nan
1019,A1,full_refit,0.01,29,0.625802894134401,0.6247241373081528,nan
1019,A1,full_refit,0.01,30,0.623616881826497,0.6225392971524705,nan
1019,A1,full_refit,0.01,31,0.6214335816252895,0.6203571645529151,nan
1019,A1,full_refit,0.01,32,0.6192527474374795,0.6181774942028542,nan
1019,A1,full_refit,0.01,33,0.6170741338954646,0.6160000415265214,nan
1019,A1,full_refit,0.01,34,0.614897495695496,0.613824562015069,nan
1019,A1,full_refit,0.01,35,0.6127225872290841,0.6116508108545755,nan
1019,A1,full_refit,0.01,36,0.6105491624514497,0.6094785427888614,nan
1019,A1,full_refit,0.01,37,0.6083769749513269,0.6073075121808847,nan
1019,A1,full_refit,0.01,38,0.6062057781998911,0.6051374732503745,nan
1019,A1,full_refit,0.01,39,0.6040353259638085,0.6029681804729922,nan
1019,A1,full_refit,0.01,40,0.6018653728693911,0.6007993891287158,nan
1019,A1,full_refit,0.01,41,0.599695675102803,0.5986308559854574,nan
1019,A1,full_refit,0.01,42,0.5975259912265116,0.5964623400994409,nan
1019,A1,full_refit,0.01,43,0.5953560830862599,0.5942936037080446,nan
1019,A1,full_refit,0.01,44,0.5931857167773146,0.5921244131851954,nan
1019,A1,full_refit,0.01,45,0.5910146636350895,0.5899545400254302,nan
1019,A1,full_refit,0.01,46,0.588842701214489,0.5877837618215216,nan
1019,A1,full_refit,0.01,47,0.5866696142248827,0.5856118632025684,nan
1019,A1,full_refit,0.01,48,0.5844951953931986,0.5834386367045122,nan
1019,A1,full_refit,0.01,49,0.5823192462352809,0.5812638835522912,nan
1019,A1,full_refit,0.01,50,0.5801415777240918,0.5790874143410645,nan
1019,A2,full_refit,0.01,1,0.6841451497705986,0.6830318511401944,nan
1019,A2,full_refit,0.01,2,0.681752011769867,0.6806401242252494,nan
1019,A2,full_refit,0.01,3,0.6793709492777197,0.6782604281775192,nan
1019,A2,full_refit,0.01,4,0.6770021734719179,0.6758929717587068,nan
1019,A2,full_refit,0.01,5,0.6746458378065964,0.6735379264378726,nan
1019,A2,full_refit,0.01,6,0.6723020062791143,0.6711953656224349,nan
1019,A2,full_refit,0.01,7,0.6699706208110099,0.668865240498525,nan
1019,A2,full_refit,0.01,8,0.6676514940066297,0.6665473714621999,nan
1019,A2,full_refit,0.01,9,0.6653443303952667,0.6642414671896278,nan
1019,A2,full_refit,0.01,10,0.6630487493749794,0.6619471476794241,nan
1019,A2,full_refit,0.01,11,0.6607642931292083,0.6596639536268462,nan
1019,A2,full_refit,0.01,12,0.6584904270464542,0.6573913481542596,nan
1019,A2,full_refit,0.01,13,0.656226547828239,0.6551287256224113,nan
1019,A2,full_refit,0.01,14,0.6539720065701081,0.6528754350130817,nan
1019,A2,full_refit,0.01,15,0.6517261411366223,0.6506308124594038,nan
1019,A2,full_refit,0.01,16,0.6494883068420795,0.6483942119877169,nan
1019,A2,full_refit,0.01,17,0.6472578979316497,0.6461650269594524,nan
1019,A2,full_refit,0.01,18,0.6450343587062178,0.6439427010988261,nan
1019,A2,full_refit,0.01,19,0.6428171869854212,0.6417267318607961,nan
1019,A2,full_refit,0.01,20,0.6406059329036339,0.6395166691660015,nan
1019,A2,full_refit,0.01,21,0.6384001948465312,0.6373121113101764,nan
1019,A2,full_refit,0.01,22,0.6361996135038795,0.6351126990093654,nan
1019,A2,full_refit,0.01,23,0.6340038648451345,0.6329181083740836,nan
1019,A2,full_refit,0.01,24,0.6318126528551209,0.6307280436424033,nan
1019,A2,full_refit,0.01,25,0.6296257027576168,0.6285422303976976,nan
1019,A2,full_refit,0.01,26,0.6274427551922713,0.6263604097370367,nan
1019,A2,full_refit,0.01,27,0.6252635615232051,0.6241823335699059,nan
1019,A2,full_refit,0.01,28,0.6230878802442946,0.62200776101341,nan
1019,A2,full_refit,0.01,29,0.6209154743318795,0.6198364557354346,nan
1019,A2,full_refit,0.01,30,0.618746109359792,0.6176681840609757,nan
1019,A2,full_refit,0.01,31,0.6165795522015112,0.6155027136664198,nan
1019,A2,full_refit,0.01,32,0.6144155701734774,0.6133398127155533,nan
1019,A2,full_refit,0.01,33,0.6122539305064578,0.611179249323776,nan
1019,A2,full_refit,0.01,34,0.6100944000611409,0.6090207912661826,nan
1019,A2,full_refit,0.01,35,0.6079367452277549,0.6068642058687579,nan
1019,A2,full_refit,0.01,36,0.6057807319676015,0.6047092600400688,nan
1019,A2,full_refit,0.01,37,0.6036261259677975,0.6025557204143707,nan
1019,A2,full_refit,0.01,38,0.601472692890037,0.6004033535868097,nan
1019,A2,full_refit,0.01,39,0.5993201987004138,0.5982519264279748,nan
1019,A2,full_refit,0.01,40,0.5971684100707787,0.5961012064688916,nan
1019,A2,full_refit,0.01,41,0.5950170948432723,0.5939509623491097,nan
1019,A2,full_refit,0.01,42,0.5928660225493526,0.5918009643204433,nan
1019,A2,full_refit,0.01,43,0.5907149649737882,0.5896509847980808,nan
1019,A2,full_refit,0.01,44,0.5885636967537077,0.5875007989501062,nan
1019,A2,full_refit,0.01,45,0.5864119960035792,0.5853501853167332,nan
1019,A2,full_refit,0.01,46,0.5842596449589799,0.5831989264519496,nan
1019,A2,full_refit,0.01,47,0.5821064306346638,0.5810468095824242,nan
1019,A2,full_refit,0.01,48,0.5799521454948006,0.5788936272806338,nan
1019,A2,full_refit,0.01,49,0.5777965881344876,0.5767391781504089,nan
1019,A2,full_refit,0.01,50,0.5756395639712883,0.5745832675229487,nan
1020,A1,full_refit,0.01,1,0.8712628059899978,0.8701988814983128,nan
1020,A1,full_refit,0.01,2,0.868490826771556,0.8674280515198998,nan
1020,A1,full_refit,0.01,3,0.8657234006222723,0.8646617359705177,nan
1020,A1,full_refit,0.01,4,0.8629606958836312,0.8619001126452925,nan
1020,A1,full_refit,0.01,5,0.8602028489544713,0.8591433211908698,nan
1020,A1,full_refit,0.01,6,0.8574499632699677,0.8563914688809156,nan
1020,A1,full_refit,0.01,7,0.8547021168453085,0.8536446359999552,nan
1020,A1,full_refit,0.01,8,0.8519593693398432,0.8509028823864508,nan
1020,A1,full_refit,0.01,9,0.8492217604203444,0.8481662469442502,nan
1020,A1,full_refit,0.01,10,0.8464893043659054,0.8454347432774064,nan
1020,A1,full_refit,0.01,11,0.8437619851869684,0.842708355217818,nan
1020,A1,full_refit,0.01,12,0.8410397527787389,0.8399870330086406,nan
1020,A1,full_refit,0.01,13,0.8383225196674166,0.8372706899547053,nan
1020,A1,full_refit,0.01,14,0.8356101580654215,0.8345591993657332,nan
1020,A1,full_refit,0.01,15,0.8329024972719352,0.8318523918527918,nan
1020,A1,full_refit,0.01,16,0.8301993217181525,0.8291500532748753,nan
1020,A1,full_refit,0.01,17,0.8275003701417696,0.8264519238162926,nan
1020,A1,full_refit,0.01,18,0.824805336451609,0.823757698758911,nan
1020,A1,full_refit,0.01,19,0.8221138727480604,0.8210670314269578,nan
1020,A1,full_refit,0.01,20,0.8194255946580251,0.8183795384808741,nan
1020,A1,full_refit,0.01,21,0.8167400886672482,0.8156948072573145,nan
1020,A1,full_refit,0.01,22,0.8140569206274583,0.8130124043315339,nan
1020,A1,full_refit,0.01,23,0.8113756442810933,0.8103318841259253,nan
1020,A1,full_refit,0.01,24,0.8086958086612591,0.8076527963977421,nan
1020,A1,full_refit,0.01,25,0.8060169636043472,0.8049746918270029,nan
1020,A1,full_refit,0.01,26,0.803338663156849,0.8022971254792193,nan
1020,A1,full_refit,0.01,27,0.8006604671193509,0.7996196583819078,nan
1020,A1,full_refit,0.01,28,0.7979819412395777,0.7969418577217291,nan
1020,A1,full_refit,0.01,29,0.7953026566620731,0.794263296264847,nan
1020,A1,full_refit,0.01,30,0.7926221892192309,0.7915835515829331,nan
1020,A1,full_refit,0.01,31,0.7899401190498062,0.7889022055739293,nan
1020,A1,full_refit,0.01,32,0.7872560308839331,0.7862188446267249,nan
1020,A1,full_refit,0.01,33,0.7845695151568288,0.7835330606092635,nan
1020,A1,full_refit,0.01,34,0.7818801699301615,0.7808444526800407,nan
1020,A1,full_refit,0.01,35,0.7791876034476207,0.7781526297673589,nan
1020,A1,full_refit,0.01,36,0.7764914370663946,0.7754572134665586,nan
1020,A1,full_refit,0.01,37,0.7737913082963694,0.7727578410852212,nan
1020,A1,full_refit,0.01,38,0.771086873715557,0.7700541685968371,nan
1020,A1,full_refit,0.01,39,0.7683778115788543,0.7673458733106674,nan
1020,A1,full_refit,0.01,40,0.7656638239840529,0.7646326561128843,nan
1020,A1,full_refit,0.01,41,0.7629446385071881,0.761914243182484,nan
1020,A1,full_refit,0.01,42,0.7602200092704618,0.7591903871367691,nan
1020,A1,full_refit,0.01,43,0.7574897174539743,0.7564608676105964,nan
1020,A1,full_refit,0.01,44,0.7547535713000096,0.7537254913139277,nan
1020,A1,full_refit,0.01,45,0.7520114056825176,0.7509840916394228,nan
1020,A1,full_refit,0.01,46,0.7492630813258389,0.7482365279057306,nan
1020,A1,full_refit,0.01,47,0.7465084837584707,0.7454826843250495,nan
1020,A1,full_refit,0.01,48,0.7437475220827038,0.7427224687785976,nan
1020,A1,full_refit,0.01,49,0.7409801276316981,0.7399558114738398,nan
1020,A1,full_refit,0.01,50,0.7382062525735161,0.7371826635447019,nan
1020,A2,full_refit,0.01,1,0.86715367348738,0.866089748995695,nan
1020,A2,full_refit,0.01,2,0.8644209673949644,0.8633580273624434,nan
1020,A2,full_refit,0.01,3,0.8616930222645317,0.8606309953885386,nan
1020,A2,full_refit,0.01,4,0.8589699422358801,0.857908790786762,nan
1020,A2,full_refit,0.01,5,0.8562518623884935,0.8551915521746726,nan
1020,A2,full_refit,0.01,6,0.8535388959971826,0.852479394206819,nan
1020,A2,full_refit,0.01,7,0.8508311312783196,0.8497724064023998,nan
1020,A2,full_refit,0.01,8,0.8481286295754222,0.8470706516654246,nan
1020,A2,full_refit,0.01,9,0.8454314234515049,0.8443741645228265,nan
1020,A2,full_refit,0.01,10,0.842739514451418,0.8416829490135668,nan
1020,A2,full_refit,0.01,11,0.8400528704838506,0.838996976167296,nan
1020,A2,full_refit,0.01,12,0.8373714229329532,0.8363161810703191,nan
1020,A2,full_refit,0.01,13,0.8346950639039373,0.8336404597377627,nan
1020,A2,full_refit,0.01,14,0.8320236442922042,0.8309696664441674,nan
1020,A2,full_refit,0.01,15,0.8293569730512061,0.8283036123171763,nan
1020,A2,full_refit,0.01,16,0.8266948170977173,0.8256420652142364,nan
1020,A2,full_refit,0.01,17,0.8240369011735229,0.8229847501276956,nan
1020,A2,full_refit,0.01,18,0.8213829080318076,0.8203313499186524,nan
1020,A2,full_refit,0.01,19,0.818732479948502,0.8176815070830151,nan
1020,A2,full_refit,0.01,20,0.8160852222266866,0.8150348272900465,nan
1020,A2,full_refit,0.01,21,0.8134407087067194,0.8123908848572758,nan
1020,A2,full_refit,0.01,22,0.8107984887407054,0.8097492297053699,nan
1020,A2,full_refit,0.01,23,0.8081580947569923,0.807109394935822,nan
1020,A2,full_refit,0.01,24,0.8055190494765114,0.8044709040768439,nan
1020,A2,full_refit,0.01,25,0.8028808720347498,0.8018332772296158,nan
1020,A2,full_refit,0.01,26,0.8002430826176276,0.7991960357098348,nan
1020,A2,full_refit,0.01,27,0.79760520560037,0.796558705169438,nan
1020,A2,full_refit,0.01,28,0.7949667714715172,0.7939208174813475,nan
1020,A2,full_refit,0.01,29,0.792327317978562,0.7912819118262077,nan
1020,A2,full_refit,0.01,30,0.7896863909552402,0.7886415354448161,nan
1020,A2,full_refit,0.01,31,0.7870435452198612,0.7859992444510304,nan
1020,A2,full_refit,0.01,32,0.7843983458088486,0.7833546049767216,nan
1020,A2,full_refit,0.01,33,0.7817503696646768,0.7807071947765875,nan
1020,A2,full_refit,0.01,34,0.7790992077663248,0.7780566052889359,nan
1020,A2,full_refit,0.01,35,0.776444467599876,0.7754024440561091,nan
1020,A2,full_refit,0.01,36,0.7737857758089124,0.7727443373502512,nan
1020,A2,full_refit,0.01,37,0.7711227807959248,0.7700819327845593,nan
1020,A2,full_refit,0.01,38,0.7684551549787976,0.7674149016204178,nan
1020,A2,full_refit,0.01,39,0.7657825964468453,0.7647429405067254,nan
1020,A2,full_refit,0.01,40,0.7631048299350679,0.7620657725477917,nan
1020,A2,full_refit,0.01,41,0.7604216072036981,0.7593831477657486,nan
1020,A2,full_refit,0.01,42,0.7577327069659867,0.7566948430912624,nan
1020,A2,full_refit,0.01,43,0.7550379344824666,0.7540006620017614,nan
1020,A2,full_refit,0.01,44,0.7523371209017321,0.7513004338920343,nan
1020,A2,full_refit,0.01,45,0.749630122403606,0.7485940132377636,nan
1020,A2,full_refit,0.01,46,0.7469168191893596,0.7458812785999889,nan
1020,A2,full_refit,0.01,47,0.7441971143588844,0.7431621315124686,nan
1020,A2,full_refit,0.01,48,0.7414709327123905,0.740436495290702,nan
1020,A2,full_refit,0.01,49,0.7387382195124702,0.7377043137991158,nan
1020,A2,full_refit,0.01,50,0.735998939240383,0.7349655502106618,nan
1021,A1,full_refit,0.01,1,0.6553201404034898,0.654191593222162,nan
1021,A1,full_refit,0.01,2,0.652750441727855,0.6516227096700908,nan
1021,A1,full_refit,0.01,3,0.6501816833104128,0.6490547232997145,nan
1021,A1,full_refit,0.01,4,0.6476140933430007,0.6464878628903703,nan
1021,A1,full_refit,0.01,5,0.6450478724797619,0.6439223234203223,nan
1021,A1,full_refit,0.01,6,0.6424831918260553,0.6413582742227745,nan
1021,A1,full_refit,0.01,7,0.6399201952247109,0.638795865049995,nan
1021,A1,full_refit,0.01,8,0.6373590008077366,0.6362352221750969,nan
1021,A1,full_refit,0.01,9,0.6347997063227635,0.6336764494345154,nan
1021,A1,full_refit,0.01,10,0.6322423969169334,0.6311196357098838,nan
1021,A1,full_refit,0.01,11,0.629687149571781,0.6285648606787164,nan
1021,A1,full_refit,0.01,12,0.6271340333652534,0.6260121960158248,nan
1021,A1,full_refit,0.01,13,0.6245831090456344,0.6234617051018699,nan
1021,A1,full_refit,0.01,14,0.6220344312013987,0.6209134449614718,nan
1021,A1,full_refit,0.01,15,0.6194880528950465,0.6183674707150019,nan
1021,A1,full_refit,0.01,16,0.6169440302764921,0.6158238401937209,nan
1021,A1,full_refit,0.01,17,0.614402424952776,0.6132826164540963,nan
1021,A1,full_refit,0.01,18,0.6118633035362463,0.6107438675222125,nan
1021,A1,full_refit,0.01,19,0.6093267351731029,0.6082076640961959,nan
1021,A1,full_refit,0.01,20,0.6067927882979738,0.6056740764114269,nan
1021,A1,full_refit,0.01,21,0.6042615276212076,0.6031431712484698,nan
1021,A1,full_refit,0.01,22,0.6017330119326764,0.6006150096287781,nan
1021,A1,full_refit,0.01,23,0.5992072929976808,0.5980896454329548,nan
1021,A1,full_refit,0.01,24,0.5966844156110156,0.5955671250504448,nan
1021,A1,full_refit,0.01,25,0.5941644185604327,0.5930474880175923,nan
1021,A1,full_refit,0.01,26,0.5916473358858082,0.5905307682627352,nan
1021,A1,full_refit,0.01,27,0.5891331978383969,0.5880169953611295,nan
1021,A1,full_refit,0.01,28,0.5866220313751618,0.5855061954185887,nan
1021,A1,full_refit,0.01,29,0.5841138603478759,0.5829983915618339,nan
1021,A1,full_refit,0.01,30,0.5816087055533438,0.5804936041599377,nan
1021,A1,full_refit,0.01,31,0.579106584706805,0.5779918508719196,nan
1021,A1,full_refit,0.01,32,0.5766075123513424,0.5754931465702168,nan
1021,A1,full_refit,0.01,33,0.5741114997307426,0.5729975031859056,nan
1021,A1,full_refit,0.01,34,0.5716185546896206,0.5705049295437625,nan
1021,A1,full_refit,0.01,35,0.5691286816913491,0.5680154312780762,nan
1021,A1,full_refit,0.01,36,0.5666418820458174,0.5655290109266984,nan
1021,A1,full_refit,0.01,37,0.5641581544081613,0.5630456682805917,nan
1021,A1,full_refit,0.01,38,0.56167749554885,0.5605654010156618,nan
1021,A1,full_refit,0.01,39,0.5591999013246356,0.5580882055648774,nan
1021,A1,full_refit,0.01,40,0.5567253677321069,0.5556140781302752,nan
1021,A1,full_refit,0.01,41,0.5542538919240555,0.5531430157136361,nan
1021,A1,full_refit,0.01,42,0.551785473105067,0.5506750170639223,nan
1021,A1,full_refit,0.01,43,0.5493201132670491,0.5482100834779177,nan
1021,A1,full_refit,0.01,44,0.546857817757106,0.5457482194271603,nan
1021,A1,full_refit,0.01,45,0.544398595689753,0.5432894330135345,nan
1021,A1,full_refit,0.01,46,0.5419424602305906,0.5408337362796861,nan
1021,A1,full_refit,0.01,47,0.5394894287896098,0.5383811454167483,nan
1021,A1,full_refit,0.01,48,0.5370395231638827,0.5359316809154888,nan
1021,A1,full_refit,0.01,49,0.5345927696595483,0.5334853676968723,nan
1021,A1,full_refit,0.01,50,0.5321491992069255,0.5310422352402018,nan
1021,A2,full_refit,0.01,1,0.6504170909636948,0.649288543782367,nan
1021,A2,full_refit,0.01,2,0.6478738722982195,0.6467463450453901,nan
1021,A2,full_refit,0.01,3,0.6453314481991524,0.6442048982903844,nan
1021,A2,full_refit,0.01,4,0.642790003190182,0.641664395671352,nan
1021,A2,full_refit,0.01,5,0.64024967946513,0.6391249852227558,nan
1021,A2,full_refit,0.01,6,0.6377105938847362,0.6365867861413015,nan
1021,A2,full_refit,0.01,7,0.6351728496005242,0.634049896202818,nan
1021,A2,full_refit,0.01,8,0.6326365349279338,0.6315143986060375,nan
1021,A2,full_refit,0.01,9,0.6301017211050491,0.6289803632240342,nan
1021,A2,full_refit,0.01,10,0.6275684736088755,0.6264478570574363,nan
1021,A2,full_refit,0.01,11,0.6250368655007723,0.6239169561179703,nan
1021,A2,full_refit,0.01,12,0.6225069813574008,0.6213877481509483,nan
1021,A2,full_refit,0.01,13,0.6199789128595008,0.6188603275817325,nan
1021,A2,full_refit,0.01,14,0.6174527528763534,0.6163347894206231,nan
1021,A2,full_refit,0.01,15,0.6149285921335693,0.6138112259734552,nan
1021,A2,full_refit,0.01,16,0.6124065188252381,0.6112897266416959,nan
1021,A2,full_refit,0.01,17,0.6098866199394564,0.6087703795318943,nan
1021,A2,full_refit,0.01,18,0.6073689823914203,0.6062532728348645,nan
1021,A2,full_refit,0.01,19,0.6048536925895063,0.6037384945365877,nan
1021,A2,full_refit,0.01,20,0.6023408346998566,0.6012261307697362,nan
1021,A2,full_refit,0.01,21,0.5998304885833,0.5987162637653044,nan
1021,A2,full_refit,0.01,22,0.5973227281476481,0.596208970047291,nan
1021,A2,full_refit,0.01,23,0.5948176206497613,0.5937043193471466,nan
1021,A2,full_refit,0.01,24,0.5923152271830938,0.5912023746250487,nan
1021,A2,full_refit,0.01,25,0.5898156038759651,0.5887031930455184,nan
1021,A2,full_refit,0.01,26,0.5873188028042362,0.5862068270649325,nan
1021,A2,full_refit,0.01,27,0.5848248720303165,0.5837133248666634,nan
1021,A2,full_refit,0.01,28,0.5823338550122994,0.5812227301321898,nan
1021,A2,full_refit,0.01,29,0.5798457899927546,0.5787350816356117,nan
1021,A2,full_refit,0.01,30,0.5773607097745422,0.57625041304814,nan
1021,A2,full_refit,0.01,31,0.574878641906115,0.5737687529897717,nan
1021,A2,full_refit,0.01,32,0.5723996091008857,0.5712901252166842,nan
1021,A2,full_refit,0.01,33,0.5699236297422808,0.5688145489142121,nan
1021,A2,full_refit,0.01,34,0.5674507183829928,0.5663420391035119,nan
1021,A2,full_refit,0.01,35,0.5649808862182182,0.5638726071445849,nan
1021,A2,full_refit,0.01,36,0.5625141416192211,0.5614062613455078,nan
1021,A2,full_refit,0.01,37,0.5600504907869673,0.5589430076714853,nan
1021,A2,full_refit,0.01,38,0.5575899384130569,0.5564828504348662,nan
1021,A2,full_refit,0.01,39,0.5551324882143495,0.5540257928569131,nan
1021,A2,full_refit,0.01,40,0.5526781434177188,0.5515718375928127,nan
1021,A2,full_refit,0.01,41,0.5502269073913627,0.5491209874159613,nan
1021,A2,full_refit,0.01,42,0.5477787844608841,0.5466732460883463,nan
1021,A2,full_refit,0.01,43,0.5453337807096925,0.5442286191989728,nan
1021,A2,full_refit,0.01,44,0.5428919045393766,0.5417871147326929,nan
1021,A2,full_refit,0.01,45,0.5404531669821331,0.5393487433573031,nan
1021,A2,full_refit,0.01,46,0.5380175819580667,0.5369135186254457,nan
1021,A2,full_refit,0.01,47,0.535585166629042,0.5344814572610029,nan
1021,A2,full_refit,0.01,48,0.5331559417711261,0.5320525794852793,nan
1021,A2,full_refit,0.01,49,0.5307299319789671,0.5296269092223767,nan
1021,A2,full_refit,0.01,50,0.5283071656851043,0.5272044741653362,nan
1022,A1,full_refit,0.01,1,0.7434582139577894,0.742300594061287,nan
1022,A1,full_refit,0.01,2,0.7406830060805066,0.7395263390884237,nan
1022,A1,full_refit,0.01,3,0.7379174768991374,0.7367617290707138,nan
1022,A1,full_refit,0.01,4,0.735161873222162,0.7340070118158614,nan
1022,A1,full_refit,0.01,5,0.7324163970108246,0.731262391619528,nan
1022,A1,full_refit,0.01,6,0.7296812035255366,0.7285280273977903,nan
1022,A1,full_refit,0.01,7,0.7269563911754161,0.7258040222273867,nan
1022,A1,full_refit,0.01,8,0.7242419988415842,0.7230904190981259,nan
1022,A1,full_refit,0.01,9,0.7215380236624341,0.7203872164067906,nan
1022,A1,full_refit,0.01,10,0.718844448660372,0.7176943951105096,nan
1022,A1,full_refit,0.01,11,0.716161255292602,0.7150119332837478,nan
1022,A1,full_refit,0.01,12,0.7134884182379528,0.7123398030124686,nan
1022,A1,full_refit,0.01,13,0.7108258949485932,0.7096779606855002,nan
1022,A1,full_refit,0.01,14,0.7081736169016069,0.7070263380174984,nan
1022,A1,full_refit,0.01,15,0.7055314835733004,0.7043848355539379,nan
1022,A1,full_refit,0.01,16,0.7028993587954996,0.701753318655627,nan
1022,A1,full_refit,0.01,17,0.7002770692535036,0.6991316157663686,nan
1022,A1,full_refit,0.01,18,0.6976644050692182,0.6965195188601435,nan
1022,A1,full_refit,0.01,19,0.6950611224376937,0.693916785991968,nan
1022,A1,full_refit,0.01,20,0.6924669481291869,0.6913231457414417,nan
1022,A1,full_refit,0.01,21,0.6898815854073042,0.6887383030898261,nan
1022,A1,full_refit,0.01,22,0.6873047206891733,0.6861619460502586,nan
1022,A1,full_refit,0.01,23,0.6847360302082229,0.6835937523040638,nan
1022,A1,full_refit,0.01,24,0.682175186059618,0.6810333952160751,nan
1022,A1,full_refit,0.01,25,0.6796218612438655,0.6784805488425943,nan
1022,A1,full_refit,0.01,26,0.6770757335740345,0.6759348918037082,nan
1022,A1,full_refit,0.01,27,0.6745364884999271,0.6733961100857703,nan
1022,A1,full_refit,0.01,28,0.6720038210018138,0.6708638989389714,nan
1022,A1,full_refit,0.01,29,0.669477436735312,0.6683379640566071,nan
1022,A1,full_refit,0.01,30,0.6669570526033747,0.6658180222065615,nan
1022,A1,full_refit,0.01,31,0.664442396914425,0.6633038014609358,nan
1022,A1,full_refit,0.01,32,0.661933209260891,0.6607950411436772,nan
1022,A1,full_refit,0.01,33,0.6594292402180372,0.6582914915858731,nan
1022,A1,full_refit,0.01,34,0.65693025092451,0.6557929137459725,nan
1022,A1,full_refit,0.01,35,0.6544360125739128,0.6532990787250049,nan
1022,A1,full_refit,0.01,36,0.6519463058279938,0.6508097671907332,nan
1022,A1,full_refit,0.01,37,0.6494609201569025,0.6483247687201096,nan
1022,A1,full_refit,0.01,38,0.6469796531161931,0.6458438810730207,nan
1022,A1,full_refit,0.01,39,0.6445023095787692,0.6433669094177865,nan
1022,A1,full_refit,0.01,40,0.6420287009486334,0.6408936655365957,nan
1022,A1,full_refit,0.01,41,0.6395586443894057,0.6384239670444878,nan
1022,A1,full_refit,0.01,42,0.6370919621025531,0.6359576366571205,nan
1022,A1,full_refit,0.01,43,0.6346284806879963,0.6334945015401459,nan
1022,A1,full_refit,0.01,44,0.6321680306140541,0.631034392767294,nan
1022,A1,full_refit,0.01,45,0.6297104458160773,0.6285771449066386,nan
1022,A1,full_refit,0.01,46,0.627255563435048,0.6261225957464184,nan
1022,A1,full_refit,0.01,47,0.6248032237000765,0.6236705861643699,nan
1022,A1,full_refit,0.01,48,0.6223532699527677,0.6212209601384772,nan
1022,A1,full_refit,0.01,49,0.6199055488072268,0.6187735648927393,nan
1022,A1,full_refit,0.01,50,0.6174599104369772,0.6163282511690066,nan
1022,A2,full_refit,0.01,1,0.745182349442359,0.7440247295458565,nan
1022,A2,full_refit,0.01,2,0.7424121729713011,0.7412557742142821,nan
1022,A2,full_refit,0.01,3,0.7396510478991803,0.7384958345248412,nan
1022,A2,full_refit,0.01,4,0.7368992219856448,0.7357451588052258,nan
1022,A2,full_refit,0.01,5,0.7341569132615984,0.7330039655477435,nan
1022,A2,full_refit,0.01,6,0.7314243124314224,0.7302724458379745,nan
1022,A2,full_refit,0.01,7,0.7287015829900455,0.7275507634895148,nan
1022,A2,full_refit,0.01,8,0.7259888598810661,0.7248390537179097,nan
1022,A2,full_refit,0.01,9,0.7232862471549644,0.7221374208285961,nan
1022,A2,full_refit,0.01,10,0.7205938150382947,0.7194459353501786,nan
1022,A2,full_refit,0.01,11,0.7179115970761747,0.7167646312929792,nan
1022,A2,full_refit,0.01,12,0.7152395884109614,0.7140935045891028,nan
1022,A2,full_refit,0.01,13,0.7125777463178015,0.7114325137777509,nan
1022,A2,full_refit,0.01,14,0.7099259931591063,0.7087815829996829,nan
1022,A2,full_refit,0.01,15,0.7072842202611043,0.7061406057401352,nan
1022,A2,full_refit,0.01,16,0.7046522906553504,0.7035094473100781,nan
1022,A2,full_refit,0.01,17,0.7020300399695008,0.7008879454759844,nan
1022,A2,full_refit,0.01,18,0.6994172763104061,0.6982759101804119,nan
1022,A2,full_refit,0.01,19,0.6968137803022826,0.6956731235368896,nan
1022,A2,full_refit,0.01,20,0.6942193059294316,0.693079340713555,nan
1022,A2,full_refit,0.01,21,0.6916335823537776,0.6904942918244019,nan
1022,A2,full_refit,0.01,22,0.6890563167003275,0.687917684778667,nan
1022,A2,full_refit,0.01,23,0.6864871977685829,0.6853492090244908,nan
1022,A2,full_refit,0.01,24,0.6839259005542812,0.6827885400722801,nan
1022,A2,full_refit,0.01,25,0.6813720913196112,0.6802353445535848,nan
1022,A2,full_refit,0.01,26,0.6788254328073594,0.6776892854326826,nan
1022,A2,full_refit,0.01,27,0.6762855891458663,0.6751500269308673,nan
1022,A2,full_refit,0.01,28,0.6737522300704788,0.6726172387880572,nan
1022,A2,full_refit,0.01,29,0.6712250342513296,0.6700905996402318,nan
1022,A2,full_refit,0.01,30,0.6687036916876303,0.6675697994600062,nan
1022,A2,full_refit,0.01,31,0.6661879052461409,0.6650545411300295,nan
1022,A2,full_refit,0.01,32,0.6636773914729518,0.6625445412765765,nan
1022,A2,full_refit,0.01,33,0.6611718808124911,0.66003953049951,nan
1022,A2,full_refit,0.01,34,0.6586711173524994,0.65753925312084,nan
1022,A2,full_refit,0.01,35,0.6561748581976459,0.6550434665574423,nan
1022,A2,full_refit,0.01,36,0.6536828725652635,0.6525519404131253,nan
1022,A2,full_refit,0.01,37,0.6511949406936156,0.6500644553812158,nan
1022,A2,full_refit,0.01,38,0.6487108526514739,0.6475808020467141,nan
1022,A2,full_refit,0.01,39,0.6462304071330645,0.6451007796722732,nan
1022,A2,full_refit,0.01,40,0.643753410312578,0.6426241950425062,nan
1022,A2,full_refit,0.01,41,0.6412796748178962,0.6401508614267325,nan
1022,A2,full_refit,0.01,42,0.6388090188658658,0.6376805977030278,nan
1022,A2,full_refit,0.01,43,0.636341265583544,0.6352132276685413,nan
1022,A2,full_refit,0.01,44,0.6338762425232525,0.6327485795443748,nan
1022,A2,full_refit,0.01,45,0.631413781365486,0.6302864856693572,nan
1022,A2,full_refit,0.01,46,0.6289537177936327,0.6278267823667377,nan
1022,A2,full_refit,0.01,47,0.6264958915186829,0.6253693099617526,nan
1022,A2,full_refit,0.01,48,0.6240401464305849,0.6229139129262066,nan
1022,A2,full_refit,0.01,49,0.6215863308551614,0.6204604401282235,nan
1022,A2,full_refit,0.01,50,0.6191342979003494,0.6180087451700511,nan
1023,A1,full_refit,0.01,1,0.6698004404048645,0.6685957544685592,nan
1023,A1,full_refit,0.01,2,0.6671437584405641,0.665939847630265,nan
1023,A1,full_refit,0.01,3,0.6644992113125038,0.6632960817400254,nan
1023,A1,full_refit,0.01,4,0.6618668413178463,0.6606645099401165,nan
1023,A1,full_refit,0.01,5,0.6592465061011058,0.6580449814053044,nan
1023,A1,full_refit,0.01,6,0.6566379013899866,0.65543717675023,nan
1023,A1,full_refit,0.01,7,0.6540404888790523,0.6528405489288835,nan
1023,A1,full_refit,0.01,8,0.651453552735025,0.6502543803453794,nan
1023,A1,full_refit,0.01,9,0.6488764068494319,0.6476779874117929,nan
1023,A1,full_refit,0.01,10,0.6463085170979278,0.6451108404177996,nan
1023,A1,full_refit,0.01,11,0.6437494949200568,0.6425525553737211,nan
1023,A1,full_refit,0.01,12,0.6411990614529443,0.640002857360784,nan
1023,A1,full_refit,0.01,13,0.6386570195276692,0.637461552364457,nan
1023,A1,full_refit,0.01,14,0.636123228794872,0.6349285025006143,nan
1023,A1,full_refit,0.01,15,0.6335975824916539,0.6324036029491008,nan
1023,A1,full_refit,0.01,16,0.6310799886776352,0.6298867633442954,nan
1023,A1,full_refit,0.01,17,0.6285703572066771,0.6273778948752731,nan
1023,A1,full_refit,0.01,18,0.6260685916232814,0.6248769022909688,nan
1023,A1,full_refit,0.01,19,0.6235745844817486,0.6223836793127346,nan
1023,A1,full_refit,0.01,20,0.6210882147776023,0.6198981061411805,nan
1023,A1,full_refit,0.01,21,0.6186093466087397,0.6174200481681098,nan
1023,A1,full_refit,0.01,22,0.6161378285591508,0.614949355380019,nan
1023,A1,full_refit,0.01,23,0.6136734935571876,0.612485862202006,nan
1023,A1,full_refit,0.01,24,0.6112161591224358,0.6100293876972962,nan
1023,A1,full_refit,0.01,25,0.6087656280107663,0.6075797361372799,nan
1023,A1,full_refit,0.01,26,0.6063216893108234,0.6051366980047476,nan
1023,A1,full_refit,0.01,27,0.6038841200352394,0.6027000514875719,nan
1023,A1,full_refit,0.01,28,0.6014526871837232,0.6002695644580959,nan
1023,A1,full_refit,0.01,29,0.5990271501525689,0.5978449968317663,nan
1023,A1,full_refit,0.01,30,0.5966072632765531,0.5954261031044354,nan
1023,A1,full_refit,0.01,31,0.5941927782695956,0.5930126348366045,nan
1023,A1,full_refit,0.01,32,0.5917834463933519,0.5906043429034037,nan
1023,A1,full_refit,0.01,33,0.5893790202848584,0.5882009794243962,nan
1023,A1,full_refit,0.01,34,0.5869792554534864,0.5858022993674233,nan
1023,A1,full_refit,0.01,35,0.5845839114824978,0.5834080618509654,nan
1023,A1,full_refit,0.01,36,0.5821927529531683,0.5810180311556515,nan
1023,A1,full_refit,0.01,37,0.5798055500821095,0.578631977424565,nan
1023,A1,full_refit,0.01,38,0.5774220790563376,0.576249677011634,nan
1023,A1,full_refit,0.01,39,0.5750421220950179,0.573870912459649,nan
1023,A1,full_refit,0.01,40,0.5726654673889763,0.5714954722053317,nan
1023,A1,full_refit,0.01,41,0.5702919092333691,0.569123150339875,nan
1023,A1,full_refit,0.01,42,0.5679212486626457,0.566753746910796,nan
1023,A1,full_refit,0.01,43,0.5655532944960115,0.5643870689413636,nan
1023,A1,full_refit,0.01,44,0.56318786424543,0.5620229316735104,nan
1023,A1,full_refit,0.01,45,0.5608247844747577,0.5596611593625055,nan
1023,A1,full_refit,0.01,46,0.5584638907157742,0.5573015854690115,nan
1023,A1,full_refit,0.01,47,0.5561050272602829,0.5549440525282188,nan
1023,A1,full_refit,0.01,48,0.553748047019877,0.5525884119749642,nan
1023,A1,full_refit,0.01,49,0.5513928114898301,0.5502345240411984,nan
1023,A1,full_refit,0.01,50,0.5490391907892551,0.5478822577353059,nan
1023,A2,full_refit,0.01,1,0.672983602305529,0.6717789163692237,nan
1023,A2,full_refit,0.01,2,0.6703268790237981,0.6691233034227623,nan
1023,A2,full_refit,0.01,3,0.6676817825258243,0.6664793025864448,nan
1023,A2,full_refit,0.01,4,0.6650484075072008,0.6638470403838566,nan
1023,A2,full_refit,0.01,5,0.6624268052506708,0.6612265620938438,nan
1023,A2,full_refit,0.01,6,0.6598169177916107,0.6586178064041904,nan
1023,A2,full_refit,0.01,7,0.6572185097681845,0.6560205357699381,nan
1023,A2,full_refit,0.01,8,0.6546311419808565,0.6534343048134756,nan
1023,A2,full_refit,0.01,9,0.652054195148048,0.6508584872347581,nan
1023,A2,full_refit,0.01,10,0.6494869809441449,0.6482923896365191,nan
1023,A2,full_refit,0.01,11,0.6469288929464787,0.6457354036150079,nan
1023,A2,full_refit,0.01,12,0.6443794911181294,0.643187089183087,nan
1023,A2,full_refit,0.01,13,0.6418384931192368,0.6406471650209995,nan
1023,A2,full_refit,0.01,14,0.6393057234208652,0.6381154570748454,nan
1023,A2,full_refit,0.01,15,0.6367810647413148,0.6355918495558256,nan
1023,A2,full_refit,0.01,16,0.6342644252250014,0.6330762518812734,nan
1023,A2,full_refit,0.01,17,0.6317557181373026,0.6305685784847077,nan
1023,A2,full_refit,0.01,18,0.6292548504693318,0.6280687376978609,nan
1023,A2,full_refit,0.01,19,0.6267617180341742,0.6255766270926051,nan
1023,A2,full_refit,0.01,20,0.6242762034118167,0.623092131461825,nan
1023,A2,full_refit,0.01,21,0.6217981741655932,0.6206151209082964,nan
1023,A2,full_refit,0.01,22,0.6193274814705673,0.6181454492690373,nan
1023,A2,full_refit,0.01,23,0.6168639600334853,0.6156829537369213,nan
1023,A2,full_refit,0.01,24,0.614407428762627,0.6132274553117657,nan
1023,A2,full_refit,0.01,25,0.6119576909146955,0.6107787589784762,nan
1023,A2,full_refit,0.01,26,0.609514534274557,0.6083366540699309,nan
1023,A2,full_refit,0.01,27,0.6070777324120937,0.6059009157110912,nan
1023,A2,full_refit,0.01,28,0.6046470464071398,0.6034713065995567,nan
1023,A2,full_refit,0.01,29,0.6022222261620788,0.6010475782069356,nan
1023,A2,full_refit,0.01,30,0.5998030118805063,0.5986294720287787,nan
1023,A2,full_refit,0.01,31,0.5973891364063246,0.5962167216867299,nan
1023,A2,full_refit,0.01,32,0.5949803277009812,0.5938090553551034,nan
1023,A2,full_refit,0.01,33,0.592576310887539,0.5914061979722064,nan
1023,A2,full_refit,0.01,34,0.5901768105393201,0.5890078737860226,nan
1023,A2,full_refit,0.01,35,0.5877815533620061,0.5866138092317567,nan
1023,A2,full_refit,0.01,36,0.5853902704241252,0.5842237351757666,nan
1023,A2,full_refit,0.01,37,0.5830026988387758,0.5818373884402261,nan
1023,A2,full_refit,0.01,38,0.5806185834941133,0.5794545133383663,nan
1023,A2,full_refit,0.01,39,0.5782376785447441,0.5770748631145868,nan
1023,A2,full_refit,0.01,40,0.5758597481851491,0.5746982008605701,nan
1023,A2,full_refit,0.01,41,0.5734845671778558,0.5723243002767205,nan
1023,A2,full_refit,0.01,42,0.5711119214289128,0.5699529464208618,nan
1023,A2,full_refit,0.01,43,0.5687416081820194,0.5675839358906303,nan
1023,A2,full_refit,0.01,44,0.5663734359194612,0.5652170765475028,nan
1023,A2,full_refit,0.01,45,0.5640072244431029,0.562852187414843,nan
1023,A2,full_refit,0.01,46,0.5616428049111937,0.560489098682127,nan
1023,A2,full_refit,0.01,47,0.5592800196362836,0.5581276516292458,nan
1023,A2,full_refit,0.01,48,0.5569187219928312,0.5557676987113451,nan
1023,A2,full_refit,0.01,49,0.5545587764076833,0.5534091036335408,nan
1023,A2,full_refit,0.01,50,0.5522000581345481,0.551051741039621,nan
1024,A1,full_refit,0.01,1,0.7847770921538989,0.7836354904764526,nan
1024,A1,full_refit,0.01,2,0.7823496105310812,0.7812086390287457,nan
1024,A1,full_refit,0.01,3,0.7799303933376682,0.7787899814320893,nan
1024,A1,full_refit,0.01,4,0.7775188273082843,0.7763789358316002,nan
1024,A1,full_refit,0.01,5,0.7751145523669788,0.7739751468907698,nan
1024,A1,full_refit,0.01,6,0.7727168820026973,0.7715779305780739,nan
1024,A1,full_refit,0.01,7,0.7703251847573049,0.769186655848514,nan
1024,A1,full_refit,0.01,8,0.7679391449550887,0.766801004430779,nan
1024,A1,full_refit,0.01,9,0.7655586431362885,0.7644208542919162,nan
1024,A1,full_refit,0.01,10,0.7631836271660057,0.7620461533601413,nan
1024,A1,full_refit,0.01,11,0.760814060261552,0.7596768675196011,nan
1024,A1,full_refit,0.01,12,0.7584499038101827,0.7573129622413759,nan
1024,A1,full_refit,0.01,13,0.7560911113863682,0.7549543956665892,nan
1024,A1,full_refit,0.01,14,0.7537376262979808,0.7526011156628446,nan
1024,A1,full_refit,0.01,15,0.7513893803743943,0.7502530583234238,nan
1024,A1,full_refit,0.01,16,0.7490462934050759,0.7479101471922764,nan
1024,A1,full_refit,0.01,17,0.7467082730819121,0.7455722930682377,nan
1024,A1,full_refit,0.01,18,0.7443752152809407,0.7432393942496422,nan
1024,A1,full_refit,0.01,19,0.7420470044415485,0.7409113369768625,nan
1024,A1,full_refit,0.01,20,0.7397235138390044,0.7385879958359605,nan
1024,A1,full_refit,0.01,21,0.7374046056891839,0.7362692340153458,nan
1024,A1,full_refit,0.01,22,0.7350901311701111,0.73395490346048,nan
1024,A1,full_refit,0.01,23,0.7327799305126043,0.7316448450579234,nan
1024,A1,full_refit,0.01,24,0.7304738332990202,0.7293388889838175,nan
1024,A1,full_refit,0.01,25,0.728171659061475,0.7270368553138411,nan
1024,A1,full_refit,0.01,26,0.7258732182268732,0.7247385549511383,nan
1024,A1,full_refit,0.01,27,0.7235783134152499,0.7224437908898936,nan
1024,A1,full_refit,0.01,28,0.7212867410379019,0.7201523597750267,nan
1024,A1,full_refit,0.01,29,0.718998293063454,0.7178640536412102,nan
1024,A1,full_refit,0.01,30,0.7167127587707492,0.7155786616602425,nan
1024,A1,full_refit,0.01,31,0.7144299263357958,0.713295971743966,nan
1024,A1,full_refit,0.01,32,0.7121495841898506,0.7110157719310429,nan
1024,A1,full_refit,0.01,33,0.7098715221696421,0.7087378515678439,nan
1024,A1,full_refit,0.01,34,0.7075955325128506,0.7064620023295298,nan
1024,A1,full_refit,0.01,35,0.7053214107390834,0.7041880191195099,nan
1024,A1,full_refit,0.01,36,0.7030489564290765,0.7019157008612036,nan
1024,A1,full_refit,0.01,37,0.7007779738944152,0.6996448511767507,nan
1024,A1,full_refit,0.01,38,0.6985082727227687,0.6973752789398122,nan
1024,A1,full_refit,0.01,39,0.6962396681867974,0.6951067986920193,nan
1024,A1,full_refit,0.01,40,0.693971981513886,0.6928392309207744,nan
1024,A1,full_refit,0.01,41,0.6917050400247573,0.6905724022062887,nan
1024,A1,full_refit,0.01,42,0.6894386771591792,0.6883061452554181,nan
1024,A1,full_refit,0.01,43,0.6871727324146529,0.6860402988473409,nan
1024,A1,full_refit,0.01,44,0.6849070512282764,0.6837747077204971,nan
1024,A1,full_refit,0.01,45,0.6826414848325953,0.6815092224311055,nan
1024,A1,full_refit,0.01,46,0.6803758901135215,0.6792436992112177,nan
1024,A1,full_refit,0.01,47,0.6781101294929924,0.6769779998492518,nan
1024,A1,full_refit,0.01,48,0.6758440708518988,0.6747119916091245,nan
1024,A1,full_refit,0.01,49,0.6735775875009199,0.6724455471964172,nan
1024,A1,full_refit,0.01,50,0.671310558199162,0.6701785447723404,nan
1024,A2,full_refit,0.01,1,0.7833267349603407,0.7821851332828944,nan
1024,A2,full_refit,0.01,2,0.7809310742439807,0.7797900565257523,nan
1024,A2,full_refit,0.01,3,0.7785397772946033,0.7773993099134063,nan
1024,A2,full_refit,0.01,4,0.7761530078823602,0.7750130575079922,nan
1024,A2,full_refit,0.01,5,0.7737708901438584,0.7726314229383893,nan
1024,A2,full_refit,0.01,6,0.7713935100289894,0.7702544918896745,nan
1024,A2,full_refit,0.01,7,0.7690209193333297,0.7678823190359222,nan
1024,A2,full_refit,0.01,8,0.7666531474574458,0.7655149381729822,nan
1024,A2,full_refit,0.01,9,0.7642902124492158,0.7631523692430451,nan
1024,A2,full_refit,0.01,10,0.7619321232530903,0.7607946211601567,nan
1024,A2,full_refit,0.01,11,0.7595788775167606,0.758441691771799,nan
1024,A2,full_refit,0.01,12,0.7572304601179739,0.7560935672623571,nan
1024,A2,full_refit,0.01,13,0.7548868430438221,0.7537502218774483,nan
1024,A2,full_refit,0.01,14,0.7525479858748841,0.7514116179765993,nan
1024,A2,full_refit,0.01,15,0.7502138362070406,0.7490777061077754,nan
1024,A2,full_refit,0.01,16,0.7478843297515554,0.7467484248757797,nan
1024,A2,full_refit,0.01,17,0.7455593903236948,0.7444237007581755,nan
1024,A2,full_refit,0.01,18,0.7432389300734042,0.7421034481972291,nan
1024,A2,full_refit,0.01,19,0.7409228500982814,0.7397875701203811,nan
1024,A2,full_refit,0.01,20,0.7386110413100829,0.7374759587767419,nan
1024,A2,full_refit,0.01,21,0.7363033853495587,0.7351684966795584,nan
1024,A2,full_refit,0.01,22,0.7339997554489294,0.7328650575315105,nan
1024,A2,full_refit,0.01,23,0.7317000172402895,0.7305655071118636,nan
1024,A2,full_refit,0.01,24,0.7294040295044504,0.7282697041126714,nan
1024,A2,full_refit,0.01,25,0.7271116448394843,0.7259775008964309,nan
1024,A2,full_refit,0.01,26,0.7248227102800555,0.7236887441916762,nan
1024,A2,full_refit,0.01,27,0.722537067937658,0.7214032757846963,nan
1024,A2,full_refit,0.01,28,0.720254555677766,0.7191209332256207,nan
1024,A2,full_refit,0.01,29,0.7179750077729579,0.716841550498973,nan
1024,A2,full_refit,0.01,30,0.7156982554754542,0.7145649586091164,nan
1024,A2,full_refit,0.01,31,0.713424127522459,0.7122909860933689,nan
1024,A2,full_refit,0.01,32,0.711152450635451,0.7100194595213672,nan
1024,A2,full_refit,0.01,33,0.7088830500633074,0.7077502040309606,nan
1024,A2,full_refit,0.01,34,0.7066157501787292,0.7054830439136176,nan
1024,A2,full_refit,0.01,35,0.7043503751061981,0.7032178032318864,nan
1024,A2,full_refit,0.01,36,0.7020867493496552,0.7009543064402424,nan
1024,A2,full_refit,0.01,37,0.6998246983912307,0.6986923789818551,nan
1024,A2,full_refit,0.01,38,0.6975640492386023,0.6964318478382535,nan
1024,A2,full_refit,0.01,39,0.6953046309047803,0.6941725420138417,nan
1024,A2,full_refit,0.01,40,0.6930462748119947,0.6919142929445181,nan
1024,A2,full_refit,0.01,41,0.6907888151218686,0.689656934830181,nan
1024,A2,full_refit,0.01,42,0.6885320890054207,0.6874003049027408,nan
1024,A2,full_refit,0.01,43,0.686275936875048,0.6851442436507298,nan
1024,A2,full_refit,0.01,44,0.6840202026036002,0.6828885950256581,nan
1024,A2,full_refit,0.01,45,0.6817647337517847,0.6806332066525931,nan
1024,A2,full_refit,0.01,46,0.6795093818157149,0.6783779300589946,nan
1024,A2,full_refit,0.01,47,0.6772540024948086,0.6761226209246833,nan
1024,A2,full_refit,0.01,48,0.6749984559708483,0.6738671393461421,nan
1024,A2,full_refit,0.01,49,0.6727426071849409,0.6716113501033899,nan
1024,A2,full_refit,0.01,50,0.6704863261003676,0.669355122917846,nan
1025,A1,full_refit,0.01,1,0.7638977626799552,0.7627619196385926,nan
1025,A1,full_refit,0.01,2,0.761597258842976,0.7604630408615545,nan
1025,A1,full_refit,0.01,3,0.7592962956100483,0.7581636775017121,nan
1025,A1,full_refit,0.01,4,0.7569948312668318,0.7558637962092348,nan
1025,A1,full_refit,0.01,5,0.7546928907814602,0.7535634225757718,nan
1025,A1,full_refit,0.01,6,0.7523904968773946,0.7512625780666556,nan
1025,A1,full_refit,0.01,7,0.7500876422573822,0.7489612528119373,nan
1025,A1,full_refit,0.01,8,0.7477842909551521,0.7466594053730986,nan
1025,A1,full_refit,0.01,9,0.7454803866097457,0.7443569742594527,nan
1025,A1,full_refit,0.01,10,0.7431758600104784,0.7420538879500872,nan
1025,A1,full_refit,0.01,11,0.7408706306925719,0.7397500658726315,nan
1025,A1,full_refit,0.01,12,0.7385646036521522,0.7374454137565397,nan
1025,A1,full_refit,0.01,13,0.7362576674347893,0.735139821132298,nan
1025,A1,full_refit,0.01,14,0.733949695173544,0.7328331622677633,nan
1025,A1,full_refit,0.01,15,0.7316405468666236,0.7305252984287168,nan
1025,A1,full_refit,0.01,16,0.7293300710969801,0.7282160795492489,nan
1025,A1,full_refit,0.01,17,0.7270181054010111,0.7259053445456292,nan
1025,A1,full_refit,0.01,18,0.7247044755261058,0.723592920563243,nan
1025,A1,full_refit,0.01,19,0.7223889943586894,0.7212786219468227,nan
1025,A1,full_refit,0.01,20,0.7200714612729591,0.7189622496421927,nan
1025,A1,full_refit,0.01,21,0.7177516622673832,0.7166435913430498,nan
1025,A1,full_refit,0.01,22,0.7154293708320291,0.7143224223112477,nan
1025,A1,full_refit,0.01,23,0.7131043492473909,0.711998506604914,nan
1025,A1,full_refit,0.01,24,0.7107763500075776,0.7096715984467667,nan
1025,A1,full_refit,0.01,25,0.708445117216988,0.7073414435841101,nan
1025,A1,full_refit,0.01,26,0.7061103880086,0.705007780659562,nan
1025,A1,full_refit,0.01,27,0.7037718941432649,0.702670342738862,nan
1025,A1,full_refit,0.01,28,0.7014293638994996,0.7003288591385537,nan
1025,A1,full_refit,0.01,29,0.6990825242179185,0.6979830575592992,nan
1025,A1,full_refit,0.01,30,0.6967311029698919,0.6956326663872497,nan
1025,A1,full_refit,0.01,31,0.6943748312259972,0.6932774169956301,nan
1025,A1,full_refit,0.01,32,0.6920134454572014,0.6909170459517486,nan
1025,A1,full_refit,0.01,33,0.6896466896642494,0.6885512971301142,nan
1025,A1,full_refit,0.01,34,0.6872743174615734,0.6861799237804247,nan
1025,A1,full_refit,0.01,35,0.6848960941176593,0.6838026905742642,nan
1025,A1,full_refit,0.01,36,0.6825117984877841,0.6814193755779792,nan
1025,A1,full_refit,0.01,37,0.680121224710749,0.6790297720206806,nan
1025,A1,full_refit,0.01,38,0.6777241835248506,0.6766336896967705,nan
1025,A1,full_refit,0.01,39,0.6753205031093248,0.6742309558868096,nan
1025,A1,full_refit,0.01,40,0.6729100294522331,0.6718214157785246,nan
1025,A1,full_refit,0.01,41,0.6704926263305543,0.6694049324650316,nan
1025,A1,full_refit,0.01,42,0.668068175014058,0.6669813866350374,nan
1025,A1,full_refit,0.01,43,0.6656365737647786,0.6645506760389439,nan
1025,A1,full_refit,0.01,44,0.6631977371469481,0.6621127147612328,nan
1025,A1,full_refit,0.01,45,0.6607515951505166,0.6596674323140281,nan
1025,A1,full_refit,0.01,46,0.658298092176096,0.6572147726029774,nan
1025,A1,full_refit,0.01,47,0.6558371859787853,0.6547546928600028,nan
1025,A1,full_refit,0.01,48,0.6533688466689789,0.652287162638554,nan
1025,A1,full_refit,0.01,49,0.6508930558196866,0.6498121629228746,nan
1025,A1,full_refit,0.01,50,0.6484098056786062,0.6473296853542947,nan
1025,A2,full_refit,0.01,1,0.7667494811575373,0.7656136381161747,nan
1025,A2,full_refit,0.01,2,0.7644677825338215,0.7633334397192464,nan
1025,A2,full_refit,0.01,3,0.7621855508942588,0.761052674595615,nan
1025,A2,full_refit,0.01,4,0.7599028568871173,0.7587714154599976,nan
1025,A2,full_refit,0.01,5,0.7576197471445555,0.7564897101280221,nan
1025,A2,full_refit,0.01,6,0.7553362425577937,0.7542075815131682,nan
1025,A2,full_refit,0.01,7,0.7530523358643284,0.7519250252074647,nan
1025,A2,full_refit,0.01,8,0.7507679896045243,0.749642007036718,nan
1025,A2,full_refit,0.01,9,0.7484831360277636,0.7473584621824684,nan
1025,A2,full_refit,0.01,10,0.746197678535428,0.745074296034474,nan
1025,A2,full_refit,0.01,11,0.7439114925070671,0.742789384989896,nan
1025,A2,full_refit,0.01,12,0.7416244251759196,0.7405035765482494,nan
1025,A2,full_refit,0.01,13,0.7393362954275746,0.7382166893662943,nan
1025,A2,full_refit,0.01,14,0.7370468938210689,0.7359285135651819,nan
1025,A2,full_refit,0.01,15,0.7347559831532705,0.7336388115149012,nan
1025,A2,full_refit,0.01,16,0.7324633000452966,0.7313473195048737,nan
1025,A2,full_refit,0.01,17,0.7301685576845457,0.7290537504697817,nan
1025,A2,full_refit,0.01,18,0.7278714494504416,0.7267577975673992,nan
1025,A2,full_refit,0.01,19,0.7255716530091195,0.7244591382388869,nan
1025,A2,full_refit,0.01,20,0.7232688345565288,0.7221574384454215,nan
1025,A2,full_refit,0.01,21,0.7209626530759702,0.7198523569421597,nan
1025,A2,full_refit,0.01,22,0.7186527646147268,0.7175435495819977,nan
1025,A2,full_refit,0.01,23,0.7163388266031778,0.7152306736610176,nan
1025,A2,full_refit,0.01,24,0.7140205021545034,0.7129133922361481,nan
1025,A2,full_refit,0.01,25,0.7116974641655531,0.7105913782321743,nan
1025,A2,full_refit,0.01,26,0.7093693989634863,0.7082643180825788,nan
1025,A2,full_refit,0.01,27,0.7070360092461236,0.7059319146545467,nan
1025,A2,full_refit,0.01,28,0.7046970161401485,0.7035938892864392,nan
1025,A2,full_refit,0.01,29,0.7023521603160455,0.7012499828814932,nan
1025,A2,full_refit,0.01,30,0.7000012022136008,0.6988999561155749,nan
1025,A2,full_refit,0.01,31,0.6976439215209103,0.6965435889036309,nan
1025,A2,full_refit,0.01,32,0.6952801161037897,0.6941806793206169,nan
1025,A2,full_refit,0.01,33,0.692909600604247,0.6918110421924177,nan
1025,A2,full_refit,0.01,34,0.6905322049252756,0.6894345075704058,nan
1025,A2,full_refit,0.01,35,0.688147772803124,0.6870509192883067,nan
1025,A2,full_refit,0.01,36,0.6857561606400501,0.6846601337741675,nan
1025,A2,full_refit,0.01,37,0.6833572367257561,0.6822620192481854,nan
1025,A2,full_refit,0.01,38,0.6809508809075008,0.6798564553714267,nan
1025,A2,full_refit,0.01,39,0.6785369846793098,0.6774433333220844,nan
1025,A2,full_refit,0.01,40,0.6761154515690976,0.6750225561833946,nan
1025,A2,full_refit,0.01,41,0.6736861976413773,0.6725940394631235,nan
1025,A2,full_refit,0.01,42,0.6712491519289512,0.6701577115561212,nan
1025,A2,full_refit,0.01,43,0.6688042566594965,0.667713514010516,nan
1025,A2,full_refit,0.01,44,0.6663514672243969,0.6652614015381112,nan
1025,A2,full_refit,0.01,45,0.6638907519111894,0.6628013417842873,nan
1025,A2,full_refit,0.01,46,0.661422091465203,0.660333314918945,nan
1025,A2,full_refit,0.01,47,0.6589454785587597,0.6578573131250948,nan
1025,A2,full_refit,0.01,48,0.6564609172388011,0.6553733400559767,nan
1025,A2,full_refit,0.01,49,0.6539684224082779,0.6528814103171631,nan
1025,A2,full_refit,0.01,50,0.6514680193805162,0.6503815490144869,nan
1026,A1,full_refit,0.01,1,0.8340092178835898,0.8328580202675419,nan
1026,A1,full_refit,0.01,2,0.8314779275265951,0.8303282731445146,nan
1026,A1,full_refit,0.01,3,0.8289516826765767,0.8278035329680844,nan
1026,A1,full_refit,0.01,4,0.8264301350542209,0.8252834505914785,nan
1026,A1,full_refit,0.01,5,0.823912208712619,0.8227669539412802,nan
1026,A1,full_refit,0.01,6,0.8213968193409622,0.8202529715787376,nan
1026,A1,full_refit,0.01,7,0.8188834025239505,0.8177409537241546,nan
1026,A1,full_refit,0.01,8,0.8163716068970998,0.8152305615822995,nan
1026,A1,full_refit,0.01,9,0.8138610911533167,0.8127214599717457,nan
1026,A1,full_refit,0.01,10,0.8113514856760203,0.8102132787806596,nan
1026,A1,full_refit,0.01,11,0.808842390082265,0.8077056146796345,nan
1026,A1,full_refit,0.01,12,0.8063333652087477,0.8051980260359916,nan
1026,A1,full_refit,0.01,13,0.8038239207043717,0.8026900213629768,nan
1026,A1,full_refit,0.01,14,0.8013135066173251,0.8001810508941524,nan
1026,A1,full_refit,0.01,15,0.7988015143751207,0.7976705072472869,nan
1026,A1,full_refit,0.01,16,0.7962872882688355,0.7951577364634442,nan
1026,A1,full_refit,0.01,17,0.7937701454051866,0.7926420573869514,nan
1026,A1,full_refit,0.01,18,0.7912494002026268,0.7901227854598185,nan
1026,A1,full_refit,0.01,19,0.7887243887689142,0.7875992565037082,nan
1026,A1,full_refit,0.01,20,0.7861944888137135,0.7850708465524756,nan
1026,A1,full_refit,0.01,21,0.7836591322720449,0.7825369849819336,nan
1026,A1,full_refit,0.01,22,0.7811178102302119,0.7799971601274025,nan
1026,A1,full_refit,0.01,23,0.7785700716947758,0.7774509185476614,nan
1026,A1,full_refit,0.01,24,0.7760155184268237,0.7748978600769236,nan
1026,A1,full_refit,0.01,25,0.7734537978715872,0.7723376307849764,nan
1026,A1,full_refit,0.01,26,0.7708845957040883,0.7697699154655434,nan
1026,A1,full_refit,0.01,27,0.7683076289565147,0.7671944306780941,nan
1026,A1,full_refit,0.01,28,0.7657226402141819,0.7646109188567117,nan
1026,A1,full_refit,0.01,29,0.7631293930224025,0.762019143637199,nan
1026,A1,full_refit,0.01,30,0.7605276684428459,0.7594188863418475,nan
1026,A1,full_refit,0.01,31,0.7579172626063011,0.7568099434668365,nan
1026,A1,full_refit,0.01,32,0.7552979850884576,0.7541921249968624,nan
1026,A1,full_refit,0.01,33,0.7526696579495266,0.7515652533872219,nan
1026,A1,full_refit,0.01,34,0.7500321153006222,0.7489291630778356,nan
1026,A1,full_refit,0.01,35,0.7473852032747292,0.7462837004207058,nan
1026,A1,full_refit,0.01,36,0.7447287802839095,0.7436287239071984,nan
1026,A1,full_refit,0.01,37,0.7420627174425418,0.740964104578938,nan
1026,A1,full_refit,0.01,38,0.7393868990391222,0.7382897265061878,nan
1026,A1,full_refit,0.01,39,0.7367012229547334,0.7356054872295406,nan
1026,A1,full_refit,0.01,40,0.7340056009556025,0.7329112980869458,nan
1026,A1,full_refit,0.01,41,0.7312999588233866,0.7302070843829066,nan
1026,A1,full_refit,0.01,42,0.7285842363201372,0.7274927853905727,nan
1026,A1,full_refit,0.01,43,0.7258583870083172,0.724768354202767,nan
1026,A1,full_refit,0.01,44,0.7231223779579694,0.7220337574619536,nan
1026,A1,full_refit,0.01,45,0.7203761893755368,0.7192889750033871,nan
1026,A1,full_refit,0.01,46,0.7176198141857494,0.7165339994437255,nan
1026,A1,full_refit,0.01,47,0.7148532575927637,0.7137688357426417,nan
1026,A1,full_refit,0.01,48,0.7120765366415097,0.7109935007597797,nan
1026,A1,full_refit,0.01,49,0.7092896797959655,0.7082080228250249,nan
1026,A1,full_refit,0.01,50,0.706492726548156,0.7054124413369184,nan
1026,A2,full_refit,0.01,1,0.8281002668749566,0.8269490692589087,nan
1026,A2,full_refit,0.01,2,0.8255751730011193,0.8244255379703757,nan
1026,A2,full_refit,0.01,3,0.8230523218770567,0.8219042541181434,nan
1026,A2,full_refit,0.01,4,0.8205315043656478,0.8193850109731294,nan
1026,A2,full_refit,0.01,5,0.8180126179148667,0.816867695319343,nan
1026,A2,full_refit,0.01,6,0.8154955046585026,0.8143521540986342,nan
1026,A2,full_refit,0.01,7,0.8129799641521137,0.8118381885211366,nan
1026,A2,full_refit,0.01,8,0.8104658118919915,0.8093256111112276,nan
1026,A2,full_refit,0.01,9,0.8079528657783666,0.8068142373953815,nan
1026,A2,full_refit,0.01,10,0.8054409169752617,0.8043038575066704,nan
1026,A2,full_refit,0.01,11,0.802929717128605,0.8017942223209388,nan
1026,A2,full_refit,0.01,12,0.800418972266968,0.7992850372305806,nan
1026,A2,full_refit,0.01,13,0.7979083361406372,0.7967759558157078,nan
1026,A2,full_refit,0.01,14,0.7953974043066906,0.794266573902313,nan
1026,A2,full_refit,0.01,15,0.7928857116421595,0.7917564267335648,nan
1026,A2,full_refit,0.01,16,0.790372734729469,0.7892449909910498,nan
1026,A2,full_refit,0.01,17,0.7878578997249512,0.7867316924532115,nan
1026,A2,full_refit,0.01,18,0.7853405955741556,0.7842159192017936,nan
1026,A2,full_refit,0.01,19,0.7828201914380564,0.7816970392003884,nan
1026,A2,full_refit,0.01,20,0.7802960561563955,0.7791744199877076,nan
1026,A2,full_refit,0.01,21,0.7777675769692526,0.7766474476216475,nan
1026,A2,full_refit,0.01,22,0.7752341749075271,0.7741155422277777,nan
1026,A2,full_refit,0.01,23,0.7726953152091812,0.7715781684897196,nan
1026,A2,full_refit,0.01,24,0.7701505123947999,0.7690348407258688,nan
1026,A2,full_refit,0.01,25,0.7675993307274334,0.7664851233029739,nan
1026,A2,full_refit,0.01,26,0.7650413813825867,0.7639286277384715,nan
1026,A2,full_refit,0.01,27,0.7624763177524692,0.761365007934697,nan
1026,A2,full_refit,0.01,28,0.7599038300747274,0.7587939547459678,nan
1026,A2,full_refit,0.01,29,0.7573236402116406,0.7562151907089942,nan
1026,A2,full_refit,0.01,30,0.7547354970545392,0.7536284654121492,nan
1026,A2,full_refit,0.01,31,0.7521391727575022,0.7510335517066526,nan
1026,A2,full_refit,0.01,32,0.7495344598257985,0.7484302427835724,nan
1026,A2,full_refit,0.01,33,0.7469211689816645,0.7458183500376597,nan
1026,A2,full_refit,0.01,34,0.7442991276789674,0.7431977015881275,nan
1026,A2,full_refit,0.01,35,0.7416681791190062,0.7405681413070473,nan
1026,A2,full_refit,0.01,36,0.739028181619443,0.7379295282050226,nan
1026,A2,full_refit,0.01,37,0.7363790082011255,0.7352817360348874,nan
1026,A2,full_refit,0.01,38,0.7337205462814272,0.7326246529954425,nan
1026,A2,full_refit,0.01,39,0.731052697396771,0.7299581814484699,nan
1026,A2,full_refit,0.01,40,0.7283753769183234,0.7272822376024828,nan
1026,A2,full_refit,0.01,41,0.7256885137656603,0.7245967511612512,nan
1026,A2,full_refit,0.01,42,0.7229920501496228,0.7219016649728632,nan
1026,A2,full_refit,0.01,43,0.7202859413726153,0.7191969347290981,nan
1026,A2,full_refit,0.01,44,0.7175701556799865,0.7164825287432989,nan
1026,A2,full_refit,0.01,45,0.7148446741122092,0.7137584277874183,nan
1026,A2,full_refit,0.01,46,0.7121094902899326,0.7110246249285106,nan
1026,A2,full_refit,0.01,47,0.7093646100885039,0.7082811253016821,nan
1026,A2,full_refit,0.01,48,0.7066100512053676,0.7055279457890635,nan
1026,A2,full_refit,0.01,49,0.7038458426600526,0.702765114615393,nan
1026,A2,full_refit,0.01,50,0.7010720242771745,0.6999926708963239,nan
1027,A1,full_refit,0.01,1,0.6884159246620898,0.6871923354647769,nan
1027,A1,full_refit,0.01,2,0.6862416483073195,0.6850191656098727,nan
1027,A1,full_refit,0.01,3,0.6840742891501864,0.6828529192461842,nan
1027,A1,full_refit,0.01,4,0.681913963116801,0.6806937031630166,nan
1027,A1,full_refit,0.01,5,0.6797607349046617,0.6785415852220645,nan
1027,A1,full_refit,0.01,6,0.6776146347547718,0.6763965988918063,nan
1027,A1,full_refit,0.01,7,0.6754756397564613,0.6742587279226228,nan
1027,A1,full_refit,0.01,8,0.6733436803292202,0.672127908646125,nan
1027,A1,full_refit,0.01,9,0.6712186481932444,0.6700040362506513,nan
1027,A1,full_refit,0.01,10,0.6691004012842825,0.667886969547563,nan
1027,A1,full_refit,0.01,11,0.6669887637300453,0.6657765318095795,nan
1027,A1,full_refit,0.01,12,0.6648835202791,0.663672506245609,nan
1027,A1,full_refit,0.01,13,0.6627844105513917,0.6615746307948692,nan
1027,A1,full_refit,0.01,14,0.6606911272389155,0.6594825964379047,nan
1027,A1,full_refit,0.01,15,0.6586033188746706,0.6573960498505442,nan
1027,A1,full_refit,0.01,16,0.6565205961578217,0.6553145995287769,nan
1027,A1,full_refit,0.01,17,0.6544425402002649,0.6532378239596281,nan
1027,A1,full_refit,0.01,18,0.6523687109352085,0.6511652802241953,nan
1027,A1,full_refit,0.01,19,0.6502986545686357,0.6490965118179188,nan
1027,A1,full_refit,0.01,20,0.6482319098092786,0.6470310552097915,nan
1027,A1,full_refit,0.01,21,0.6461680129488234,0.644968445087934,nan
1027,A1,full_refit,0.01,22,0.6441065017988309,0.6429082183004212,nan
1027,A1,full_refit,0.01,23,0.6420469184540005,0.6408499165207748,nan
1027,A1,full_refit,0.01,24,0.6399888109607004,0.6387930877777815,nan
1027,A1,full_refit,0.01,25,0.6379317341205186,0.6367372871210433,nan
1027,A1,full_refit,0.01,26,0.6358752497493748,0.6346820767647403,nan
1027,A1,full_refit,0.01,27,0.6338189267118363,0.6326270260367517,nan
1027,A1,full_refit,0.01,28,0.6317623409787073,0.6305717113797213,nan
1027,A1,full_refit,0.01,29,0.6297050758564073,0.6285157165463676,nan
1027,A1,full_refit,0.01,30,0.6276467224463722,0.6264586330395275,nan
1027,A1,full_refit,0.01,31,0.6255868803290762,0.6244000607847049,nan
1027,A1,full_refit,0.01,32,0.623525158429836,0.6223396089878669,nan
1027,A1,full_refit,0.01,33,0.6214611760045077,0.6202768971149256,nan
1027,A1,full_refit,0.01,34,0.6193945636757707,0.6182115559239845,nan
1027,A1,full_refit,0.01,35,0.6173249644516899,0.6161432284832838,nan
1027,A1,full_refit,0.01,36,0.615252034666433,0.6140715711157235,nan
1027,A1,full_refit,0.01,37,0.6131754447972569,0.6119962542241669,nan
1027,A1,full_refit,0.01,38,0.6110948801300975,0.6099169629689226,nan
1027,A1,full_refit,0.01,39,0.609010041265394,0.607833397787344,nan
1027,A1,full_refit,0.01,40,0.6069206444731436,0.60574527476254,nan
1027,A1,full_refit,0.01,41,0.6048264219191181,0.6036523258612418,nan
1027,A1,full_refit,0.01,42,0.6027271217913648,0.601554299068478,nan
1027,A1,full_refit,0.01,43,0.6006225083577323,0.5994509584488981,nan
1027,A1,full_refit,0.01,44,0.5985123619825458,0.5973420841625909,nan
1027,A1,full_refit,0.01,45,0.5963964791256099,0.5952274724589292,nan
1027,A1,full_refit,0.01,46,0.594274672340855,0.5931069356667288,nan
1027,A1,full_refit,0.01,47,0.5921467702856831,0.5909803021933399,nan
1027,A1,full_refit,0.01,48,0.5900126177452282,0.5888474165388198,nan
1027,A1,full_refit,0.01,49,0.5878720756682574,0.5867081393238844,nan
1027,A1,full_refit,0.01,50,0.5857250212041711,0.5845623473226075,nan
1027,A2,full_refit,0.01,1,0.6914353020063082,0.6902117128089953,nan
1027,A2,full_refit,0.01,2,0.689240634411594,0.6880182425455694,nan
1027,A2,full_refit,0.01,3,0.6870532788786228,0.6858320896230574,nan
1027,A2,full_refit,0.01,4,0.6848732076843214,0.6836532394597408,nan
1027,A2,full_refit,0.01,5,0.6827004745636772,0.6814817259259626,nan
1027,A2,full_refit,0.01,6,0.6805350943433437,0.679317563818803,nan
1027,A2,full_refit,0.01,7,0.6783769972155422,0.6771606914468519,nan
1027,A2,full_refit,0.01,8,0.6762260410339621,0.6750109755081461,nan
1027,A2,full_refit,0.01,9,0.6740820441561999,0.6728682395301192,nan
1027,A2,full_refit,0.01,10,0.6719448058798327,0.670732283464063,nan
1027,A2,full_refit,0.01,11,0.6698141059690415,0.6686028848901937,nan
1027,A2,full_refit,0.01,12,0.6676896955253172,0.6664797917998052,nan
1027,A2,full_refit,0.01,13,0.6655712899605641,0.6643627166722134,nan
1027,A2,full_refit,0.01,14,0.663458568283772,0.6622513360976169,nan
1027,A2,full_refit,0.01,15,0.6613511787553591,0.6601452963724906,nan
1027,A2,full_refit,0.01,16,0.6592487490079203,0.6580442234753656,nan
1027,A2,full_refit,0.01,17,0.6571508979134385,0.6559477348403312,nan
1027,A2,full_refit,0.01,18,0.6550572463107821,0.653855450063781,nan
1027,A2,full_refit,0.01,19,0.6529674241958208,0.6517669981206258,nan
1027,A2,full_refit,0.01,20,0.6508810730751311,0.6496820197563642,nan
1027,A2,full_refit,0.01,21,0.6487978435616247,0.6476001651070047,nan
1027,A2,full_refit,0.01,22,0.6467173894826199,0.6455210878021536,nan
1027,A2,full_refit,0.01,23,0.6446393604526393,0.643444437496972,nan
1027,A2,full_refit,0.01,24,0.6425633949633627,0.641369852885837,nan
1027,A2,full_refit,0.01,25,0.6404891156623946,0.6392969568778682,nan
1027,A2,full_refit,0.01,26,0.6384161277825565,0.6372253549141168,nan
1027,A2,full_refit,0.01,27,0.6363440208179959,0.6351546365476763,nan
1027,A2,full_refit,0.01,28,0.63427237274852,0.6330843796110756,nan
1027,A2,full_refit,0.01,29,0.6322007556352767,0.631014155804168,nan
1027,A2,full_refit,0.01,30,0.6301287413845217,0.6289435364920268,nan
1027,A2,full_refit,0.01,31,0.6280559068226642,0.6268720978371087,nan
1027,A2,full_refit,0.01,32,0.6259818377068371,0.6247994248700424,nan
1027,A2,full_refit,0.01,33,0.6239061316821716,0.6227251144972495,nan
1027,A2,full_refit,0.01,34,0.6218284003915525,0.6206487776466989,nan
1027,A2,full_refit,0.01,35,0.6197482709740071,0.6185700407892581,nan
1027,A2,full_refit,0.01,36,0.6176653871337743,0.6164885470212335,nan
1027,A2,full_refit,0.01,37,0.6155794098915331,0.6144039568229419,nan
1027,A2,full_refit,0.01,38,0.6134900180765582,0.6123159485543076,nan
1027,A2,full_refit,0.01,39,0.6113969085911185,0.6102242187198453,nan
1027,A2,full_refit,0.01,40,0.609299796470465,0.6081284820266065,nan
1027,A2,full_refit,0.01,41,0.6071984147646141,0.6060284712611179,nan
1027,A2,full_refit,0.01,42,0.605092514274752,0.6039239370178853,nan
1027,A2,full_refit,0.01,43,0.6029818631830006,0.6018146473181318,nan
1027,A2,full_refit,0.01,44,0.6008662466172704,0.5997003871607589,nan
1027,A2,full_refit,0.01,45,0.5987454661920911,0.5975809580471184,nan
1027,A2,full_refit,0.01,46,0.5966193395617798,0.5954561775170882,nan
1027,A2,full_refit,0.01,47,0.594487700014705,0.5933258787266581,nan
1027,A2,full_refit,0.01,48,0.5923503961278614,0.5911899100877673,nan
1027,A2,full_refit,0.01,49,0.5902072914908358,0.58904813498078,nan
1027,A2,full_refit,0.01,50,0.5880582644989187,0.5869004315401528,nan
1028,A1,full_refit,0.01,1,0.6903006559519275,0.6892120147335783,nan
1028,A1,full_refit,0.01,2,0.6876784747713734,0.6865908316906503,nan
1028,A1,full_refit,0.01,3,0.6850662327334107,0.6839795996071129,nan
1028,A1,full_refit,0.01,4,0.6824641225869631,0.6813784782161146,nan
1028,A1,full_refit,0.01,5,0.6798723207159426,0.6787876240886475,nan
1028,A1,full_refit,0.01,6,0.6772909563896881,0.6762071599140983,nan
1028,A1,full_refit,0.01,7,0.6747201316784149,0.6736371896694742,nan
1028,A1,full_refit,0.01,8,0.6721599393759713,0.6710778103292472,nan
1028,A1,full_refit,0.01,9,0.6696104705866353,0.6685291186521896,nan
1028,A1,full_refit,0.01,10,0.6670718082810572,0.6659912031473151,nan
1028,A1,full_refit,0.01,11,0.6645440185809102,0.6634641349211168,nan
1028,A1,full_refit,0.01,12,0.662027147282039,0.6609479641504814,nan
1028,A1,full_refit,0.01,13,0.6595212207735277,0.6584427202102939,nan
1028,A1,full_refit,0.01,14,0.65702624829378,0.6559484135688567,nan
1028,A1,full_refit,0.01,15,0.654542222397388,0.6534650370154697,nan
1028,A1,full_refit,0.01,16,0.6520691179459767,0.6509925653904133,nan
1028,A1,full_refit,0.01,17,0.649606891548145,0.6485309554524507,nan
1028,A1,full_refit,0.01,18,0.6471554828140913,0.6460801477903738,nan
1028,A1,full_refit,0.01,19,0.6447148171837978,0.6436400701648164,nan
1028,A1,full_refit,0.01,20,0.6422848082928664,0.6412106394828992,nan
1028,A1,full_refit,0.01,21,0.6398653589880229,0.6387917619934269,nan
1028,A1,full_refit,0.01,22,0.6374563618943223,0.636383333233845,nan
1028,A1,full_refit,0.01,23,0.6350577004180735,0.6339852384942546,nan
1028,A1,full_refit,0.01,24,0.6326692502582314,0.6315973537927856,nan
1028,A1,full_refit,0.01,25,0.6302908804888311,0.6292195468167662,nan
1028,A1,full_refit,0.01,26,0.6279224533720748,0.6268516771507773,nan
1028,A1,full_refit,0.01,27,0.6255638234185306,0.6244935960401313,nan
1028,A1,full_refit,0.01,28,0.6232148369039501,0.6221451467345042,nan
1028,A1,full_refit,0.01,29,0.6208753323863694,0.6198061657732514,nan
1028,A1,full_refit,0.01,30,0.618545141572022,0.6174764841852586,nan
1028,A1,full_refit,0.01,31,0.6162240896981287,0.6151559276801423,nan
1028,A1,full_refit,0.01,32,0.6139119955341582,0.6128443161659646,nan
1028,A1,full_refit,0.01,33,0.6116086716597089,0.610541463386257,nan
1028,A1,full_refit,0.01,34,0.6093139253159164,0.6082471771044978,nan
1028,A1,full_refit,0.01,35,0.6070275593695764,0.6059612596933088,nan
1028,A1,full_refit,0.01,36,0.6047493728207392,0.6036835087567493,nan
1028,A1,full_refit,0.01,37,0.6024791610305282,0.6014137178575197,nan
1028,A1,full_refit,0.01,38,0.6002167162600314,0.5991516777143772,nan
1028,A1,full_refit,0.01,39,0.597961828592165,0.5968971776400073,nan
1028,A1,full_refit,0.01,40,0.5957142866991081,0.5946500064256479,nan
1028,A1,full_refit,0.01,41,0.5934738781711261,0.5924099523939391,nan
1028,A1,full_refit,0.01,42,0.5912403897692622,0.5901768031353396,nan
1028,A1,full_refit,0.01,43,0.5890136080278466,0.5879503455355656,nan
1028,A1,full_refit,0.01,44,0.5867933200997253,0.5857303662620321,nan
1028,A1,full_refit,0.01,45,0.5845793144505214,0.5835166525364859,nan
1028,A1,full_refit,0.01,46,0.5823713814144204,0.581308993165037,nan
1028,A1,full_refit,0.01,47,0.5801693139621691,0.5791071799295072,nan
1028,A1,full_refit,0.01,48,0.5779729086855218,0.5769110090235744,nan
1028,A1,full_refit,0.01,49,0.575781966585678,0.5747202818980703,nan
1028,A1,full_refit,0.01,50,0.5735962934775681,0.5725348053383643,nan
1028,A2,full_refit,0.01,1,0.6908447738057505,0.6897561325874013,nan
1028,A2,full_refit,0.01,2,0.6882190521014607,0.6871315008851341,nan
1028,A2,full_refit,0.01,3,0.6856032062696159,0.6845167081333666,nan
1028,A2,full_refit,0.01,4,0.6829974448008986,0.6819119688496548,nan
1028,A2,full_refit,0.01,5,0.6804019429633394,0.6793174642926858,nan
1028,A2,full_refit,0.01,6,0.6778168414044883,0.676733340943075,nan
1028,A2,full_refit,0.01,7,0.6752422616153907,0.6741597239116474,nan
1028,A2,full_refit,0.01,8,0.6726783150351953,0.6715967265882637,nan
1028,A2,full_refit,0.01,9,0.6701250978839633,0.6690444466308745,nan
1028,A2,full_refit,0.01,10,0.6675826872458115,0.6665029620381929,nan
1028,A2,full_refit,0.01,11,0.6650511416232633,0.6639723314005318,nan
1028,A2,full_refit,0.01,12,0.6625305030535157,0.6614525959306655,nan
1028,A2,full_refit,0.01,13,0.6600207988439284,0.6589437813400056,nan
1028,A2,full_refit,0.01,14,0.6575220423018299,0.6564458988380776,nan
1028,A2,full_refit,0.01,15,0.65503423276666,0.6539589454735674,nan
1028,A2,full_refit,0.01,16,0.6525573559308651,0.6514829047422409,nan
1028,A2,full_refit,0.01,17,0.6500913852066437,0.649017748187508,nan
1028,A2,full_refit,0.01,18,0.6476362835528531,0.6465634373856863,nan
1028,A2,full_refit,0.01,19,0.6451920043396796,0.6441199248789455,nan
1028,A2,full_refit,0.01,20,0.6427584906684078,0.6416871534880813,nan
1028,A2,full_refit,0.01,21,0.6403356737683096,0.6392650546577219,nan
1028,A2,full_refit,0.01,22,0.6379234713464796,0.6368535467234203,nan
1028,A2,full_refit,0.01,23,0.6355217864062673,0.6344525336140562,nan
1028,A2,full_refit,0.01,24,0.6331305067430626,0.632061904200448,nan
1028,A2,full_refit,0.01,25,0.6307495051966948,0.629681532384847,nan
1028,A2,full_refit,0.01,26,0.6283786406181995,0.6273112779174442,nan
1028,A2,full_refit,0.01,27,0.6260177592974426,0.6249509877237055,nan
1028,A2,full_refit,0.01,28,0.6236666964183185,0.6226004973386065,nan
1028,A2,full_refit,0.01,29,0.6213252771637412,0.6202596320676294,nan
1028,A2,full_refit,0.01,30,0.618993317374114,0.6179282077443259,nan
1028,A2,full_refit,0.01,31,0.6166706239400308,0.6156060312278875,nan
1028,A2,full_refit,0.01,32,0.6143569952200858,0.6132929009127911,nan
1028,A2,full_refit,0.01,33,0.6120522217279406,0.6109886074903906,nan
1028,A2,full_refit,0.01,34,0.6097560871868988,0.6086929350547201,nan
1028,A2,full_refit,0.01,35,0.6074683698582753,0.6064056624462124,nan
1028,A2,full_refit,0.01,36,0.6051888439077349,0.6041265645918618,nan
1028,A2,full_refit,0.01,37,0.6029172805794949,0.6018554136242755,nan
1028,A2,full_refit,0.01,38,0.6006534490930939,0.5995919797134908,nan
1028,A2,full_refit,0.01,39,0.5983971173574751,0.5973360317116131,nan
1028,A2,full_refit,0.01,40,0.5961480527095298,0.5950873378084612,nan
1028,A2,full_refit,0.01,41,0.593906022857234,0.5928456663790292,nan
1028,A2,full_refit,0.01,42,0.5916707970290297,0.5906107870532187,nan
1028,A2,full_refit,0.01,43,0.5894421471304419,0.5883824718461516,nan
1028,A2,full_refit,0.01,44,0.587219848680526,0.5861604961284084,nan
1028,A2,full_refit,0.01,45,0.5850036814561962,0.5839446393363177,nan
1028,A2,full_refit,0.01,46,0.5827934299373975,0.5817346854855744,nan
1028,A2,full_refit,0.01,47,0.5805888837032899,0.579530423629819,nan
1028,A2,full_refit,0.01,48,0.5783898378888978,0.5773316483795085,nan
1028,A2,full_refit,0.01,49,0.576196093714367,0.5751381604947517,nan
1028,A2,full_refit,0.01,50,0.5740074589921579,0.5729497674458077,nan
1029,A1,full_refit,0.01,1,0.7789099974370823,0.7777573311379677,nan
1029,A1,full_refit,0.01,2,0.7756913957963956,0.7745394104716549,nan
1029,A1,full_refit,0.01,3,0.7724872471967398,0.7713359093610225,nan
1029,A1,full_refit,0.01,4,0.7692978933392266,0.7681471713988519,nan
1029,A1,full_refit,0.01,5,0.7661236423206766,0.7649735081103427,nan
1029,A1,full_refit,0.01,6,0.7629647608079886,0.7618151908144444,nan
1029,A1,full_refit,0.01,7,0.7598214701927852,0.7586724445055737,nan
1029,A1,full_refit,0.01,8,0.7566939507448518,0.7555454504774802,nan
1029,A1,full_refit,0.01,9,0.7535823446277286,0.7524343507474783,nan
1029,A1,full_refit,0.01,10,0.7504867588025848,0.7493392520205525,nan
1029,A1,full_refit,0.01,11,0.7474072714406254,0.74626023202541,nan
1029,A1,full_refit,0.01,12,0.7443439360715401,0.7431973436168146,nan
1029,A1,full_refit,0.01,13,0.7412967806392164,0.7401506140406184,nan
1029,A1,full_refit,0.01,14,0.7382658051886546,0.7371200428262692,nan
1029,A1,full_refit,0.01,15,0.7352509820053434,0.7341056020079206,nan
1029,A1,full_refit,0.01,16,0.7322522586740715,0.7311072391744123,nan
1029,A1,full_refit,0.01,17,0.7292695622965357,0.7281248816433302,nan
1029,A1,full_refit,0.01,18,0.7263028029726868,0.7251584398912887,nan
1029,A1,full_refit,0.01,19,0.7233518756379014,0.7222078093377585,nan
1029,A1,full_refit,0.01,20,0.7204166603577866,0.7192728705838168,nan
1029,A1,full_refit,0.01,21,0.7174970217183062,0.716353488745456,nan
1029,A1,full_refit,0.01,22,0.7145928080159951,0.7134495125913889,nan
1029,A1,full_refit,0.01,23,0.711703850748036,0.7105607739916502,nan
1029,A1,full_refit,0.01,24,0.7088299646299556,0.7076870879103032,nan
1029,A1,full_refit,0.01,25,0.7059709481623191,0.7048282529662563,nan
1029,A1,full_refit,0.01,26,0.703126584669501,0.7019840524840781,nan
1029,A1,full_refit,0.01,27,0.7002966437217174,0.6991542559415149,nan
1029,A1,full_refit,0.01,28,0.6974808828794012,0.696338620746589,nan
1029,A1,full_refit,0.01,29,0.6946790497255191,0.6935368943037752,nan
1029,A1,full_refit,0.01,30,0.6918908841553895,0.6907488163341485,nan
1029,A1,full_refit,0.01,31,0.6891161208741279,0.6879741213969127,nan
1029,A1,full_refit,0.01,32,0.686354492020378,0.6852125415300425,nan
1029,A1,full_refit,0.01,33,0.6836057298058706,0.6824638088999322,nan
1029,A1,full_refit,0.01,34,0.6808695690445188,0.6797276583348197,nan
1029,A1,full_refit,0.01,35,0.6781457494472117,0.6770038296194738,nan
1029,A1,full_refit,0.01,36,0.6754340175785376,0.6742920694486688,nan
1029,A1,full_refit,0.01,37,0.6727341284044918,0.6715921329696374,nan
1029,A1,full_refit,0.01,38,0.6700458463990662,0.6689037848823004,nan
1029,A1,full_refit,0.01,39,0.6673689462155535,0.6662268001037979,nan
1029,A1,full_refit,0.01,40,0.6647032129600562,0.6635609640353011,nan
1029,A1,full_refit,0.01,41,0.6620484421268091,0.660906072491051,nan
1029,A1,full_refit,0.01,42,0.6594044392666746,0.6582619313611825,nan
1029,A1,full_refit,0.01,43,0.6567710194624714,0.6556283560821083,nan
1029,A1,full_refit,0.01,44,0.6541480066798541,0.6530051709832195,nan
1029,A1,full_refit,0.01,45,0.6515352330528319,0.650392208568977,nan
1029,A1,full_refit,0.01,46,0.648932538151131,0.6477893087835576,nan
1029,A1,full_refit,0.01,47,0.6463397682644285,0.6451963182930143,nan
1029,A1,full_refit,0.01,48,0.6437567757273324,0.6426130898087463,nan
1029,A1,full_refit,0.01,49,0.641183418299603,0.6400394814666887,nan
1029,A1,full_refit,0.01,50,0.6386195586087634,0.637475356269278,nan
1029,A2,full_refit,0.01,1,0.7825687790562474,0.7814161127571329,nan
1029,A2,full_refit,0.01,2,0.7793657448940067,0.7782135583397937,nan
1029,A2,full_refit,0.01,3,0.7761769927212323,0.7750252528670931,nan
1029,A2,full_refit,0.01,4,0.773002863685689,0.7718515416396712,nan
1029,A2,full_refit,0.01,5,0.7698436407433387,0.7686927147909535,nan
1029,A2,full_refit,0.01,6,0.7666995251042884,0.7655489828581554,nan
1029,A2,full_refit,0.01,7,0.7635706473650693,0.7624204827310902,nan
1029,A2,full_refit,0.01,8,0.7604571181309792,0.7593073247619545,nan
1029,A2,full_refit,0.01,9,0.7573590535329271,0.7562096211551644,nan
1029,A2,full_refit,0.01,10,0.7542765658386762,0.7531274801845372,nan
1029,A2,full_refit,0.01,11,0.7512097518521301,0.7500609956872218,nan
1029,A2,full_refit,0.01,12,0.7481586907274856,0.7470102446319425,nan
1029,A2,full_refit,0.01,13,0.7451234457530981,0.7439752885888266,nan
1029,A2,full_refit,0.01,14,0.7421040644092637,0.7409561737077607,nan
1029,A2,full_refit,0.01,15,0.7391005756481674,0.7379529280246239,nan
1029,A2,full_refit,0.01,16,0.7361129857868226,0.7349655573598439,nan
1029,A2,full_refit,0.01,17,0.7331412743958436,0.7319940411659013,nan
1029,A2,full_refit,0.01,18,0.7301853909006958,0.7290383290633003,nan
1029,A2,full_refit,0.01,19,0.7272452521635914,0.7260983383566648,nan
1029,A2,full_refit,0.01,20,0.7243207411319441,0.7231739526272628,nan
1029,A2,full_refit,0.01,21,0.7214117065923001,0.7202650214417432,nan
1029,A2,full_refit,0.01,22,0.7185179640629766,0.7173713612074274,nan
1029,A2,full_refit,0.01,23,0.7156392978442631,0.7144927571898269,nan
1029,A2,full_refit,0.01,24,0.7127754641998799,0.7116289666639075,nan
1029,A2,full_refit,0.01,25,0.7099261955649314,0.7087797230934065,nan
1029,A2,full_refit,0.01,26,0.7070912055764983,0.7059447411344221,nan
1029,A2,full_refit,0.01,27,0.7042701946263109,0.7031237221634246,nan
1029,A2,full_refit,0.01,28,0.7014628555670587,0.700316359962186,nan
1029,A2,full_refit,0.01,29,0.6986688791857854,0.6975223461739283,nan
1029,A2,full_refit,0.01,30,0.6958879590973848,0.6947413751842587,nan
1029,A2,full_refit,0.01,31,0.6931197958001416,0.6919731481690167,nan
1029,A2,full_refit,0.01,32,0.6903640997525003,0.6892173761680409,nan
1029,A2,full_refit,0.01,33,0.6876205934497988,0.6864737821631433,nan
1029,A2,full_refit,0.01,34,0.6848890125794316,0.6837421022380995,nan
1029,A2,full_refit,0.01,35,0.6821691063999364,0.6810220859653757,nan
1029,A2,full_refit,0.01,36,0.6794606375213501,0.6783134961961005,nan
1029,A2,full_refit,0.01,37,0.6767633812662367,0.6756161084318585,nan
1029,A2,full_refit,0.01,38,0.6740771247722728,0.6729297099384214,nan
1029,A2,full_refit,0.01,39,0.6714016659677717,0.670254098732153,nan
1029,A2,full_refit,0.01,40,0.6687368125188301,0.6675890825372713,nan
1029,A2,full_refit,0.01,41,0.6660823808160942,0.6649344777816284,nan
1029,A2,full_refit,0.01,42,0.6634381950432224,0.6622901086729053,nan
1029,A2,full_refit,0.01,43,0.6608040863489577,0.6596558063770896,nan
1029,A2,full_refit,0.01,44,0.6581798921300934,0.6570314083065721,nan
1029,A2,full_refit,0.01,45,0.6555654554227599,0.654416757515418,nan
1029,A2,full_refit,0.01,46,0.6529606243933924,0.6518117021933326,nan
1029,A2,full_refit,0.01,47,0.6503652519174918,0.6492160952466111,nan
1029,A2,full_refit,0.01,48,0.6477791952330552,0.6466297939531155,nan
1029,A2,full_refit,0.01,49,0.6452023156556598,0.6440526596784156,nan
1029,A2,full_refit,0.01,50,0.6426344783431324,0.6414845576411486,nan
1030,A1,full_refit,0.01,1,0.7910111236468332,0.7899237935139487,nan
1030,A1,full_refit,0.01,2,0.7880408638162368,0.7869545647509645,nan
1030,A1,full_refit,0.01,3,0.7850788779449686,0.7839935780845084,nan
1030,A1,full_refit,0.01,4,0.782125378713063,0.7810410531627098,nan
1030,A1,full_refit,0.01,5,0.7791805224366276,0.7780971543825729,nan
1030,A1,full_refit,0.01,6,0.776244450406569,0.7751620306818647,nan
1030,A1,full_refit,0.01,7,0.7733172871751741,0.7722358111082441,nan
1030,A1,full_refit,0.01,8,0.7703991451435797,0.7693186036271119,nan
1030,A1,full_refit,0.01,9,0.7674901259529054,0.7664105034548166,nan
1030,A1,full_refit,0.01,10,0.7645903121797126,0.7635115888713794,nan
1030,A1,full_refit,0.01,11,0.7616997610600572,0.7606219148593807,nan
1030,A1,full_refit,0.01,12,0.7588185011762841,0.7577415091506191,nan
1030,A1,full_refit,0.01,13,0.7559465305524166,0.754870369922918,nan
1030,A1,full_refit,0.01,14,0.7530838154252761,0.7520084643688865,nan
1030,A1,full_refit,0.01,15,0.750230289530604,0.7491557277953789,nan
1030,A1,full_refit,0.01,16,0.7473858540150189,0.746312063176433,nan
1030,A1,full_refit,0.01,17,0.7445503781318019,0.7434773413296719,nan
1030,A1,full_refit,0.01,18,0.7417237005986788,0.7406514019328674,nan
1030,A1,full_refit,0.01,19,0.7389056312506224,0.737834055252864,nan
1030,A1,full_refit,0.01,20,0.736095952871588,0.7350250842663033,nan
1030,A1,full_refit,0.01,21,0.733294423429921,0.7322242471125342,nan
1030,A1,full_refit,0.01,22,0.730500778955629,0.7294312800486368,nan
1030,A1,full_refit,0.01,23,0.7277147371404521,0.7266459010423454,nan
1030,A1,full_refit,0.01,24,0.7249360015871942,0.7238678139856687,nan
1030,A1,full_refit,0.01,25,0.7221642665086209,0.7210967133589375,nan
1030,A1,full_refit,0.01,26,0.7193992215815852,0.7183322890619224,nan
1030,A1,full_refit,0.01,27,0.7166405566156704,0.7155742310733704,nan
1030,A1,full_refit,0.01,28,0.713887965711556,0.7128222336121751,nan
1030,A1,full_refit,0.01,29,0.7111411506614077,0.710075998548535,nan
1030,A1,full_refit,0.01,30,0.7083998234644805,0.7073352379334527,nan
1030,A1,full_refit,0.01,31,0.7056637079671152,0.7045996756508319,nan
1030,A1,full_refit,0.01,32,0.7029325407549111,0.7018690483157549,nan
1030,A1,full_refit,0.01,33,0.7002060714979227,0.699143105617129,nan
1030,A1,full_refit,0.01,34,0.6974840629619433,0.6964216103173418,nan
1030,A1,full_refit,0.01,35,0.6947662908545685,0.6937043380797536,nan
1030,A1,full_refit,0.01,36,0.69205254359768,0.6909910772200999,nan
1030,A1,full_refit,0.01,37,0.6893426220415971,0.6882816284028279,nan
1030,A1,full_refit,0.01,38,0.686636339087869,0.6855758042549451,nan
1030,A1,full_refit,0.01,39,0.6839335191783134,0.6828734288587592,nan
1030,A1,full_refit,0.01,40,0.6812339976310737,0.6801743371050418,nan
1030,A1,full_refit,0.01,41,0.6785376198427986,0.6774783739232636,nan
1030,A1,full_refit,0.01,42,0.6758442404102322,0.6747853934373792,nan
1030,A1,full_refit,0.01,43,0.6731537222413303,0.6720952581115581,nan
1030,A1,full_refit,0.01,44,0.6704659357226003,0.6694078379473729,nan
1030,A1,full_refit,0.01,45,0.6677807579915829,0.6667230097777169,nan
1030,A1,full_refit,0.01,46,0.6650980723406902,0.6640406566819872,nan
1030,A1,full_refit,0.01,47,0.6624177677587807,0.6613606675291548,nan
1030,A1,full_refit,0.01,48,0.6597397386036612,0.6586829366436121,nan
1030,A1,full_refit,0.01,49,0.6570638843920201,0.6560073635828172,nan
1030,A1,full_refit,0.01,50,0.6543901096908508,0.6533338530134504,nan
1030,A2,full_refit,0.01,1,0.7968572670267597,0.7957699368938752,nan
1030,A2,full_refit,0.01,2,0.793894578854535,0.7928083383455719,nan
1030,A2,full_refit,0.01,3,0.7909397106438076,0.7898545244015288,nan
1030,A2,full_refit,0.01,4,0.7879928958217085,0.7869087290485183,nan
1030,A2,full_refit,0.01,5,0.785054343561244,0.7839711619731623,nan
1030,A2,full_refit,0.01,6,0.7821242375286993,0.78104200732769,nan
1030,A2,full_refit,0.01,7,0.7792027341685341,0.7781214220318726,nan
1030,A2,full_refit,0.01,8,0.7762899605737684,0.7752095336627506,nan
1030,A2,full_refit,0.01,9,0.773386012051336,0.7723064380491682,nan
1030,A2,full_refit,0.01,10,0.7704909495989642,0.7694121967954514,nan
1030,A2,full_refit,0.01,11,0.7676047976144176,0.7665268350589384,nan
1030,A2,full_refit,0.01,12,0.7647275421557549,0.7636503398896424,nan
1030,A2,full_refit,0.01,13,0.7618591299002713,0.7607826592396041,nan
1030,A2,full_refit,0.01,14,0.758999467764616,0.7579237015326432,nan
1030,A2,full_refit,0.01,15,0.7561484232061294,0.7550733357693005,nan
1030,A2,full_refit,0.01,16,0.7533058253430469,0.7522313923989482,nan
1030,A2,full_refit,0.01,17,0.7504714668151494,0.7493976650841594,nan
1030,A2,full_refit,0.01,18,0.7476451062275588,0.7465719132640888,nan
1030,A2,full_refit,0.01,19,0.744826471477853,0.743753865676603,nan
1030,A2,full_refit,0.01,20,0.7420152644816487,0.7409432252213001,nan
1030,A2,full_refit,0.01,21,0.7392111674018603,0.7381396752463006,nan
1030,A2,full_refit,0.01,22,0.736413849931507,0.7353428868384602,nan
1030,A2,full_refit,0.01,23,0.7336229768449996,0.7325525263586703,nan
1030,A2,full_refit,0.01,24,0.7308382149695959,0.7297682623859637,nan
1030,A2,full_refit,0.01,25,0.7280592388857546,0.7269897713806712,nan
1030,A2,full_refit,0.01,26,0.7252857349640719,0.7242167416697924,nan
1030,A2,full_refit,0.01,27,0.7225174036913823,0.7214488757002052,nan
1030,A2,full_refit,0.01,28,0.7197539605351649,0.7186858908050836,nan
1030,A2,full_refit,0.01,29,0.7169951357730197,0.7159275189178321,nan
1030,A2,full_refit,0.01,30,0.714240673745187,0.7131735057149837,nan
1030,A2,full_refit,0.01,31,0.7114903319072677,0.7104236095964499,nan
1030,A2,full_refit,0.01,32,0.7087438799488887,0.707677600788186,nan
1030,A2,full_refit,0.01,33,0.706001099155556,0.7049352607388332,nan
1030,A2,full_refit,0.01,34,0.7032617820984614,0.7021963818719886,nan
1030,A2,full_refit,0.01,35,0.7005257326007714,0.6994607676205489,nan
1030,A2,full_refit,0.01,36,0.6977927657921906,0.6967282325441816,nan
1030,A2,full_refit,0.01,37,0.695062708021815,0.6939986022981438,nan
1030,A2,full_refit,0.01,38,0.6923353964852866,0.691271713309983,nan
1030,A2,full_refit,0.01,39,0.6896106785677771,0.6885474121650873,nan
1030,A2,full_refit,0.01,40,0.6868884110141057,0.6858255548110491,nan
1030,A2,full_refit,0.01,41,0.6841684590688081,0.6831060057228898,nan
1030,A2,full_refit,0.01,42,0.6814506957001174,0.6803886371435225,nan
1030,A2,full_refit,0.01,43,0.6787350009713912,0.6776733284643326,nan
1030,A2,full_refit,0.01,44,0.6760212615792135,0.6749599657668383,nan
1030,A2,full_refit,0.01,45,0.6733093705489931,0.672248441517922,nan
1030,A2,full_refit,0.01,46,0.6705992270649637,0.6695386543969359,nan
1030,A2,full_refit,0.01,47,0.6678907364071545,0.6668305092283087,nan
1030,A2,full_refit,0.01,48,0.6651838099686855,0.6641239169937635,nan
1030,A2,full_refit,0.01,49,0.662478365329719,0.6614187949009995,nan
1030,A2,full_refit,0.01,50,0.6597743263680295,0.6587150664891319,nan
1031,A1,full_refit,0.01,1,0.6748501259107749,0.6738340416431303,nan
1031,A1,full_refit,0.01,2,0.6725787639519482,0.6715640901936024,nan
1031,A1,full_refit,0.01,3,0.6703065151696747,0.6692933386098716,nan
1031,A1,full_refit,0.01,4,0.6680330423619608,0.6670213653507373,nan
1031,A1,full_refit,0.01,5,0.6657581006574333,0.6647479330714793,nan
1031,A1,full_refit,0.01,6,0.6634813335096783,0.6624726694875539,nan
1031,A1,full_refit,0.01,7,0.6612023187195291,0.6601951300517903,nan
1031,A1,full_refit,0.01,8,0.6589207112182016,0.6579149557338505,nan
1031,A1,full_refit,0.01,9,0.656636304158039,0.6556319339118912,nan
1031,A1,full_refit,0.01,10,0.6543489800463982,0.6533459465685805,nan
1031,A1,full_refit,0.01,11,0.6520586606992477,0.6510569187708983,nan
1031,A1,full_refit,0.01,12,0.6497652812892706,0.6487647910658833,nan
1031,A1,full_refit,0.01,13,0.6474687790442274,0.6464695066889149,nan
1031,A1,full_refit,0.01,14,0.6451690900685508,0.6441710070587,nan
1031,A1,full_refit,0.01,15,0.6428661494534995,0.6418692309214199,nan
1031,A1,full_refit,0.01,16,0.6405598918585158,0.6395641149753933,nan
1031,A1,full_refit,0.01,17,0.6382502515931935,0.637255594692275,nan
1031,A1,full_refit,0.01,18,0.635937162414643,0.6349436046972181,nan
1031,A1,full_refit,0.01,19,0.6336205575185296,0.6326280789760307,nan
1031,A1,full_refit,0.01,20,0.6313003699315091,0.6303089512815955,nan
1031,A1,full_refit,0.01,21,0.6289765333249849,0.6279861558531945,nan
1031,A1,full_refit,0.01,22,0.6266489832952624,0.6256596285297017,nan
1031,A1,full_refit,0.01,23,0.6243176590520737,0.6233293082998416,nan
1031,A1,full_refit,0.01,24,0.6219825050867062,0.6209951389934163,nan
1031,A1,full_refit,0.01,25,0.6196434722816657,0.6186570705797675,nan
1031,A1,full_refit,0.01,26,0.6173005183133821,0.616315059798802,nan
1031,A1,full_refit,0.01,27,0.6149536075390145,0.6139690702126455,nan
1031,A1,full_refit,0.01,28,0.6126027105613191,0.6116190718549055,nan
1031,A1,full_refit,0.01,29,0.6102478035581396,0.6092650405882117,nan
1031,A1,full_refit,0.01,30,0.6078888674242376,0.6069069572393128,nan
1031,A1,full_refit,0.01,31,0.6055258868020001,0.6045448065958976,nan
1031,A1,full_refit,0.01,32,0.6031588491259197,0.6021785763887134,nan
1031,A1,full_refit,0.01,33,0.6007877438358363,0.5998082564133201,nan
1031,A1,full_refit,0.01,34,0.5984125618973812,0.5974338379393181,nan
1031,A1,full_refit,0.01,35,0.5960332956939044,0.5950553134941627,nan
1031,A1,full_refit,0.01,36,0.5936499392504042,0.5926726770105835,nan
1031,A1,full_refit,0.01,37,0.5912624886770251,0.5902859242438304,nan
1031,A1,full_refit,0.01,38,0.5888709427167169,0.587895053341988,nan
1031,A1,full_refit,0.01,39,0.5864753033266416,0.5855000654817482,nan
1031,A1,full_refit,0.01,40,0.5840755762645491,0.5831009655205263,nan
1031,A1,full_refit,0.01,41,0.5816717716661273,0.5806977626367078,nan
1031,A1,full_refit,0.01,42,0.5792639045994333,0.5782904709373754,nan
1031,A1,full_refit,0.01,43,0.5768519955845156,0.5758791100194374,nan
1031,A1,full_refit,0.01,44,0.5744360710726911,0.5734637054784012,nan
1031,A1,full_refit,0.01,45,0.5720161638853937,0.5710442893653932,nan
1031,A1,full_refit,0.01,46,0.5695923136144421,0.5686209005956953,nan
1031,A1,full_refit,0.01,47,0.5671645669858235,0.5661935853129051,nan
1031,A1,full_refit,0.01,48,0.5647329781898434,0.5637623972138815,nan
1031,A1,full_refit,0.01,49,0.5622976091815187,0.5613273978405668,nan
1031,A1,full_refit,0.01,50,0.5598585299542949,0.5588886568435857,nan
1031,A2,full_refit,0.01,1,0.6764069706489946,0.67539088638135,nan
1031,A2,full_refit,0.01,2,0.674127988491745,0.6731132289432152,nan
1031,A2,full_refit,0.01,3,0.6718478967622599,0.6708344641167417,nan
1031,A2,full_refit,0.01,4,0.6695667220918016,0.6685546199203252,nan
1031,A2,full_refit,0.01,5,0.6672843286007908,0.6662735575807989,nan
1031,A2,full_refit,0.01,6,0.66500041108309,0.6639909494817067,nan
1031,A2,full_refit,0.01,7,0.6627145627196822,0.6617063672647104,nan
1031,A2,full_refit,0.01,8,0.6604264367946406,0.6594194558006371,nan
1031,A2,full_refit,0.01,9,0.6581358238355101,0.6571300078905407,nan
1031,A2,full_refit,0.01,10,0.6558426066926589,0.6548379122907949,nan
1031,A2,full_refit,0.01,11,0.653546706511799,0.6525430964908525,nan
1031,A2,full_refit,0.01,12,0.6512480552115876,0.6502454981740282,nan
1031,A2,full_refit,0.01,13,0.6489465844953538,0.6479450538673533,nan
1031,A2,full_refit,0.01,14,0.6466422219595214,0.6456416950971631,nan
1031,A2,full_refit,0.01,15,0.6443348897773954,0.6433353472343929,nan
1031,A2,full_refit,0.01,16,0.6420245045823735,0.6410259294369555,nan
1031,A2,full_refit,0.01,17,0.6397109785993239,0.6387133557635423,nan
1031,A2,full_refit,0.01,18,0.6373942219722492,0.6363975375133486,nan
1031,A2,full_refit,0.01,19,0.635074145678011,0.6340783862442311,nan
1031,A2,full_refit,0.01,20,0.6327506643107922,0.6317558167376276,nan
1031,A2,full_refit,0.01,21,0.6304236983477128,0.6294297494628951,nan
1031,A2,full_refit,0.01,22,0.6280931758126991,0.6271001124097031,nan
1031,A2,full_refit,0.01,23,0.6257590333318744,0.6247668422595983,nan
1031,A2,full_refit,0.01,24,0.6234212165307702,0.622429884843414,nan
1031,A2,full_refit,0.01,25,0.6210796797373479,0.6200891948539698,nan
1031,A2,full_refit,0.01,26,0.6187343850644323,0.6177447348977394,nan
1031,A2,full_refit,0.01,27,0.6163853010668308,0.6153964740922832,nan
1031,A2,full_refit,0.01,28,0.6140324012250089,0.613044386470135,nan
1031,A2,full_refit,0.01,29,0.6116756624960173,0.6106884494337459,nan
1031,A2,full_refit,0.01,30,0.6093150641296204,0.6083286424628365,nan
1031,A2,full_refit,0.01,31,0.6069505868922483,0.6059649462299113,nan
1031,A2,full_refit,0.01,32,0.604582212765635,0.6035973422191073,nan
1031,A2,full_refit,0.01,33,0.6022099250895904,0.6012258128498933,nan
1031,A2,full_refit,0.01,34,0.5998337090323368,0.5988503420010104,nan
1031,A2,full_refit,0.01,35,0.5974535522397715,0.5964709157652792,nan
1031,A2,full_refit,0.01,36,0.595069445539733,0.5940875232720073,nan
1031,A2,full_refit,0.01,37,0.5926813836245004,0.5917001574686535,nan
1031,A2,full_refit,0.01,38,0.5902893656796924,0.5893088158200399,nan
1031,A2,full_refit,0.01,39,0.5878933959667706,0.5869135009400619,nan
1031,A2,full_refit,0.01,40,0.5854934843916391,0.5845142212020478,nan
1031,A2,full_refit,0.01,41,0.5830896470879144,0.5821109913655238,nan
1031,A2,full_refit,0.01,42,0.5806819070095905,0.5797038332130595,nan
1031,A2,full_refit,0.01,43,0.5782702944874352,0.577292776141323,nan
1031,A2,full_refit,0.01,44,0.5758548476872478,0.574877857632656,nan
1031,A2,full_refit,0.01,45,0.5734356129279305,0.5724591235601477,nan
1031,A2,full_refit,0.01,46,0.5710126448564796,0.5700366283276311,nan
1031,A2,full_refit,0.01,47,0.5685860065075001,0.5676104348813268,nan
1031,A2,full_refit,0.01,48,0.5661557692830445,0.5651806146365481,nan
1031,A2,full_refit,0.01,49,0.5637220128818284,0.5627472473514652,nan
1031,A2,full_refit,0.01,50,0.5612848251988111,0.5603104209684087,nan
1032,A1,full_refit,0.01,1,0.7821384850685814,0.7810257204917744,nan
1032,A1,full_refit,0.01,2,0.779348731521385,0.7782358443136408,nan
1032,A1,full_refit,0.01,3,0.7765683098605903,0.7754553018056554,nan
1032,A1,full_refit,0.01,4,0.7737973224025322,0.7726842141558045,nan
1032,A1,full_refit,0.01,5,0.7710359294562991,0.769922726427915,nan
1032,A1,full_refit,0.01,6,0.7682843026546816,0.7671709994744556,nan
1032,A1,full_refit,0.01,7,0.7655425905799996,0.7644291790335689,nan
1032,A1,full_refit,0.01,8,0.7628109103215236,0.7616973843760063,nan
1032,A1,full_refit,0.01,9,0.7600893426572787,0.7589757012874299,nan
1032,A1,full_refit,0.01,10,0.7573779274710116,0.756264176181099,nan
1032,A1,full_refit,0.01,11,0.7546766594174635,0.7535628107152368,nan
1032,A1,full_refit,0.01,12,0.7519854845936645,0.750871557501445,nan
1032,A1,full_refit,0.01,13,0.749304299362293,0.7481903180749919,nan
1032,A1,full_refit,0.01,14,0.7466329526673896,0.7455189445240435,nan
1032,A1,full_refit,0.01,15,0.7439712523549241,0.7428572454744972,nan
1032,A1,full_refit,0.01,16,0.7413189744315499,0.7402049955389514,nan
1032,A1,full_refit,0.01,17,0.7386758734298546,0.7375619463144342,nan
1032,A1,full_refit,0.01,18,0.7360416924662281,0.7349278372758842,nan
1032,A1,full_refit,0.01,19,0.7334161722265344,0.7323024055951554,nan
1032,A1,full_refit,0.01,20,0.730799058246272,0.7296853940305522,nan
1032,A1,full_refit,0.01,21,0.7281901055813679,0.727076555779888,nan
1032,A1,full_refit,0.01,22,0.7255890803848271,0.7244756558710146,nan
1032,A1,full_refit,0.01,23,0.7229957590836472,0.7218824700429549,nan
1032,A1,full_refit,0.01,24,0.720409926437412,0.7192967825687371,nan
1032,A1,full_refit,0.01,25,0.7178313734642117,0.7167183840320481,nan
1032,A1,full_refit,0.01,26,0.7152598957146469,0.7141470695156353,nan
1032,A1,full_refit,0.01,27,0.7126952920298856,0.7115826373166348,nan
1032,A1,full_refit,0.01,28,0.71013736375144,0.7090248881434094,nan
1032,A1,full_refit,0.01,29,0.7075859142935543,0.7064736246954653,nan
1032,A1,full_refit,0.01,30,0.7050407489868195,0.7039286515275859,nan
1032,A1,full_refit,0.01,31,0.7025016751164919,0.7013897751158298,nan
1032,A1,full_refit,0.01,32,0.6999685020931242,0.6988568040588056,nan
1032,A1,full_refit,0.01,33,0.6974410417027195,0.6963295493585508,nan
1032,A1,full_refit,0.01,34,0.69491910839119,0.6938078247337905,nan
1032,A1,full_refit,0.01,35,0.6924025195459783,0.6912914469270489,nan
1032,A1,full_refit,0.01,36,0.6898910957466418,0.688780235976624,nan
1032,A1,full_refit,0.01,37,0.6873846609646835,0.6862740154335447,nan
1032,A1,full_refit,0.01,38,0.6848830426993809,0.6837726125106658,nan
1032,A1,full_refit,0.01,39,0.6823860720402781,0.6812758581552637,nan
1032,A1,full_refit,0.01,40,0.679893583649221,0.678783587038535,nan
1032,A1,full_refit,0.01,41,0.6774054156578796,0.6762956374576502,nan
1032,A1,full_refit,0.01,42,0.6749214094846369,0.6738118511524375,nan
1032,A1,full_refit,0.01,43,0.6724414095921496,0.6713320730541733,nan
1032,A1,full_refit,0.01,44,0.6699652632357869,0.6688561510111375,nan
1032,A1,full_refit,0.01,45,0.6674928202864284,0.66638393556923,nan
1032,A1,full_refit,0.01,46,0.6650239332262902,0.6639152799057993,nan
1032,A1,full_refit,0.01,47,0.6625584573822552,0.6614500399900004,nan
1032,A1,full_refit,0.01,48,0.6600962513687979,0.6589880749600933,nan
1032,A1,full_refit,0.01,49,0.6576371776085344,0.6565292476054335,nan
1032,A1,full_refit,0.01,50,0.6551811027621873,0.654073424794043,nan
1032,A2,full_refit,0.01,1,0.7804245136759892,0.7793117490991822,nan
1032,A2,full_refit,0.01,2,0.7776625987753405,0.7765500614316078,nan
1032,A2,full_refit,0.01,3,0.7749099253955566,0.7737976283780565,nan
1032,A2,full_refit,0.01,4,0.7721666669733707,0.7710545951851364,nan
1032,A2,full_refit,0.01,5,0.7694330062816513,0.768321135868993,nan
1032,A2,full_refit,0.01,6,0.7667091019351515,0.7655974106947611,nan
1032,A2,full_refit,0.01,7,0.7639950826172678,0.7628835520650316,nan
1032,A2,full_refit,0.01,8,0.7612910426739741,0.7601796593002288,nan
1032,A2,full_refit,0.01,9,0.75859703744653,0.7574857937241934,nan
1032,A2,full_refit,0.01,10,0.7559130789556403,0.7548019739906618,nan
1032,A2,full_refit,0.01,11,0.7532391329431898,0.7521281725103202,nan
1032,A2,full_refit,0.01,12,0.7505751179020155,0.7494643137009698,nan
1032,A2,full_refit,0.01,13,0.7479209059644784,0.7468102741821745,nan
1032,A2,full_refit,0.01,14,0.7452763254155584,0.7441658848875498,nan
1032,A2,full_refit,0.01,15,0.7426411653148303,0.7415309356089144,nan
1032,A2,full_refit,0.01,16,0.7400151830319047,0.7389051827110276,nan
1032,A2,full_refit,0.01,17,0.7373981146467851,0.7362883599199568,nan
1032,A2,full_refit,0.01,18,0.7347896868018614,0.7336801907120458,nan
1032,A2,full_refit,0.01,19,0.7321896277506459,0.7310803999166566,nan
1032,A2,full_refit,0.01,20,0.7295976755153446,0.7284887222959779,nan
1032,A2,full_refit,0.01,21,0.7270135821365892,0.7259049070248239,nan
1032,A2,full_refit,0.01,22,0.7244371143330828,0.7233287184274646,nan
1032,A2,full_refit,0.01,23,0.72186805172765,0.7207599341977393,nan
1032,A2,full_refit,0.01,24,0.7193061839200844,0.7181983424329528,nan
1032,A2,full_refit,0.01,25,0.7167513073808575,0.7156437384803597,nan
1032,A2,full_refit,0.01,26,0.7142032227362686,0.7130959221766253,nan
1032,A2,full_refit,0.01,27,0.711661732687827,0.7105546957262694,nan
1032,A2,full_refit,0.01,28,0.7091266405991192,0.7080198622529569,nan
1032,A2,full_refit,0.01,29,0.7065977496740269,0.7054912249471057,nan
1032,A2,full_refit,0.01,30,0.7040748626069698,0.702968586689679,nan
1032,A2,full_refit,0.01,31,0.7015577815794849,0.700451750025521,nan
1032,A2,full_refit,0.01,32,0.6990463084889575,0.697940517371143,nan
1032,A2,full_refit,0.01,33,0.6965402453145101,0.6954346913612424,nan
1032,A2,full_refit,0.01,34,0.6940393945467733,0.6929340752601972,nan
1032,A2,full_refit,0.01,35,0.6915435596294403,0.6904384733861528,nan
1032,A2,full_refit,0.01,36,0.6890525453789955,0.6879476915138774,nan
1032,A2,full_refit,0.01,37,0.6865661583637056,0.6854615372372245,nan
1032,A2,full_refit,0.01,38,0.6840842072339195,0.6829798202829059,nan
1032,A2,full_refit,0.01,39,0.6816065030037922,0.6805023527752794,nan
1032,A2,full_refit,0.01,40,0.6791328592906936,0.6780289494580326,nan
1032,A2,full_refit,0.01,41,0.6766630925233091,0.675559427883532,nan
1032,A2,full_refit,0.01,42,0.674197022132596,0.6730936085840219,nan
1032,A2,full_refit,0.01,43,0.6717344707407187,0.6706313152401496,nan
1032,A2,full_refit,0.01,44,0.6692752643611045,0.668172374860656,nan
1032,A2,full_refit,0.01,45,0.6668192326175215,0.6657166179821116,nan
1032,A2,full_refit,0.01,46,0.6643662089820396,0.6632638788896928,nan
1032,A2,full_refit,0.01,47,0.6619160310224829,0.6608139958506949,nan
1032,A2,full_refit,0.01,48,0.6594685406423625,0.6583668113445528,nan
1032,A2,full_refit,0.01,49,0.6570235842941039,0.6559221722703537,nan
1032,A2,full_refit,0.01,50,0.6545810131529664,0.6534799301185142,nan
1033,A1,full_refit,0.01,1,0.785706515789588,0.7845738998334676,nan
1033,A1,full_refit,0.01,2,0.7830336436774459,0.781902557656504,nan
1033,A1,full_refit,0.01,3,0.7803657689799623,0.7792362027868565,nan
1033,A1,full_refit,0.01,4,0.7777015644208273,0.7765735009541587,nan
1033,A1,full_refit,0.01,5,0.7750408371182081,0.773914257512847,nan
1033,A1,full_refit,0.01,6,0.7723835493511756,0.7712584340686447,nan
1033,A1,full_refit,0.01,7,0.7697296975462704,0.768606023573149,nan
1033,A1,full_refit,0.01,8,0.7670792953723887,0.7659570378050463,nan
1033,A1,full_refit,0.01,9,0.764432356897679,0.7633114904010985,nan
1033,A1,full_refit,0.01,10,0.7617888888258003,0.7606693883438628,nan
1033,A1,full_refit,0.01,11,0.7591488876372378,0.7580307287404279,nan
1033,A1,full_refit,0.01,12,0.7565123384924893,0.755395497572099,nan
1033,A1,full_refit,0.01,13,0.7538792147552416,0.7527636691507342,nan
1033,A1,full_refit,0.01,14,0.7512494777796126,0.7501352058756713,nan
1033,A1,full_refit,0.01,15,0.7486230768659173,0.7475100581738912,nan
1033,A1,full_refit,0.01,16,0.7459999494005853,0.7448881646274994,nan
1033,A1,full_refit,0.01,17,0.7433800212646613,0.742269452365899,nan
1033,A1,full_refit,0.01,18,0.7407632076032354,0.7396538378114479,nan
1033,A1,full_refit,0.01,19,0.7381494139384824,0.7370412277616539,nan
1033,A1,full_refit,0.01,20,0.7355385374241968,0.7344315206096461,nan
1033,A1,full_refit,0.01,21,0.7329304679607588,0.7318246074268993,nan
1033,A1,full_refit,0.01,22,0.7303250890160693,0.7292203727573439,nan
1033,A1,full_refit,0.01,23,0.7277222781937196,0.7266186951654344,nan
1033,A1,full_refit,0.01,24,0.725121907681392,0.7240194476711165,nan
1033,A1,full_refit,0.01,25,0.7225238446879113,0.7214224981796924,nan
1033,A1,full_refit,0.01,26,0.7199279519170924,0.7188277099542559,nan
1033,A1,full_refit,0.01,27,0.7173340880842015,0.716234942135896,nan
1033,A1,full_refit,0.01,28,0.7147421084637832,0.7136440502995626,nan
1033,A1,full_refit,0.01,29,0.7121518654552613,0.7110548870309591,nan
1033,A1,full_refit,0.01,30,0.7095632091556089,0.7084673025126381,nan
1033,A1,full_refit,0.01,31,0.706975987931863,0.7058811451110097,nan
1033,A1,full_refit,0.01,32,0.7043900489889942,0.7032962619588538,nan
1033,A1,full_refit,0.01,33,0.7018052389307831,0.7007124995302598,nan
1033,A1,full_refit,0.01,34,0.6992214043132783,0.6981297042070324,nan
1033,A1,full_refit,0.01,35,0.6966383921922285,0.6955477228376087,nan
1033,A1,full_refit,0.01,36,0.6940560506674482,0.6929664032912559,nan
1033,A1,full_refit,0.01,37,0.6914742294279085,0.6903855950112872,nan
1033,A1,full_refit,0.01,38,0.6888927803010778,0.6878051495708893,nan
1033,A1,full_refit,0.01,39,0.6863115578084361,0.685224921233643,nan
1033,A1,full_refit,0.01,40,0.6837304197262982,0.6826447675181013,nan
1033,A1,full_refit,0.01,41,0.6811492276475756,0.6800645497623248,nan
1033,A1,full_refit,0.01,42,0.6785678475366136,0.6774841336807773,nan
1033,A1,full_refit,0.01,43,0.6759861502665019,0.6749033899032203,nan
1033,A1,full_refit,0.01,44,0.6734040121269106,0.6723221944838391,nan
1033,A1,full_refit,0.01,45,0.6708213152908401,0.6697404293690966,nan
1033,A1,full_refit,0.01,46,0.668237948230626,0.6671579828146925,nan
1033,A1,full_refit,0.01,47,0.6656538060766825,0.6645747497450845,nan
1033,A1,full_refit,0.01,48,0.6630687909161964,0.661990632052718,nan
1033,A1,full_refit,0.01,49,0.6604828120326202,0.6594055388377352,nan
1033,A1,full_refit,0.01,50,0.6578957860898573,0.6568193865919834,nan
1033,A2,full_refit,0.01,1,0.7890225879205095,0.7878899719643891,nan
1033,A2,full_refit,0.01,2,0.7863348790601157,0.7852038428896773,nan
1033,A2,full_refit,0.01,3,0.7836535169056175,0.7825240286901104,nan
1033,A2,full_refit,0.01,4,0.7809786300370436,0.7798506611536529,nan
1033,A2,full_refit,0.01,5,0.778310260478356,0.7771837893724026,nan
1033,A2,full_refit,0.01,6,0.7756483230865143,0.7745233360744174,nan
1033,A2,full_refit,0.01,7,0.7729926074651081,0.7718690912533264,nan
1033,A2,full_refit,0.01,8,0.7703428080387211,0.7692207439459121,nan
1033,A2,full_refit,0.01,9,0.7676985158653088,0.7665778812358585,nan
1033,A2,full_refit,0.01,10,0.7650592413798916,0.763940012221664,nan
1033,A2,full_refit,0.01,11,0.7624244907311917,0.761306643363546,nan
1033,A2,full_refit,0.01,12,0.7597938412574949,0.7586773530586433,nan
1033,A2,full_refit,0.01,13,0.7571669701793495,0.7560518198008822,nan
1033,A2,full_refit,0.01,14,0.754543640623446,0.7534298079826454,nan
1033,A2,full_refit,0.01,15,0.7519236729986245,0.7508111392123823,nan
1033,A2,full_refit,0.01,16,0.7493069203158096,0.7481956676337748,nan
1033,A2,full_refit,0.01,17,0.7466932519344478,0.7455832636853892,nan
1033,A2,full_refit,0.01,18,0.7440825440023373,0.7429738045535513,nan
1033,A2,full_refit,0.01,19,0.7414746740357093,0.7403671687600886,nan
1033,A2,full_refit,0.01,20,0.7388695178537971,0.7377632330971995,nan
1033,A2,full_refit,0.01,21,0.736266947865492,0.7351618709070675,nan
1033,A2,full_refit,0.01,22,0.7336668321957149,0.7325629511951804,nan
1033,A2,full_refit,0.01,23,0.7310690343917767,0.7299663383197269,nan
1033,A2,full_refit,0.01,24,0.7284734135629846,0.7273718921128294,nan
1033,A2,full_refit,0.01,25,0.7258798248488916,0.724779468331649,nan
1033,A2,full_refit,0.01,26,0.7232881201225878,0.7221889193482669,nan
1033,A2,full_refit,0.01,27,0.7206981488369384,0.7196000949882595,nan
1033,A2,full_refit,0.01,28,0.7181097589253254,0.7170128434307275,nan
1033,A2,full_refit,0.01,29,0.7155227976797013,0.7144270120927418,nan
1033,A2,full_refit,0.01,30,0.7129371125481383,0.7118424484395138,nan
1033,A2,full_refit,0.01,31,0.7103525518185004,0.7092590006852333,nan
1033,A2,full_refit,0.01,32,0.707768965179484,0.7066765183737201,nan
1033,A2,full_refit,0.01,33,0.7051862041704401,0.7040948528482192,nan
1033,A2,full_refit,0.01,34,0.7026041225443735,0.7015138576329938,nan
1033,A2,full_refit,0.01,35,0.7000225765738521,0.6989333887552474,nan
1033,A2,full_refit,0.01,36,0.6974414253284794,0.6963533050353995,nan
1033,A2,full_refit,0.01,37,0.6948605309472673,0.6937734683689266,nan
1033,A2,full_refit,0.01,38,0.6922797589216967,0.6911937440158068,nan
1033,A2,full_refit,0.01,39,0.6896989783971723,0.6886140009057674,nan
1033,A2,full_refit,0.01,40,0.6871180624930592,0.6860341119601285,nan
1033,A2,full_refit,0.01,41,0.6845368886352479,0.683453954424813,nan
1033,A2,full_refit,0.01,42,0.6819553388906863,0.6808734102045235,nan
1033,A2,full_refit,0.01,43,0.6793733002907929,0.6782923661854608,nan
1033,A2,full_refit,0.01,44,0.6767906651302598,0.6757107145334184,nan
1033,A2,full_refit,0.01,45,0.6742073312292964,0.6731283529554899,nan
1033,A2,full_refit,0.01,46,0.6716232021505395,0.6705451849166784,nan
1033,A2,full_refit,0.01,47,0.6690381873660373,0.6679611198067769,nan
1033,A2,full_refit,0.01,48,0.6664522023742367,0.6653760730573418,nan
1033,A2,full_refit,0.01,49,0.6638651687710642,0.6627899662127162,nan
1033,A2,full_refit,0.01,50,0.6612770142824572,0.6602027269623241,nan
1034,A1,full_refit,0.01,1,0.7440656839920582,0.7430007598874849,nan
1034,A1,full_refit,0.01,2,0.7415225855990945,0.7404585168933603,nan
1034,A1,full_refit,0.01,3,0.7389825992317021,0.7379193591545516,nan
1034,A1,full_refit,0.01,4,0.736445700281752,0.7353832701417982,nan
1034,A1,full_refit,0.01,5,0.7339118650774804,0.732850219576929,nan
1034,A1,full_refit,0.01,6,0.731381162099036,0.7303202756588264,nan
1034,A1,full_refit,0.01,7,0.7288536734153765,0.7277935247842785,nan
1034,A1,full_refit,0.01,8,0.7263294595457648,0.7252700337331517,nan
1034,A1,full_refit,0.01,9,0.7238085488645903,0.7227498379981848,nan
1034,A1,full_refit,0.01,10,0.7212909342189393,0.7202329367401831,nan
1034,A1,full_refit,0.01,11,0.7187765751471296,0.7177192931586818,nan
1034,A1,full_refit,0.01,12,0.7162654030582455,0.7152088391148255,nan
1034,A1,full_refit,0.01,13,0.7137573245047084,0.7127014793571033,nan
1034,A1,full_refit,0.01,14,0.7112522209390825,0.7101970925593338,nan
1034,A1,full_refit,0.01,15,0.7087499468468678,0.7076955302795841,nan
1034,A1,full_refit,0.01,16,0.7062503284993905,0.7051966160924651,nan
1034,A1,full_refit,0.01,17,0.7037531647923811,0.7027001465762168,nan
1034,A1,full_refit,0.01,18,0.7012582309419376,0.7002058950686335,nan
1034,A1,full_refit,0.01,19,0.6987652851271475,0.6977136183374265,nan
1034,A1,full_refit,0.01,20,0.6962740773893392,0.6952230654797168,nan
1034,A1,full_refit,0.01,21,0.6937843593779324,0.6927339876285393,nan
1034,A1,full_refit,0.01,22,0.6912958932401498,0.6902461467627475,nan
1034,A1,full_refit,0.01,23,0.6888084583102404,0.6877593222949029,nan
1034,A1,full_refit,0.01,24,0.6863218550378736,0.6852733149034819,nan
1034,A1,full_refit,0.01,25,0.6838359063400045,0.6827879478121612,nan
1034,A1,full_refit,0.01,26,0.6813504569823952,0.6803030661271613,nan
1034,A1,full_refit,0.01,27,0.6788653716993014,0.6778185349362348,nan
1034,A1,full_refit,0.01,28,0.676380532671767,0.6753342367811545,nan
1034,A1,full_refit,0.01,29,0.6738958368244949,0.6728500689554487,nan
1034,A1,full_refit,0.01,30,0.6714111932385993,0.6703659409186324,nan
1034,A1,full_refit,0.01,31,0.6689265208445738,0.6678817719877059,nan
1034,A1,full_refit,0.01,32,0.6664417464650144,0.6653974893740953,nan
1034,A1,full_refit,0.01,33,0.663956803216499,0.6629130265756917,nan
1034,A1,full_refit,0.01,34,0.6614716292466374,0.6604283221012623,nan
1034,A1,full_refit,0.01,35,0.6589861667676468,0.6579433184902419,nan
1034,A1,full_refit,0.01,36,0.6565003613453985,0.6554579615884142,nan
1034,A1,full_refit,0.01,37,0.654014161407626,0.6529722000443197,nan
1034,A1,full_refit,0.01,38,0.6515275179426685,0.6504859849984422,nan
1034,A1,full_refit,0.01,39,0.6490403843673017,0.647999269944073,nan
1034,A1,full_refit,0.01,40,0.6465527165465426,0.6455120107429713,nan
1034,A1,full_refit,0.01,41,0.644064472948929,0.643024165779608,nan
1034,A1,full_refit,0.01,42,0.6415756149182585,0.6405356962353159,nan
1034,A1,full_refit,0.01,43,0.6390861070386376,0.638046566459473,nan
1034,A1,full_refit,0.01,44,0.6365959175657363,0.635556744410639,nan
1034,A1,full_refit,0.01,45,0.6341050188947672,0.6330662021377712,nan
1034,A1,full_refit,0.01,46,0.6316133880356167,0.6305749162711127,nan
1034,A1,full_refit,0.01,47,0.629121007067763,0.6280828684941632,nan
1034,A1,full_refit,0.01,48,0.6266278635516827,0.6255900459720158,nan
1034,A1,full_refit,0.01,49,0.6241339508788477,0.6230964417167557,nan
1034,A1,full_refit,0.01,50,0.6216392685486654,0.6206020548770859,nan
1034,A2,full_refit,0.01,1,0.7416797764374724,0.7406148523328991,nan
1034,A2,full_refit,0.01,2,0.7391767194082114,0.7381127274958973,nan
1034,A2,full_refit,0.01,3,0.7366760534663885,0.7356129549210342,nan
1034,A2,full_refit,0.01,4,0.7341779240273908,0.7331156849233497,nan
1034,A2,full_refit,0.01,5,0.7316824602885398,0.7306210481720339,nan
1034,A2,full_refit,0.01,6,0.7291897734835945,0.7281291571035047,nan
1034,A2,full_refit,0.01,7,0.7266999547148524,0.7256401040530813,nan
1034,A2,full_refit,0.01,8,0.7242130723787717,0.723153958752628,nan
1034,A2,full_refit,0.01,9,0.7217291691962437,0.7206707653879839,nan
1034,A2,full_refit,0.01,10,0.7192482589270073,0.7181905393237106,nan
1034,A2,full_refit,0.01,11,0.7167703229626057,0.7157132636938476,nan
1034,A2,full_refit,0.01,12,0.7142953071514508,0.7132388862112315,nan
1034,A2,full_refit,0.01,13,0.7118231193847724,0.7107673167225779,nan
1034,A2,full_refit,0.01,14,0.7093536285941345,0.7082984261604002,nan
1034,A2,full_refit,0.01,15,0.7068866657836073,0.7058320475189962,nan
1034,A2,full_refit,0.01,16,0.7044220274827396,0.7033679792486802,nan
1034,A2,full_refit,0.01,17,0.7019594816113786,0.7009059910687998,nan
1034,A2,full_refit,0.01,18,0.6994987753439386,0.698445831793912,nan
1034,A2,full_refit,0.01,19,0.6970396442727035,0.6959872384735848,nan
1034,A2,full_refit,0.01,20,0.6945818220056912,0.6935299459766987,nan
1034,A2,full_refit,0.01,21,0.6921250492590606,0.6910736960735194,nan
1034,A2,full_refit,0.01,22,0.6896690815458543,0.6886182451127137,nan
1034,A2,full_refit,0.01,23,0.6872136947851561,0.6861633696172746,nan
1034,A2,full_refit,0.01,24,0.6847586885413571,0.683708869513369,nan
1034,A2,full_refit,0.01,25,0.6823038870265484,0.6812545691316269,nan
1034,A2,full_refit,0.01,26,0.6798491383140217,0.6788003164343346,nan
1034,A2,full_refit,0.01,27,0.6773943123459824,0.6763459810534261,nan
1034,A2,full_refit,0.01,28,0.674939298294671,0.6738914516957063,nan
1034,A2,full_refit,0.01,29,0.672484001721281,0.6714366333535282,nan
1034,A2,full_refit,0.01,30,0.670028341836736,0.6689814446176688,nan
1034,A2,full_refit,0.01,31,0.667572249042637,0.6665258152643504,nan
1034,A2,full_refit,0.01,32,0.665115662835663,0.664069684195488,nan
1034,A2,full_refit,0.01,33,0.6626585300958612,0.6616129977507735,nan
1034,A2,full_refit,0.01,34,0.6602008037431762,0.6591557083761302,nan
1034,A2,full_refit,0.01,35,0.657742441729534,0.6566977736174036,nan
1034,A2,full_refit,0.01,36,0.6552834063281924,0.6542391554033464,nan
1034,A2,full_refit,0.01,37,0.6528236636819024,0.6517798195820957,nan
1034,A2,full_refit,0.01,38,0.6503631835727073,0.6493197356766184,nan
1034,A2,full_refit,0.01,39,0.6479019393771115,0.6468588768252861,nan
1034,A2,full_refit,0.01,40,0.6454399081705285,0.6443972198735178,nan
1034,A2,full_refit,0.01,41,0.6429770709449388,0.6419347455819049,nan
1034,A2,full_refit,0.01,42,0.6405134129042296,0.6394714389161045,nan
1034,A2,full_refit,0.01,43,0.6380489238032153,0.637007289384609,nan
1034,A2,full_refit,0.01,44,0.6355835982989039,0.6345422913923997,nan
1034,A2,full_refit,0.01,45,0.6331174362859864,0.6320764445814335,nan
1034,A2,full_refit,0.01,46,0.6306504431926129,0.6296097541327575,nan
1034,A2,full_refit,0.01,47,0.628182630217204,0.6271422310097654,nan
1034,A2,full_refit,0.01,48,0.625714014492354,0.6246738921276556,nan
1034,A2,full_refit,0.01,49,0.623244619167672,0.6222047604403085,nan
1034,A2,full_refit,0.01,50,0.6207744734094102,0.6197348649421939,nan
1035,A1,full_refit,0.01,1,0.7430220245635503,0.7418534296123316,nan
1035,A1,full_refit,0.01,2,0.7399369186375031,0.7387690029143176,nan
1035,A1,full_refit,0.01,3,0.7368652739354108,0.735698002781454,nan
1035,A1,full_refit,0.01,4,0.7338073638419506,0.7326407035414013,nan
1035,A1,full_refit,0.01,5,0.7307634401648875,0.7295973580615401,nan
1035,A1,full_refit,0.01,6,0.7277337318970526,0.7265681965261689,nan
1035,A1,full_refit,0.01,7,0.7247184438737083,0.7235534251096062,nan
1035,A1,full_refit,0.01,8,0.7217177553160684,0.7205532245357233,nan
1035,A1,full_refit,0.01,9,0.7187318182589894,0.7175677485205921,nan
1035,A1,full_refit,0.01,10,0.7157607558830468,0.714597122115963,nan
1035,A1,full_refit,0.01,11,0.7128046608177788,0.7116414400164022,nan
1035,A1,full_refit,0.01,12,0.7098635935597059,0.7087007649682394,nan
1035,A1,full_refit,0.01,13,0.7069375812494728,0.7057751265184773,nan
1035,A1,full_refit,0.01,14,0.7040266171440583,0.7028645204347973,nan
1035,A1,full_refit,0.01,15,0.701130661134397,0.6999689091471719,nan
1035,A1,full_refit,0.01,16,0.6982496415162112,0.6970882234275416,nan
1035,A1,full_refit,0.01,17,0.6953834579010195,0.6942223652120604,nan
1035,A1,full_refit,0.01,18,0.6925319847675276,0.6913712110870416,nan
1035,A1,full_refit,0.01,19,0.6896950749218541,0.6885346157216055,nan
1035,A1,full_refit,0.01,20,0.6868725622227937,0.6857124146038195,nan
1035,A1,full_refit,0.01,21,0.6840642632859588,0.6829044257812834,nan
1035,A1,full_refit,0.01,22,0.6812699782837334,0.6801104507044929,nan
1035,A1,full_refit,0.01,23,0.6784894912024194,0.6773302745188426,nan
1035,A1,full_refit,0.01,24,0.6757225699528043,0.6745636661936111,nan
1035,A1,full_refit,0.01,25,0.6729689666289611,0.6718103787822364,nan
1035,A1,full_refit,0.01,26,0.6702284180709959,0.6690701499737124,nan
1035,A1,full_refit,0.01,27,0.6675006467721089,0.6663427029813699,nan
1035,A1,full_refit,0.01,28,0.6647853620975333,0.6636277477423236,nan
1035,A1,full_refit,0.01,29,0.6620822617471739,0.6609249823639607,nan
1035,A1,full_refit,0.01,30,0.6593910333828843,0.6582340947414497,nan
1035,A1,full_refit,0.01,31,0.6567113563445205,0.6555547642719396,nan
1035,A1,full_refit,0.01,32,0.6540429033891633,0.6528866636000457,nan
1035,A1,full_refit,0.01,33,0.6513853424011042,0.6502294603413851,nan
1035,A1,full_refit,0.01,34,0.6487383380340036,0.6475828187440326,nan
1035,A1,full_refit,0.01,35,0.6461015532594699,0.6449464012602651,nan
1035,A1,full_refit,0.01,36,0.6434746508070419,0.6423198700116487,nan
1035,A1,full_refit,0.01,37,0.6408572944884936,0.6397028881386605,nan
1035,A1,full_refit,0.01,38,0.6382491504043831,0.6370951210313845,nan
1035,A1,full_refit,0.01,39,0.6356498880333363,0.6344962374407713,nan
1035,A1,full_refit,0.01,40,0.6330591812054996,0.6319059104712789,nan
1035,A1,full_refit,0.01,41,0.6304767089619189,0.6293238184563476,nan
1035,A1,full_refit,0.01,42,0.6279021563020669,0.6267496457188705,nan
1035,A1,full_refit,0.01,43,0.6253352148227723,0.6241830832200285,nan
1035,A1,full_refit,0.01,44,0.622775583253485,0.6216238291016553,nan
1035,A1,full_refit,0.01,45,0.6202229678948695,0.6190715891294273,nan
1035,A1,full_refit,0.01,46,0.6176770829697886,0.6165260770462769,nan
1035,A1,full_refit,0.01,47,0.6151376508973904,0.6139870148470967,nan
1035,A1,full_refit,0.01,48,0.6126044025019728,0.6114541329867601,nan
1035,A1,full_refit,0.01,49,0.6100770771684255,0.6089271705335876,nan
1035,A1,full_refit,0.01,50,0.6075554229553778,0.6064058752797019,nan
1035,A2,full_refit,0.01,1,0.7328849215890727,0.731716326637854,nan
1035,A2,full_refit,0.01,2,0.7298522063490493,0.728684287143571,nan
1035,A2,full_refit,0.01,3,0.7268326978406201,0.7256655186349235,nan
1035,A2,full_refit,0.01,4,0.7238264720280694,0.722660038249174,nan
1035,A2,full_refit,0.01,5,0.7208337480193757,0.7196680406240518,nan
1035,A2,full_refit,0.01,6,0.7178547337596265,0.7166897276737599,nan
1035,A2,full_refit,0.01,7,0.7148896159158591,0.713725284620806,nan
1035,A2,full_refit,0.01,8,0.7119385581919214,0.7107748752475057,nan
1035,A2,full_refit,0.01,9,0.7090017003052768,0.7078386400372616,nan
1035,A2,full_refit,0.01,10,0.7060791571369714,0.7049166950337343,nan
1035,A2,full_refit,0.01,11,0.7031710180062248,0.7020091309947993,nan
1035,A2,full_refit,0.01,12,0.7002773460837114,0.6991160127473276,nan
1035,A2,full_refit,0.01,13,0.697398177977808,0.6962373787388388,nan
1035,A2,full_refit,0.01,14,0.6945335235342461,0.6933732408106623,nan
1035,A2,full_refit,0.01,15,0.6916833658833518,0.6905235842195765,nan
1035,A2,full_refit,0.01,16,0.688847661751624,0.6876883679214022,nan
1035,A2,full_refit,0.01,17,0.686026342032429,0.6848675251101017,nan
1035,A2,full_refit,0.01,18,0.6832193125939193,0.682060963990373,nan
1035,A2,full_refit,0.01,19,0.6804264552959007,0.679268568755955,nan
1035,A2,full_refit,0.01,20,0.6776476291861702,0.6764902007451383,nan
1035,A2,full_refit,0.01,21,0.674882671840997,0.6737256997396415,nan
1035,A2,full_refit,0.01,22,0.6721314008002188,0.6709748853593147,nan
1035,A2,full_refit,0.01,23,0.6693936150321417,0.6682375584900814,nan
1035,A2,full_refit,0.01,24,0.6666690963592367,0.6655135026781048,nan
1035,A2,full_refit,0.01,25,0.6639576107897711,0.6628024854366912,nan
1035,A2,full_refit,0.01,26,0.6612589097301832,0.6601042594412558,nan
1035,A2,full_refit,0.01,27,0.6585727310878227,0.6574185636216273,nan
1035,A2,full_refit,0.01,28,0.6558988003022235,0.6547451241888009,nan
1035,A2,full_refit,0.01,29,0.653236831358439,0.6520836556482816,nan
1035,A2,full_refit,0.01,30,0.6505865278369636,0.6494338618534469,nan
1035,A2,full_refit,0.01,31,0.6479475840441878,0.6467954371428158,nan
1035,A2,full_refit,0.01,32,0.6453196862494454,0.6441680675886108,nan
1035,A2,full_refit,0.01,33,0.6427025140340408,0.6415514323641351,nan
1035,A2,full_refit,0.01,34,0.6400957417384661,0.6389452052176444,nan
1035,A2,full_refit,0.01,35,0.6374990399795887,0.6363490560238695,nan
1035,A2,full_refit,0.01,36,0.6349120772012778,0.6337626523736336,nan
1035,A2,full_refit,0.01,37,0.6323345212188827,0.6311856611576755,nan
1035,A2,full_refit,0.01,38,0.6297660407184368,0.6286177501016186,nan
1035,A2,full_refit,0.01,39,0.6272063066741266,0.6260585892132136,nan
1035,A2,full_refit,0.01,40,0.6246549936520311,0.6235078521091565,nan
1035,A2,full_refit,0.01,41,0.6221117809744258,0.6209652171963012,nan
1035,A2,full_refit,0.01,42,0.6195763537268519,0.6184303686905673,nan
1035,A2,full_refit,0.01,43,0.6170484035990217,0.6159029974657827,nan
1035,A2,full_refit,0.01,44,0.6145276295595319,0.6133828017334209,nan
1035,A2,full_refit,0.01,45,0.6120137383724307,0.6108694875619991,nan
1035,A2,full_refit,0.01,46,0.6095064449701963,0.6083627692511848,nan
1035,A2,full_refit,0.01,47,0.6070054727023335,0.6058623695801308,nan
1035,A2,full_refit,0.01,48,0.6045105534814634,0.6033680199521207,nan
1035,A2,full_refit,0.01,49,0.602021427849659,0.6008794604584163,nan
1035,A2,full_refit,0.01,50,0.599537844987145,0.5983964398835481,nan
1036,A1,full_refit,0.01,1,0.8197948702437988,0.8186762956715435,nan
1036,A1,full_refit,0.01,2,0.8172266437416152,0.8161077735630675,nan
1036,A1,full_refit,0.01,3,0.8146718386801297,0.8135526667111795,nan
1036,A1,full_refit,0.01,4,0.8121306590646209,0.8110111903981906,nan
1036,A1,full_refit,0.01,5,0.8096032803867347,0.8084835205877282,nan
1036,A1,full_refit,0.01,6,0.8070898478465095,0.8059697996723939,nan
1036,A1,full_refit,0.01,7,0.8045904767636929,0.8034701323705145,nan
1036,A1,full_refit,0.01,8,0.8021052502608402,0.8009845970669046,nan
1036,A1,full_refit,0.01,9,0.7996342169324985,0.7985132417791101,nan
1036,A1,full_refit,0.01,10,0.7971773890353986,0.7960560799066349,nan
1036,A1,full_refit,0.01,11,0.7947347410322135,0.7936130875804009,nan
1036,A1,full_refit,0.01,12,0.7923062084757392,0.7911842020260862,nan
1036,A1,full_refit,0.01,13,0.7898916872511682,0.7887693206758849,nan
1036,A1,full_refit,0.01,14,0.787491033290554,0.7863683009594559,nan
1036,A1,full_refit,0.01,15,0.7851040630205935,0.7839809608696371,nan
1036,A1,full_refit,0.01,16,0.7827305549128758,0.781607080564693,nan
1036,A1,full_refit,0.01,17,0.7803702525186027,0.779246405361875,nan
1036,A1,full_refit,0.01,18,0.7780228692571435,0.7768986504195429,nan
1036,A1,full_refit,0.01,19,0.7756880949689611,0.7745635071642586,nan
1036,A1,full_refit,0.01,20,0.7733656038657168,0.7722406511355416,nan
1036,A1,full_refit,0.01,21,0.7710550631260673,0.7699297505205447,nan
1036,A1,full_refit,0.01,22,0.7687561411589869,0.7676304744055609,nan
1036,A1,full_refit,0.01,23,0.7664685146014559,0.7653424998006255,nan
1036,A1,full_refit,0.01,24,0.7641918734138375,0.7630655167824546,nan
1036,A1,full_refit,0.01,25,0.7619259238473031,0.7607992315138323,nan
1036,A1,full_refit,0.01,26,0.7596703894265614,0.7585433672737945,nan
1036,A1,full_refit,0.01,27,0.7574250103247282,0.7562976638737323,nan
1036,A1,full_refit,0.01,28,0.7551895415934581,0.7540618759246352,nan
1036,A1,full_refit,0.01,29,0.7529637506901251,0.7518357703996233,nan
1036,A1,full_refit,0.01,30,0.7507474146673437,0.7496191238578551,nan
1036,A1,full_refit,0.01,31,0.7485403172990162,0.7474117196031455,nan
1036,A1,full_refit,0.01,32,0.7463422463333984,0.7452133449661706,nan
1036,A1,full_refit,0.01,33,0.7441529909952878,0.743023788830941,nan
1036,A1,full_refit,0.01,34,0.7419723398069488,0.7408428394744587,nan
1036,A1,full_refit,0.01,35,0.7398000787587992,0.7386702827506844,nan
1036,A1,full_refit,0.01,36,0.7376359898336434,0.7365059006232646,nan
1036,A1,full_refit,0.01,37,0.7354798498698216,0.7343494700333171,nan
1036,A1,full_refit,0.01,38,0.7333314297368526,0.7322007620767659,nan
1036,A1,full_refit,0.01,39,0.7311904937900437,0.7300595414584345,nan
1036,A1,full_refit,0.01,40,0.7290567995667238,0.7279255661860214,nan
1036,A1,full_refit,0.01,41,0.726930097685238,0.7257985874652652,nan
1036,A1,full_refit,0.01,42,0.7248101319080493,0.7236783497575371,nan
1036,A1,full_refit,0.01,43,0.7226966393318777,0.7215645909624541,nan
1036,A1,full_refit,0.01,44,0.7205893506705915,0.7194570426907355,nan
1036,A1,full_refit,0.01,45,0.718487990600271,0.7173554305962033,nan
1036,A1,full_refit,0.01,46,0.7163922781401459,0.71525947474023,nan
1036,A1,full_refit,0.01,47,0.7143019270474523,0.7131688899665877,nan
1036,A1,full_refit,0.01,48,0.7122166462082077,0.7110833862690505,nan
1036,A1,full_refit,0.01,49,0.7101361400092179,0.7090026691379364,nan
1036,A1,full_refit,0.01,50,0.708060108679413,0.7069264398750057,nan
1036,A2,full_refit,0.01,1,0.819572409024513,0.8184538344522577,nan
1036,A2,full_refit,0.01,2,0.8169980418205297,0.8158790669439968,nan
1036,A2,full_refit,0.01,3,0.814437255691242,0.8133178460757083,nan
1036,A2,full_refit,0.01,4,0.8118902517328672,0.8107703800305666,nan
1036,A2,full_refit,0.01,5,0.8093571978503994,0.8082368432594994,nan
1036,A2,full_refit,0.01,6,0.8068382290231083,0.8057173767116618,nan
1036,A2,full_refit,0.01,7,0.8043334557958045,0.8032120943846384,nan
1036,A2,full_refit,0.01,8,0.8018429678397255,0.8007210882085609,nan
1036,A2,full_refit,0.01,9,0.7993668290715855,0.7982444247711136,nan
1036,A2,full_refit,0.01,10,0.7969050723196498,0.7957821401180503,nan
1036,A2,full_refit,0.01,11,0.794457696269777,0.7933342362444463,nan
1036,A2,full_refit,0.01,12,0.7920246638011501,0.7909006790862507,nan
1036,A2,full_refit,0.01,13,0.7896059008918807,0.7884813973818262,nan
1036,A2,full_refit,0.01,14,0.7872012959130039,0.7860762821098057,nan
1036,A2,full_refit,0.01,15,0.7848106995264473,0.7836851865244888,nan
1036,A2,full_refit,0.01,16,0.7824339254708051,0.7813079269547146,nan
1036,A2,full_refit,0.01,17,0.7800707523951762,0.7789442845019611,nan
1036,A2,full_refit,0.01,18,0.7777209268586674,0.7765940077760056,nan
1036,A2,full_refit,0.01,19,0.7753841676615411,0.7742568168988001,nan
1036,A2,full_refit,0.01,20,0.7730601715130795,0.7719324089177487,nan
1036,A2,full_refit,0.01,21,0.770748619629872,0.7696204643684621,nan
1036,A2,full_refit,0.01,22,0.7684491845502858,0.7673206542976093,nan
1036,A2,full_refit,0.01,23,0.7661615364484509,0.7650326469090867,nan
1036,A2,full_refit,0.01,24,0.7638853483740253,0.7627561131148759,nan
1036,A2,full_refit,0.01,25,0.7616203000211972,0.7604907305262496,nan
1036,A2,full_refit,0.01,26,0.759366079883827,0.7582361857476024,nan
1036,A2,full_refit,0.01,27,0.7571223859237048,0.7559921751267665,nan
1036,A2,full_refit,0.01,28,0.7548889250598564,0.7537584042865858,nan
1036,A2,full_refit,0.01,29,0.7526654118594291,0.7515345868237159,nan
1036,A2,full_refit,0.01,30,0.7504515667784298,0.7493204425281731,nan
1036,A2,full_refit,0.01,31,0.7482471141667613,0.7471156953514742,nan
1036,A2,full_refit,0.01,32,0.746051780107698,0.7449200712105853,nan
1036,A2,full_refit,0.01,33,0.7438652901401386,0.742733295685085,nan
1036,A2,full_refit,0.01,34,0.7416873669971248,0.740555091740202,nan
1036,A2,full_refit,0.01,35,0.7395177285548098,0.738385177666623,nan
1036,A2,full_refit,0.01,36,0.7373560861501911,0.7362232653922466,nan
1036,A2,full_refit,0.01,37,0.7352021433025275,0.7340690591949184,nan
1036,A2,full_refit,0.01,38,0.7330555947483673,0.7319222547192535,nan
1036,A2,full_refit,0.01,39,0.7309161256962092,0.7297825382018335,nan
1036,A2,full_refit,0.01,40,0.7287834113180295,0.7276495859247331,nan
1036,A2,full_refit,0.01,41,0.7266571165899699,0.725523064011125,nan
1036,A2,full_refit,0.01,42,0.7245368965880048,0.7234026286696542,nan
1036,A2,full_refit,0.01,43,0.7224223972392958,0.7212879268948966,nan
1036,A2,full_refit,0.01,44,0.7203132564110106,0.719178597517703,nan
1036,A2,full_refit,0.01,45,0.7182091052159236,0.7170742724926044,nan
1036,A2,full_refit,0.01,46,0.7161095695307329,0.714974578416837,nan
1036,A2,full_refit,0.01,47,0.7140142718019508,0.7128791383490766,nan
1036,A2,full_refit,0.01,48,0.7119228331441201,0.7107875739235412,nan
1036,A2,full_refit,0.01,49,0.7098348755827555,0.7086995076024287,nan
1036,A2,full_refit,0.01,50,0.7077500242347157,0.7066145648546587,nan
1037,A1,full_refit,0.01,1,0.7426494730967754,0.7414454053886239,nan
1037,A1,full_refit,0.01,2,0.7398999722210445,0.7386970776524124,nan
1037,A1,full_refit,0.01,3,0.7371509751793917,0.7359493102370706,nan
1037,A1,full_refit,0.01,4,0.7344026102528178,0.7332021560527211,nan
1037,A1,full_refit,0.01,5,0.7316550046602966,0.7304557335301076,nan
1037,A1,full_refit,0.01,6,0.7289082679348442,0.7277101510679131,nan
1037,A1,full_refit,0.01,7,0.7261624926865822,0.7249655018658782,nan
1037,A1,full_refit,0.01,8,0.7234177542314189,0.7222218626124902,nan
1037,A1,full_refit,0.01,9,0.7206741099228836,0.7194792925716134,nan
1037,A1,full_refit,0.01,10,0.7179315984725037,0.7167378327801002,nan
1037,A1,full_refit,0.01,11,0.7151902389331553,0.7139975048816172,nan
1037,A1,full_refit,0.01,12,0.7124500296296696,0.7112583097915656,nan
1037,A1,full_refit,0.01,13,0.7097109482463405,0.7085202274548,nan
1037,A1,full_refit,0.01,14,0.7069729534091864,0.7057832182752861,nan
1037,A1,full_refit,0.01,15,0.7042359866705628,0.7030472252346868,nan
1037,A1,full_refit,0.01,16,0.7014999743334164,0.7003121759258186,nan
1037,A1,full_refit,0.01,17,0.6987648298671374,0.6975779850287067,nan
1037,A1,full_refit,0.01,18,0.6960304576039192,0.694844557915012,nan
1037,A1,full_refit,0.01,19,0.6932967573997078,0.6921117951834147,nan
1037,A1,full_refit,0.01,20,0.6905636292571682,0.6893795972178538,nan
1037,A1,full_refit,0.01,21,0.6878309769558392,0.6866478678383747,nan
1037,A1,full_refit,0.01,22,0.6850987102571445,0.6839165165864748,nan
1037,A1,full_refit,0.01,23,0.6823667458019363,0.6811854597223991,nan
1037,A1,full_refit,0.01,24,0.6796350071101084,0.6784546203142728,nan
1037,A1,full_refit,0.01,25,0.6769034241095042,0.6757239278339812,nan
1037,A1,full_refit,0.01,26,0.6741719324979271,0.6729933175637859,nan
1037,A1,full_refit,0.01,27,0.6714404731032537,0.6702627299841085,nan
1037,A1,full_refit,0.01,28,0.6687089913093123,0.6675321102160141,nan
1037,A1,full_refit,0.01,29,0.6659774365636292,0.6648014075389136,nan
1037,A1,full_refit,0.01,30,0.6632457619623051,0.6620705749814528,nan
1037,A1,full_refit,0.01,31,0.6605139239021781,0.6593395689771011,nan
1037,A1,full_refit,0.01,32,0.6577818817916676,0.6566083490762438,nan
1037,A1,full_refit,0.01,33,0.6550495978145653,0.6538768777088809,nan
1037,A1,full_refit,0.01,34,0.652317036743548,0.6511451199942977,nan
1037,A1,full_refit,0.01,35,0.6495841658016696,0.6484130435956011,nan
1037,A1,full_refit,0.01,36,0.6468509545704854,0.6456806186176809,nan
1037,A1,full_refit,0.01,37,0.6441173749429384,0.6429478175469736,nan
1037,A1,full_refit,0.01,38,0.6413834011179476,0.6402146152305443,nan
1037,A1,full_refit,0.01,39,0.6386490096321636,0.6374809888906849,nan
1037,A1,full_refit,0.01,40,0.6359141794229337,0.6347469181698319,nan
1037,A1,full_refit,0.01,41,0.6331788919155491,0.6320123851995231,nan
1037,A1,full_refit,0.01,42,0.6304431311276245,0.6292773746867389,nan
1037,A1,full_refit,0.01,43,0.6277068837841066,0.6265418740114909,nan
1037,A1,full_refit,0.01,44,0.6249701394378981,0.62380587333096,nan
1037,A1,full_refit,0.01,45,0.6222328905931571,0.6210693656875861,nan
1037,A1,full_refit,0.01,46,0.619495132830643,0.6183323471209002,nan
1037,A1,full_refit,0.01,47,0.6167568649365782,0.6155948167850682,nan
1037,A1,full_refit,0.01,48,0.6140180890380289,0.6128567770756552,nan
1037,A1,full_refit,0.01,49,0.6112788107484752,0.6101182337697091,nan
1037,A1,full_refit,0.01,50,0.6085390393269625,0.6073791961827745,nan
1037,A2,full_refit,0.01,1,0.742258514832112,0.7410544471239605,nan
1037,A2,full_refit,0.01,2,0.7395416815695776,0.7383386555485406,nan
1037,A2,full_refit,0.01,3,0.7368252423099677,0.7356231529904271,nan
1037,A2,full_refit,0.01,4,0.734109172882895,0.7329079844291105,nan
1037,A2,full_refit,0.01,5,0.7313935346930246,0.7301932156868315,nan
1037,A2,full_refit,0.01,6,0.7286783854544605,0.7274789079744121,nan
1037,A2,full_refit,0.01,7,0.725963764503426,0.7247651045890886,nan
1037,A2,full_refit,0.01,8,0.7232496865957595,0.7220518248498187,nan
1037,A2,full_refit,0.01,9,0.7205361442515928,0.7193390655378656,nan
1037,A2,full_refit,0.01,10,0.7178231196584877,0.7166268118780701,nan
1037,A2,full_refit,0.01,11,0.7151105961286802,0.7139150494299775,nan
1037,A2,full_refit,0.01,12,0.7123985614237807,0.711203768088922,nan
1037,A2,full_refit,0.01,13,0.7096870062760342,0.7084929606030119,nan
1037,A2,full_refit,0.01,14,0.7069759220472607,0.7057826200262617,nan
1037,A2,full_refit,0.01,15,0.7042652985760426,0.7030727375066512,nan
1037,A2,full_refit,0.01,16,0.701555122329383,0.7003633005017902,nan
1037,A2,full_refit,0.01,17,0.69884537491517,0.6976542913799193,nan
1037,A2,full_refit,0.01,18,0.696136032078194,0.6949456864640229,nan
1037,A2,full_refit,0.01,19,0.6934270634110709,0.6922374557233865,nan
1037,A2,full_refit,0.01,20,0.690718433042551,0.6895295633879349,nan
1037,A2,full_refit,0.01,21,0.6880101013023958,0.6868219695411558,nan
1037,A2,full_refit,0.01,22,0.6853020268496693,0.6841146322460788,nan
1037,A2,full_refit,0.01,23,0.6825941684830493,0.6814075094404496,nan
1037,A2,full_refit,0.01,24,0.6798864861615505,0.6787005600833611,nan
1037,A2,full_refit,0.01,25,0.6771789412948959,0.6759937445550374,nan
1037,A2,full_refit,0.01,26,0.6744714966253599,0.6732870246070227,nan
1037,A2,full_refit,0.01,27,0.6717641159853599,0.6705803631531577,nan
1037,A2,full_refit,0.01,28,0.6690567640890853,0.6678737240755284,nan
1037,A2,full_refit,0.01,29,0.6663494064256248,0.6651670721256551,nan
1037,A2,full_refit,0.01,30,0.663642009274106,0.6624603729482649,nan
1037,A2,full_refit,0.01,31,0.6609345398345723,0.6597535932233819,nan
1037,A2,full_refit,0.01,32,0.6582269664472397,0.657046700898322,nan
1037,A2,full_refit,0.01,33,0.6555192588561866,0.6543396654630618,nan
1037,A2,full_refit,0.01,34,0.6528113884661533,0.6516324582148534,nan
1037,A2,full_refit,0.01,35,0.650103328546696,0.6489250524642605,nan
1037,A2,full_refit,0.01,36,0.6473950543552716,0.6462174236533667,nan
1037,A2,full_refit,0.01,37,0.6446865431741999,0.6435095493814286,nan
1037,A2,full_refit,0.01,38,0.6419777742783767,0.6408014093558826,nan
1037,A2,full_refit,0.01,39,0.6392687288652632,0.6380929853013805,nan
1037,A2,full_refit,0.01,40,0.6365593899834788,0.6353842608640905,nan
1037,A2,full_refit,0.01,41,0.6338497424919678,0.6326752215438941,nan
1037,A2,full_refit,0.01,42,0.6311397730707708,0.6299658546762446,nan
1037,A2,full_refit,0.01,43,0.6284294702901914,0.627256149471704,nan
1037,A2,full_refit,0.01,44,0.6257188247309281,0.6245460971076711,nan
1037,A2,full_refit,0.01,45,0.6230078291369525,0.6218356908564924,nan
1037,A2,full_refit,0.01,46,0.6202964785785458,0.6191249262297099,nan
1037,A2,full_refit,0.01,47,0.6175847706066117,0.616413801121106,nan
1037,A2,full_refit,0.01,48,0.6148727053898869,0.6137023159405233,nan
1037,A2,full_refit,0.01,49,0.6121602858400055,0.6109904737426056,nan
1037,A2,full_refit,0.01,50,0.6094475177405725,0.6082782803650326,nan
1038,A1,full_refit,0.01,1,0.7283233873473672,0.7271856364625476,nan
1038,A1,full_refit,0.01,2,0.725185753819238,0.7240484681796455,nan
1038,A1,full_refit,0.01,3,0.7220574145846433,0.7209205602553516,nan
1038,A1,full_refit,0.01,4,0.7189386306777582,0.7178021736775096,nan
1038,A1,full_refit,0.01,5,0.7158296494751765,0.7146935567276033,nan
1038,A1,full_refit,0.01,6,0.7127307012220564,0.7115949405956585,nan
1038,A1,full_refit,0.01,7,0.7096419968475901,0.7085065372149053,nan
1038,A1,full_refit,0.01,8,0.706563725590806,0.7054285369075837,nan
1038,A1,full_refit,0.01,9,0.7034960524354988,0.7023611058417221,nan
1038,A1,full_refit,0.01,10,0.7004391154438955,0.6993043833890334,nan
1038,A1,full_refit,0.01,11,0.6973930231045526,0.6962584794950182,nan
1038,A1,full_refit,0.01,12,0.6943578518205497,0.6932234721791337,nan
1038,A1,full_refit,0.01,13,0.6913336437219582,0.6901994053406842,nan
1038,A1,full_refit,0.01,14,0.6883204051392425,0.6871862872031101,nan
1038,A1,full_refit,0.01,15,0.6853181062605334,0.6841840899219099,nan
1038,A1,full_refit,0.01,16,0.6823266825578735,0.6811927509489042,nan
1038,A1,full_refit,0.01,17,0.6793460383805526,0.6782121765620449,nan
1038,A1,full_refit,0.01,18,0.6763760526894209,0.6752422475467144,nan
1038,A1,full_refit,0.01,19,0.673416586396423,0.6722828265017917,nan
1038,A1,full_refit,0.01,20,0.6704674903888062,0.6693337658519868,nan
1038,A1,full_refit,0.01,21,0.6675286132036038,0.6663949155267166,nan
1038,A1,full_refit,0.01,22,0.6645998074761784,0.6634661294209817,nan
1038,A1,full_refit,0.01,23,0.6616809346067333,0.6605472700762128,nan
1038,A1,full_refit,0.01,24,0.6587718674528094,0.6576382113871708,nan
1038,A1,full_refit,0.01,25,0.6558724911901531,0.6547388394769742,nan
1038,A1,full_refit,0.01,26,0.652982702733414,0.6518490521307,nan
1038,A1,full_refit,0.01,27,0.6501024092237541,0.6489687572931155,nan
1038,A1,full_refit,0.01,28,0.6472315260685132,0.6460978711148743,nan
1038,A1,full_refit,0.01,29,0.6443699749083295,0.6432363159229207,nan
1038,A1,full_refit,0.01,30,0.6415176817541312,0.6403840183585254,nan
1038,A1,full_refit,0.01,31,0.6386745754223234,0.6375409078123407,nan
1038,A1,full_refit,0.01,32,0.6358405863152571,0.6347069152044049,nan
1038,A1,full_refit,0.01,33,0.6330156455430364,0.6318819721057167,nan
1038,A1,full_refit,0.01,34,0.6301996843537164,0.6290660101687675,nan
1038,A1,full_refit,0.01,35,0.6273926338238154,0.6262589608190974,nan
1038,A1,full_refit,0.01,36,0.6245944247537126,0.6234607551523869,nan
1038,A1,full_refit,0.01,37,0.6218049877092701,0.6206713239781828,nan
1038,A1,full_refit,0.01,38,0.6190242531511709,0.6178905979513964,nan
1038,A1,full_refit,0.01,39,0.6162521515984316,0.6151185077376715,nan
1038,A1,full_refit,0.01,40,0.6134886137840738,0.6123549841703729,nan
1038,A1,full_refit,0.01,41,0.6107335707786966,0.6095999583748685,nan
1038,A1,full_refit,0.01,42,0.6079869540780992,0.6068533618563411,nan
1038,A1,full_refit,0.01,43,0.6052486956686808,0.6041151265650312,nan
1038,A1,full_refit,0.01,44,0.6025187280942643,0.6013851849627544,nan
1038,A1,full_refit,0.01,45,0.5997969845480975,0.5986634701146615,nan
1038,A1,full_refit,0.01,46,0.5970833990051321,0.5959499158215932,nan
1038,A1,full_refit,0.01,47,0.5943779063959892,0.5932444567947193,nan
1038,A1,full_refit,0.01,48,0.5916804428104685,0.5905470288605875,nan
1038,A1,full_refit,0.01,49,0.5889909457099539,0.5878575691761198,nan
1038,A1,full_refit,0.01,50,0.5863093541273207,0.5851760164321829,nan
1038,A2,full_refit,0.01,1,0.7309199735598169,0.7297822226749973,nan
1038,A2,full_refit,0.01,2,0.7277780062668351,0.7266404901916942,nan
1038,A2,full_refit,0.01,3,0.7246456372172598,0.723508316470943,nan
1038,A2,full_refit,0.01,4,0.721523116109169,0.7203859637973856,nan
1038,A2,full_refit,0.01,5,0.7184106159546211,0.7172736116244308,nan
1038,A2,full_refit,0.01,6,0.7153081806121396,0.7141713137166821,nan
1038,A2,full_refit,0.01,7,0.7122156757764987,0.7110789481349921,nan
1038,A2,full_refit,0.01,8,0.709132800869403,0.7079962254475491,nan
1038,A2,full_refit,0.01,9,0.7060591946512109,0.7049227902144394,nan
1038,A2,full_refit,0.01,10,0.7029945651406493,0.7018583495251466,nan
1038,A2,full_refit,0.01,11,0.6999387480269083,0.6988027337360931,nan
1038,A2,full_refit,0.01,12,0.6968916885893993,0.6957558819459198,nan
1038,A2,full_refit,0.01,13,0.693853400239613,0.6927178024858087,nan
1038,A2,full_refit,0.01,14,0.6908239318241728,0.6896885405886992,nan
1038,A2,full_refit,0.01,15,0.687803347886704,0.6866681584340258,nan
1038,A2,full_refit,0.01,16,0.6847917177474802,0.6836567239446135,nan
1038,A2,full_refit,0.01,17,0.6817891095210751,0.6806543045957983,nan
1038,A2,full_refit,0.01,18,0.6787955865933893,0.6776609637698316,nan
1038,A2,full_refit,0.01,19,0.6758112050555132,0.6746767581236711,nan
1038,A2,full_refit,0.01,20,0.6728360111988155,0.6717017350029055,nan
1038,A2,full_refit,0.01,21,0.6698700389390059,0.6687359296281747,nan
1038,A2,full_refit,0.01,22,0.6669133085527332,0.665779363299339,nan
1038,A2,full_refit,0.01,23,0.6639658292141168,0.6628320452920714,nan
1038,A2,full_refit,0.01,24,0.6610276050034863,0.6598939787227305,nan
1038,A2,full_refit,0.01,25,0.6580986397248182,0.6569651658941272,nan
1038,A2,full_refit,0.01,26,0.6551789378309909,0.6540456098252723,nan
1038,A2,full_refit,0.01,27,0.652268503174934,0.6511353132662796,nan
1038,A2,full_refit,0.01,28,0.6493673376036432,0.6482342772988088,nan
1038,A2,full_refit,0.01,29,0.6464754399591338,0.6453425002628153,nan
1038,A2,full_refit,0.01,30,0.643592805390002,0.6424599769955189,nan
1038,A2,full_refit,0.01,31,0.6407194248330477,0.6395866982599326,nan
1038,A2,full_refit,0.01,32,0.6378552846045003,0.6367226502999521,nan
1038,A2,full_refit,0.01,33,0.6350003660932464,0.6338678145090362,nan
1038,A2,full_refit,0.01,34,0.6321546455673425,0.6310221672196634,nan
1038,A2,full_refit,0.01,35,0.6293180941059198,0.6281856796230307,nan
1038,A2,full_refit,0.01,36,0.6264906776625343,0.6253583178233573,nan
1038,A2,full_refit,0.01,37,0.6236723572584558,0.6225400430241489,nan
1038,A2,full_refit,0.01,38,0.6208630892973529,0.6197308118370537,nan
1038,A2,full_refit,0.01,39,0.6180628259869725,0.6169305766982786,nan
1038,A2,full_refit,0.01,40,0.6152715158489481,0.6141392863732387,nan
1038,A2,full_refit,0.01,41,0.6124891042949885,0.6113568865273825,nan
1038,A2,full_refit,0.01,42,0.6097155342465452,0.6085833203401521,nan
1038,A2,full_refit,0.01,43,0.6069507467756029,0.6058185291397419,nan
1038,A2,full_refit,0.01,44,0.6041946817462325,0.6030624530384507,nan
1038,A2,full_refit,0.01,45,0.6014472784395172,0.6003150315514726,nan
1038,A2,full_refit,0.01,46,0.598708476147898,0.5975762041854412,nan
1038,A2,full_refit,0.01,47,0.595978214728466,0.5948459109864999,nan
1038,A2,full_refit,0.01,48,0.5932564351079476,0.5921240930408351,nan
1038,A2,full_refit,0.01,49,0.5905430797349598,0.5894106929233806,nan
1038,A2,full_refit,0.01,50,0.5878380929774711,0.586705655092701,nan
1039,A1,full_refit,0.01,1,0.7527180805833288,0.7514938903331632,nan
1039,A1,full_refit,0.01,2,0.7502315738899735,0.7490094209382012,nan
1039,A1,full_refit,0.01,3,0.7477426518330577,0.746522480404669,nan
1039,A1,full_refit,0.01,4,0.7452509405845416,0.7440327431426489,nan
1039,A1,full_refit,0.01,5,0.742756339199299,0.7415401108635195,nan
1039,A1,full_refit,0.01,6,0.7402588075913934,0.7390445376210776,nan
1039,A1,full_refit,0.01,7,0.7377583385115556,0.7365460090737248,nan
1039,A1,full_refit,0.01,8,0.7352549337527331,0.7340445221099259,nan
1039,A1,full_refit,0.01,9,0.7327485929056111,0.7315400734308581,nan
1039,A1,full_refit,0.01,10,0.7302393101582207,0.7290326555138512,nan
1039,A1,full_refit,0.01,11,0.727727073407606,0.72652225517685,nan
1039,A1,full_refit,0.01,12,0.7252118638057158,0.7240088528252387,nan
1039,A1,full_refit,0.01,13,0.7226936552947504,0.7214924218240312,nan
1039,A1,full_refit,0.01,14,0.7201724140769511,0.7189729278755828,nan
1039,A1,full_refit,0.01,15,0.7176480980961166,0.7164503284482389,nan
1039,A1,full_refit,0.01,16,0.715120656684413,0.7139245723944951,nan
1039,A1,full_refit,0.01,17,0.7125900305820291,0.7113955999595457,nan
1039,A1,full_refit,0.01,18,0.7100561525532091,0.7088633434009947,nan
1039,A1,full_refit,0.01,19,0.7075189487707494,0.7063277283905023,nan
1039,A1,full_refit,0.01,20,0.7049783410059893,0.7037886762328419,nan
1039,A1,full_refit,0.01,21,0.7024342494656458,0.7012461067407658,nan
1039,A1,full_refit,0.01,22,0.6998865959291215,0.698699941414312,nan
1039,A1,full_refit,0.01,23,0.6973353067437629,0.6961501064749983,nan
1039,A1,full_refit,0.01,24,0.694780315276876,0.6935965353456731,nan
1039,A1,full_refit,0.01,25,0.6922215635795504,0.6910391703242046,nan
1039,A1,full_refit,0.01,26,0.689659003216341,0.6884779634020142,nan
1039,A1,full_refit,0.01,27,0.6870925953820125,0.6859128763509751,nan
1039,A1,full_refit,0.01,28,0.6845223105196075,0.6833438802997346,nan
1039,A1,full_refit,0.01,29,0.6819481276695066,0.680770955037528,nan
1039,A1,full_refit,0.01,30,0.6793700337395444,0.6781940882425639,nan
1039,A1,full_refit,0.01,31,0.6767880228229949,0.675613274765815,nan
1039,A1,full_refit,0.01,32,0.6742020956300533,0.673028516036923,nan
1039,A1,full_refit,0.01,33,0.6716122590528734,0.6704398196113613,nan
1039,A1,full_refit,0.01,34,0.6690185258567847,0.6678471988496806,nan
1039,A1,full_refit,0.01,35,0.6664209144771943,0.6652506727064917,nan
1039,A1,full_refit,0.01,36,0.6638194488973863,0.6626502656029851,nan
1039,A1,full_refit,0.01,37,0.6612141585824546,0.6600460073574361,nan
1039,A1,full_refit,0.01,38,0.6586050784462898,0.6574379331504527,nan
1039,A1,full_refit,0.01,39,0.6559922488310401,0.654826083504676,nan
1039,A1,full_refit,0.01,40,0.6533757154818732,0.652210504262284,nan
1039,A1,full_refit,0.01,41,0.6507555295045133,0.6495912465482855,nan
1039,A1,full_refit,0.01,42,0.648131747298881,0.6469683667132469,nan
1039,A1,full_refit,0.01,43,0.6455044304684945,0.6443419262551321,nan
1039,A1,full_refit,0.01,44,0.6428736457109946,0.6417119917253196,nan
1039,A1,full_refit,0.01,45,0.640239464699036,0.639078634627414,nan
1039,A1,full_refit,0.01,46,0.6376019639619741,0.6364419313183762,nan
1039,A1,full_refit,0.01,47,0.634961224777075,0.6338019629195195,nan
1039,A1,full_refit,0.01,48,0.6323173330749052,0.6311588152406593,nan
1039,A1,full_refit,0.01,49,0.6296703793583885,0.6285125787154856,nan
1039,A1,full_refit,0.01,50,0.6270204586303518,0.6258633483417344,nan
1039,A2,full_refit,0.01,1,0.7465893950234239,0.7453652047732583,nan
1039,A2,full_refit,0.01,2,0.7441545780140623,0.7429323663451389,nan
1039,A2,full_refit,0.01,3,0.7417161761720109,0.7404959064046589,nan
1039,A2,full_refit,0.01,4,0.7392742200445542,0.7380558516381636,nan
1039,A2,full_refit,0.01,5,0.7368286882401243,0.7356121778125028,nan
1039,A2,full_refit,0.01,6,0.7343795569615628,0.7331648665924153,nan
1039,A2,full_refit,0.01,7,0.7319268210461305,0.7307139192548258,nan
1039,A2,full_refit,0.01,8,0.7294704773712337,0.7282593366947808,nan
1039,A2,full_refit,0.01,9,0.7270105177059515,0.7258011132518827,nan
1039,A2,full_refit,0.01,10,0.7245469273719628,0.723339236003576,nan
1039,A2,full_refit,0.01,11,0.7220796865797233,0.7208736861928171,nan
1039,A2,full_refit,0.01,12,0.7196087730834669,0.7184044419958615,nan
1039,A2,full_refit,0.01,13,0.7171341644480184,0.7159314810401024,nan
1039,A2,full_refit,0.01,14,0.7146558388939669,0.7134547814971449,nan
1039,A2,full_refit,0.01,15,0.7121737750987592,0.7109743220800335,nan
1039,A2,full_refit,0.01,16,0.7096879517759764,0.7084900817215383,nan
1039,A2,full_refit,0.01,17,0.7071983476022187,0.7060020394203681,nan
1039,A2,full_refit,0.01,18,0.7047049417163878,0.7035101745105329,nan
1039,A2,full_refit,0.01,19,0.702207714403779,0.7010144671911404,nan
1039,A2,full_refit,0.01,20,0.6997066474076753,0.6985148988766561,nan
1039,A2,full_refit,0.01,21,0.6972017239354341,0.6960114523253418,nan
1039,A2,full_refit,0.01,22,0.6946929287738309,0.6935041118906327,nan
1039,A2,full_refit,0.01,23,0.6921802487317145,0.6909928641103419,nan
1039,A2,full_refit,0.01,24,0.6896636732287355,0.6884776983942964,nan
1039,A2,full_refit,0.01,25,0.6871431946552135,0.6859586073772018,nan
1039,A2,full_refit,0.01,26,0.6846188084247007,0.6834355868756846,nan
1039,A2,full_refit,0.01,27,0.682090513015585,0.6809086357678381,nan
1039,A2,full_refit,0.01,28,0.6795583102739635,0.6783777561021246,nan
1039,A2,full_refit,0.01,29,0.6770222058299559,0.6758429534015626,nan
1039,A2,full_refit,0.01,30,0.6744822092667727,0.6733042368714242,nan
1039,A2,full_refit,0.01,31,0.6719383340251197,0.6707616194365015,nan
1039,A2,full_refit,0.01,32,0.6693905973301058,0.6682151178379743,nan
1039,A2,full_refit,0.01,33,0.6668390203146745,0.6656647529313019,nan
1039,A2,full_refit,0.01,34,0.6642836281787338,0.6631105499541607,nan
1039,A2,full_refit,0.01,35,0.6617244501212071,0.6605525384434509,nan
1039,A2,full_refit,0.01,36,0.6591615190931946,0.6579907518639088,nan
1039,A2,full_refit,0.01,37,0.6565948716327157,0.6554252272755521,nan
1039,A2,full_refit,0.01,38,0.6540245477920686,0.652856005152514,nan
1039,A2,full_refit,0.01,39,0.6514505908975758,0.6502831291575345,nan
1039,A2,full_refit,0.01,40,0.6488730470551045,0.6477066457546902,nan
1039,A2,full_refit,0.01,41,0.6462919646007469,0.6451266037996338,nan
1039,A2,full_refit,0.01,42,0.6437073936702292,0.6425430542195014,nan
1039,A2,full_refit,0.01,43,0.6411193858406573,0.6399560496497386,nan
1039,A2,full_refit,0.01,44,0.6385279938146098,0.6373656439448254,nan
1039,A2,full_refit,0.01,45,0.635933271407929,0.634771891870453,nan
1039,A2,full_refit,0.01,46,0.6333352741195134,0.6321748493839076,nan
1039,A2,full_refit,0.01,47,0.6307340601737087,0.6295745745297514,nan
1039,A2,full_refit,0.01,48,0.6281296916768196,0.6269711286478252,nan
1039,A2,full_refit,0.01,49,0.6255222356295527,0.6243645775987003,nan
1039,A2,full_refit,0.01,50,0.6229117646682475,0.6217549927853927,nan
1040,A1,full_refit,0.01,1,0.9225432539957986,0.9214098061436846,nan
1040,A1,full_refit,0.01,2,0.919239648053855,0.9181074558716715,nan
1040,A1,full_refit,0.01,3,0.9159608968200704,0.9148299723215833,nan
1040,A1,full_refit,0.01,4,0.912707360566118,0.9115777065279508,nan
1040,A1,full_refit,0.01,5,0.9094793787310684,0.9083509714217052,nan
1040,A1,full_refit,0.01,6,0.9062772394600244,0.905150047315745,nan
1040,A1,full_refit,0.01,7,0.903101169214449,0.9019751574313002,nan
1040,A1,full_refit,0.01,8,0.8999513254425937,0.8988264572638667,nan
1040,A1,full_refit,0.01,9,0.8968277887274317,0.8957040258547815,nan
1040,A1,full_refit,0.01,10,0.8937305546475313,0.8926078573703037,nan
1040,A1,full_refit,0.01,11,0.8906595262431735,0.8895378535001363,nan
1040,A1,full_refit,0.01,12,0.887614508503066,0.8864938179946016,nan
1040,A1,full_refit,0.01,13,0.8845952064585049,0.8834754548910648,nan
1040,A1,full_refit,0.01,14,0.8816012278779027,0.8804823713840155,nan
1040,A1,full_refit,0.01,15,0.8786320902505494,0.8775140849705446,nan
1040,A1,full_refit,0.01,16,0.8756872305859653,0.8745700333351367,nan
1040,A1,full_refit,0.01,17,0.8727660164650799,0.8716495853722874,nan
1040,A1,full_refit,0.01,18,0.8698677576520213,0.8687520526638419,nan
1040,A1,full_refit,0.01,19,0.8669917183901946,0.8658767015818173,nan
1040,A1,full_refit,0.01,20,0.8641371305408485,0.8630227662328832,nan
1040,A1,full_refit,0.01,21,0.861303207138717,0.8601894618612299,nan
1040,A1,full_refit,0.01,22,0.8584891553330427,0.8573759976940798,nan
1040,A1,full_refit,0.01,23,0.8556941874805947,0.8545815879911723,nan
1040,A1,full_refit,0.01,24,0.852917529423996,0.851805460316119,nan
1040,A1,full_refit,0.01,25,0.8501584255397235,0.849046860598021,nan
1040,A1,full_refit,0.01,26,0.847416140728927,0.8463050551449738,nan
1040,A1,full_refit,0.01,27,0.8446899599655618,0.8435793302176888,nan
1040,A1,full_refit,0.01,28,0.8419791862300264,0.840868989988784,nan
1040,A1,full_refit,0.01,29,0.8392831376545792,0.8381733537127302,nan
1040,A1,full_refit,0.01,30,0.8366011445562618,0.8354917527807043,nan
1040,A1,full_refit,0.01,31,0.8339325468164089,0.8328235281175295,nan
1040,A1,full_refit,0.01,32,0.8312766918526261,0.8301680281651348,nan
1040,A1,full_refit,0.01,33,0.8286329332613266,0.8275246075306525,nan
1040,A1,full_refit,0.01,34,0.826000630099641,0.8248926262696601,nan
1040,A1,full_refit,0.01,35,0.8233791467170037,0.8222714497174347,nan
1040,A1,full_refit,0.01,36,0.8207678530232124,0.8196604487571558,nan
1040,A1,full_refit,0.01,37,0.8181661250771121,0.8170590004099245,nan
1040,A1,full_refit,0.01,38,0.8155733458896514,0.8144664886392692,nan
1040,A1,full_refit,0.01,39,0.8129889063526714,0.8118823052788412,nan
1040,A1,full_refit,0.01,40,0.810412206227598,0.8093058510140131,nan
1040,A1,full_refit,0.01,41,0.8078426551520267,0.8067365363724693,nan
1040,A1,full_refit,0.01,42,0.8052796736402378,0.8041737826994075,nan
1040,A1,full_refit,0.01,43,0.8027226940587022,0.8016170231021593,nan
1040,A1,full_refit,0.01,44,0.8001711615482375,0.7990657033437504,nan
1040,A1,full_refit,0.01,45,0.797624534850424,0.7965192826520627,nan
1040,A1,full_refit,0.01,46,0.7950822869935688,0.793977234405583,nan
1040,A1,full_refit,0.01,47,0.7925439058112906,0.7914390466682799,nan
1040,A1,full_refit,0.01,48,0.7900088942963303,0.7889042225704563,nan
1040,A1,full_refit,0.01,49,0.7874767708168238,0.7863722805554331,nan
1040,A1,full_refit,0.01,50,0.7849470692320478,0.7838427545233414,nan
1040,A2,full_refit,0.01,1,0.9240896985653466,0.9229562507132326,nan
1040,A2,full_refit,0.01,2,0.9207785700321425,0.9196466266991613,nan
1040,A2,full_refit,0.01,3,0.9174931798962999,0.9163626940049934,nan
1040,A2,full_refit,0.01,4,0.9142338760375354,0.9131048060198281,nan
1040,A2,full_refit,0.01,5,0.9110009053896774,0.9098732030120021,nan
1040,A2,full_refit,0.01,6,0.9077943952627319,0.9066680059089764,nan
1040,A2,full_refit,0.01,7,0.904614397651297,0.9034892650110142,nan
1040,A2,full_refit,0.01,8,0.9014609304067199,0.9003369996129227,nan
1040,A2,full_refit,0.01,9,0.8983339791581071,0.8972111971815755,nan
1040,A2,full_refit,0.01,10,0.895233487657222,0.8941118030769678,nan
1040,A2,full_refit,0.01,11,0.8921593477194898,0.891038710751164,nan
1040,A2,full_refit,0.01,12,0.8891113960438458,0.8879917590280088,nan
1040,A2,full_refit,0.01,13,0.8860894180610198,0.8849707361528204,nan
1040,A2,full_refit,0.01,14,0.8830931527234855,0.8819753843529501,nan
1040,A2,full_refit,0.01,15,0.8801222936768966,0.8790054005897704,nan
1040,A2,full_refit,0.01,16,0.8771764864935033,0.8760604334771672,nan
1040,A2,full_refit,0.01,17,0.8742553239573416,0.8731400784492258,nan
1040,A2,full_refit,0.01,18,0.8713583414949638,0.8702438732114285,nan
1040,A2,full_refit,0.01,19,0.8684850141171626,0.8673712947552842,nan
1040,A2,full_refit,0.01,20,0.8656347555326728,0.8645217585438608,nan
1040,A2,full_refit,0.01,21,0.8628069196256837,0.8616946200400559,nan
1040,A2,full_refit,0.01,22,0.8600008042054954,0.8588891784851401,nan
1040,A2,full_refit,0.01,23,0.8572156567524247,0.856104682658445,nan
1040,A2,full_refit,0.01,24,0.8544506817495936,0.8533403382158129,nan
1040,A2,full_refit,0.01,25,0.8517050490958281,0.8505953161083892,nan
1040,A2,full_refit,0.01,26,0.8489779030497149,0.8478687615355318,nan
1040,A2,full_refit,0.01,27,0.8462683711667518,0.8451598028948765,nan
1040,A2,full_refit,0.01,28,0.843575572757417,0.842467560256476,nan
1040,A2,full_refit,0.01,29,0.8408986265003019,0.8397911529931367,nan
1040,A2,full_refit,0.01,30,0.8382366569721912,0.8371297063266059,nan
1040,A2,full_refit,0.01,31,0.8355887999867894,0.8344823566795438,nan
1040,A2,full_refit,0.01,32,0.832954206749319,0.8318482558395597,nan
1040,A2,full_refit,0.01,33,0.8303320469238414,0.8292265740320655,nan
1040,A2,full_refit,0.01,34,0.827721510768066,0.8266165020572969,nan
1040,A2,full_refit,0.01,35,0.8251218105166227,0.8240172526734484,nan
1040,A2,full_refit,0.01,36,0.8225321811931754,0.8214280614073833,nan
1040,A2,full_refit,0.01,37,0.8199518810122465,0.8188481869547589,nan
1040,A2,full_refit,0.01,38,0.817380191501847,0.8162769113013822,nan
1040,A2,full_refit,0.01,39,0.8148164174455423,0.8137135396648457,nan
1040,A2,full_refit,0.01,40,0.8122598867127154,0.8111574003253537,nan
1040,A2,full_refit,0.01,41,0.8097099500214024,0.8086078443900483,nan
1040,A2,full_refit,0.01,42,0.8071659806599363,0.80606424551688,nan
1040,A2,full_refit,0.01,43,0.804627374181211,0.8035259996115895,nan
1040,A2,full_refit,0.01,44,0.8020935480754534,0.8009925245034476,nan
1040,A2,full_refit,0.01,45,0.7995639414227579,0.7984632596007962,nan
1040,A2,full_refit,0.01,46,0.7970380145242684,0.795937665525097,nan
1040,A2,full_refit,0.01,47,0.794515248510142,0.7934152237214579,nan
1040,A2,full_refit,0.01,48,0.791995144922859,0.7908954360440418,nan
1040,A2,full_refit,0.01,49,0.7894772252758441,0.7883778243161335,nan
1040,A2,full_refit,0.01,50,0.7869610305894377,0.7858619298666918,nan
1041,A1,full_refit,0.01,1,0.7858118107338531,0.7846321242927619,nan
1041,A1,full_refit,0.01,2,0.7835703032075324,0.7823913715359326,nan
1041,A1,full_refit,0.01,3,0.7813329427756656,0.7801547522821183,nan
1041,A1,full_refit,0.01,4,0.7790996787879132,0.7779222550154574,nan
1041,A1,full_refit,0.01,5,0.7768702644330708,0.7756936173082561,nan
1041,A1,full_refit,0.01,6,0.7746442964974003,0.7734684132208027,nan
1041,A1,full_refit,0.01,7,0.7724213972301855,0.7712462563213403,nan
1041,A1,full_refit,0.01,8,0.7702013560033568,0.7690269380959708,nan
1041,A1,full_refit,0.01,9,0.7679840656655124,0.7668103557594147,nan
1041,A1,full_refit,0.01,10,0.765769448111543,0.7645964321829752,nan
1041,A1,full_refit,0.01,11,0.7635574273263483,0.7623850910148715,nan
1041,A1,full_refit,0.01,12,0.7613479195610703,0.760176250099702,nan
1041,A1,full_refit,0.01,13,0.759140830133532,0.7579698165264767,nan
1041,A1,full_refit,0.01,14,0.7569360546360901,0.7557656857204191,nan
1041,A1,full_refit,0.01,15,0.7547334800067493,0.7535637433683562,nan
1041,A1,full_refit,0.01,16,0.7525329837157037,0.7513638660837066,nan
1041,A1,full_refit,0.01,17,0.7503344320966826,0.7491659202160167,nan
1041,A1,full_refit,0.01,18,0.7481376786756552,0.7469697600631815,nan
1041,A1,full_refit,0.01,19,0.7459425628294342,0.7447752263014039,nan
1041,A1,full_refit,0.01,20,0.7437489089165529,0.7425821449264113,nan
1041,A1,full_refit,0.01,21,0.7415565259086323,0.7403903267500114,nan
1041,A1,full_refit,0.01,22,0.7393652074655622,0.738199567384936,nan
1041,A1,full_refit,0.01,23,0.7371747323625701,0.7360096476157976,nan
1041,A1,full_refit,0.01,24,0.7349848651866664,0.7338203340654449,nan
1041,A1,full_refit,0.01,25,0.7327953572494682,0.7316313800960571,nan
1041,A1,full_refit,0.01,26,0.7306059476878424,0.7294425269088898,nan
1041,A1,full_refit,0.01,27,0.7284163647301148,0.727253504813739,nan
1041,A1,full_refit,0.01,28,0.726226327096105,0.7250640346314067,nan
1041,A1,full_refit,0.01,29,0.7240355454853383,0.722873829180635,nan
1041,A1,full_refit,0.01,30,0.7218437241006909,0.7206825947955878,nan
1041,A1,full_refit,0.01,31,0.7196505621591687,0.7184900328252055,nan
1041,A1,full_refit,0.01,32,0.7174557553552429,0.7162958410792446,nan
1041,A1,full_refit,0.01,33,0.7152589972592085,0.7140997152020593,nan
1041,A1,full_refit,0.01,34,0.7130599806473855,0.7119013499690906,nan
1041,A1,full_refit,0.01,35,0.710858398768277,0.7097004405090906,nan
1041,A1,full_refit,0.01,36,0.7086539465474273,0.7074966834555516,nan
1041,A1,full_refit,0.01,37,0.7064463217264242,0.7052897780248816,nan
1041,A1,full_refit,0.01,38,0.7042352259273901,0.7030794270140757,nan
1041,A1,full_refit,0.01,39,0.7020203656447456,0.700865337719718,nan
1041,A1,full_refit,0.01,40,0.6998014531915401,0.6986472228095881,nan
1041,A1,full_refit,0.01,41,0.69757820764542,0.6964248012099332,nan
1041,A1,full_refit,0.01,42,0.6953503558148548,0.6941977990632681,nan
1041,A1,full_refit,0.01,43,0.6931176331775133,0.6919659507394701,nan
1041,A1,full_refit,0.01,44,0.6908797846864165,0.6897289997924451,nan
1041,A1,full_refit,0.01,45,0.6886365653569968,0.687486699730764,nan
1041,A1,full_refit,0.01,46,0.6863877406257268,0.6852388145363515,nan
1041,A1,full_refit,0.01,47,0.684133086538197,0.6829851189555423,nan
1041,A1,full_refit,0.01,48,0.6818723898407614,0.680725398634825,nan
1041,A1,full_refit,0.01,49,0.6796054480300693,0.6784594501720378,nan
1041,A1,full_refit,0.01,50,0.6773320693894679,0.6761870811309996,nan
1041,A2,full_refit,0.01,1,0.7842409755935666,0.7830612891524754,nan
1041,A2,full_refit,0.01,2,0.7820157238457801,0.7808372038295593,nan
1041,A2,full_refit,0.01,3,0.7797942928912147,0.778616952535168,nan
1041,A2,full_refit,0.01,4,0.7775766345763873,0.7764004921029553,nan
1041,A2,full_refit,0.01,5,0.7753625322985458,0.7741875828656941,nan
1041,A2,full_refit,0.01,6,0.7731515872682353,0.7719778089992886,nan
1041,A2,full_refit,0.01,7,0.7709434264690475,0.7697707860910854,nan
1041,A2,full_refit,0.01,8,0.768737844409689,0.7675663048557135,nan
1041,A2,full_refit,0.01,9,0.7665347443992269,0.7653642677975999,nan
1041,A2,full_refit,0.01,10,0.7643340633199049,0.7631646125612676,nan
1041,A2,full_refit,0.01,11,0.7621357414408363,0.7609672819605164,nan
1041,A2,full_refit,0.01,12,0.7599397140460424,0.7587722156585331,nan
1041,A2,full_refit,0.01,13,0.7577459080695538,0.7565793463829467,nan
1041,A2,full_refit,0.01,14,0.755554238958143,0.7543885958188555,nan
1041,A2,full_refit,0.01,15,0.7533646084861185,0.7521998708591597,nan
1041,A2,full_refit,0.01,16,0.751176904414957,0.7500130620875874,nan
1041,A2,full_refit,0.01,17,0.7489910009247721,0.7478280445787445,nan
1041,A2,full_refit,0.01,18,0.7468067585598674,0.7456446790553836,nan
1041,A2,full_refit,0.01,19,0.7446240237953935,0.7434628122763822,nan
1041,A2,full_refit,0.01,20,0.7424426286898704,0.7412822769386789,nan
1041,A2,full_refit,0.01,21,0.7402623907467566,0.7391028915267354,nan
1041,A2,full_refit,0.01,22,0.7380831129376647,0.7369244602711588,nan
1041,A2,full_refit,0.01,23,0.7359045838498952,0.7347467732446509,nan
1041,A2,full_refit,0.01,24,0.7337265779641698,0.7325696066059182,nan
1041,A2,full_refit,0.01,25,0.731548856093808,0.7303927230136881,nan
1041,A2,full_refit,0.01,26,0.7293711660207925,0.7282158722386729,nan
1041,A2,full_refit,0.01,27,0.7271932433537377,0.7260387919950395,nan
1041,A2,full_refit,0.01,28,0.7250148126140483,0.72386120899745,nan
1041,A2,full_refit,0.01,29,0.7228355885345175,0.721682840229585,nan
1041,A2,full_refit,0.01,30,0.7206552775332933,0.7195033943895157,nan
1041,A2,full_refit,0.01,31,0.7184735793088112,0.7173225734598193,nan
1041,A2,full_refit,0.01,32,0.7162901884905595,0.7151400743385377,nan
1041,A2,full_refit,0.01,33,0.7141047962783659,0.7129555904628648,nan
1041,A2,full_refit,0.01,34,0.7119170920106378,0.7107688133621929,nan
1041,A2,full_refit,0.01,35,0.7097267646199374,0.7085794340915146,nan
1041,A2,full_refit,0.01,36,0.7075335039611612,0.70638714451977,nan
1041,A2,full_refit,0.01,37,0.7053370020302613,0.704191638479125,nan
1041,A2,full_refit,0.01,38,0.703136954124292,0.7019926128176691,nan
1041,A2,full_refit,0.01,39,0.70093306001684,0.6997897684337051,nan
1041,A2,full_refit,0.01,40,0.6987250252196049,0.6975828113891405,nan
1041,A2,full_refit,0.01,41,0.6965125623513038,0.6953714541744739,nan
1041,A2,full_refit,0.01,42,0.6942953925415607,0.6931554171089669,nan
1041,A2,full_refit,0.01,43,0.692073246713268,0.6909344297413498,nan
1041,A2,full_refit,0.01,44,0.68984586658647,0.6887082320585588,nan
1041,A2,full_refit,0.01,45,0.6876130053388605,0.6864765753663054,nan
1041,A2,full_refit,0.01,46,0.6853744279654427,0.6842392228235259,nan
1041,A2,full_refit,0.01,47,0.6831299114298522,0.681995949699947,nan
1041,A2,full_refit,0.01,48,0.6808792446895354,0.6797465434466737,nan
1041,A2,full_refit,0.01,49,0.6786222286445687,0.6774908036493672,nan
1041,A2,full_refit,0.01,50,0.6763586760345308,0.6752285419069074,nan
1042,A1,full_refit,0.01,1,0.7377706566569918,0.7366027748120557,nan
1042,A1,full_refit,0.01,2,0.7349641840162777,0.7337968851993084,nan
1042,A1,full_refit,0.01,3,0.7321748052217261,0.7310080538396762,nan
1042,A1,full_refit,0.01,4,0.7294027753720396,0.7282365362203589,nan
1042,A1,full_refit,0.01,5,0.7266483069884117,0.7254825452273299,nan
1042,A1,full_refit,0.01,6,0.7239115602023934,0.7227462412942164,nan
1042,A1,full_refit,0.01,7,0.7211926298335338,0.7200277194606516,nan
1042,A1,full_refit,0.01,8,0.7184915292836317,0.7173269932587734,nan
1042,A1,full_refit,0.01,9,0.7158081726210904,0.7146439768072131,nan
1042,A1,full_refit,0.01,10,0.7131423589467127,0.7119784692172229,nan
1042,A1,full_refit,0.01,11,0.7104937663727352,0.709330148654178,nan
1042,A1,full_refit,0.01,12,0.7078619636624152,0.7066985840948075,nan
1042,A1,full_refit,0.01,13,0.7052464418162974,0.704083267028596,nan
1042,A1,full_refit,0.01,14,0.7026466568853434,0.7014836543307053,nan
1042,A1,full_refit,0.01,15,0.7000620685497067,0.6988992068191009,nan
1042,A1,full_refit,0.01,16,0.6974921639266193,0.6963294129823236,nan
1042,A1,full_refit,0.01,17,0.6949364669620062,0.6937737982793077,nan
1042,A1,full_refit,0.01,18,0.6923945398838762,0.6912319265219075,nan
1042,A1,full_refit,0.01,19,0.689865982114393,0.6887033987439127,nan
1042,A1,full_refit,0.01,20,0.6873504284633498,0.6861878513715308,nan
1042,A1,full_refit,0.01,21,0.6848475463156526,0.6836849533983357,nan
1042,A1,full_refit,0.01,22,0.6823570313890386,0.6811944021348385,nan
1042,A1,full_refit,0.01,23,0.679878602305365,0.6787159177734042,nan
1042,A1,full_refit,0.01,24,0.6774119947059861,0.6762492374982381,nan
1042,A1,full_refit,0.01,25,0.6749569556791396,0.6737941099081644,nan
1042,A1,full_refit,0.01,26,0.6725132390181893,0.6713502902709176,nan
1042,A1,full_refit,0.01,27,0.6700806015236157,0.6689175368216854,nan
1042,A1,full_refit,0.01,28,0.667658800329643,0.6664956080866166,nan
1042,A1,full_refit,0.01,29,0.6652475911085368,0.6640842610841281,nan
1042,A1,full_refit,0.01,30,0.6628467269613921,0.6616832502125546,nan
1042,A1,full_refit,0.01,31,0.6604559578115348,0.659292326639877,nan
1042,A1,full_refit,0.01,32,0.6580750301492071,0.6569112380437077,nan
1042,A1,full_refit,0.01,33,0.6557036870168509,0.6545397285903035,nan
1042,A1,full_refit,0.01,34,0.6533416681631994,0.6521775390803589,nan
1042,A1,full_refit,0.01,35,0.650988710326318,0.6498244072215137,nan
1042,A1,full_refit,0.01,36,0.648644547628288,0.647480068010503,nan
1042,A1,full_refit,0.01,37,0.6463089120766118,0.6451442542208318,nan
1042,A1,full_refit,0.01,38,0.6439815341701488,0.6428166969951998,nan
1042,A1,full_refit,0.01,39,0.6416621436022166,0.6404971265371844,nan
1042,A1,full_refit,0.01,40,0.6393504700434933,0.6381852728868324,nan
1042,A1,full_refit,0.01,41,0.6370462439767264,0.6358808667538426,nan
1042,A1,full_refit,0.01,42,0.6347491975483198,0.6335836403742888,nan
1042,A1,full_refit,0.01,43,0.6324590654016329,0.6312933283554981,nan
1042,A1,full_refit,0.01,44,0.6301755854637773,0.6290096684795891,nan
1042,A1,full_refit,0.01,45,0.6278984996695566,0.6267324024472763,nan
1042,A1,full_refit,0.01,46,0.6256275546189969,0.6244612765561366,nan
1042,A1,full_refit,0.01,47,0.6233625021749178,0.6221960423177967,nan
1042,A1,full_refit,0.01,48,0.6211031000119565,0.6199364570240923,nan
1042,A1,full_refit,0.01,49,0.6188491121282856,0.6176822842727907,nan
1042,A1,full_refit,0.01,50,0.616600309327374,0.6154332944602127,nan
1042,A2,full_refit,0.01,1,0.7385591542447831,0.737391272399847,nan
1042,A2,full_refit,0.01,2,0.7357671407807342,0.7345998557369663,nan
1042,A2,full_refit,0.01,3,0.7329919636357423,0.7318252397840438,nan
1042,A2,full_refit,0.01,4,0.7302338651653455,0.7290676669629204,nan
1042,A2,full_refit,0.01,5,0.7274930317713998,0.7263273236081631,nan
1042,A2,full_refit,0.01,6,0.7247695751797687,0.7236043212019387,nan
1042,A2,full_refit,0.01,7,0.7220635073632444,0.7208986712625726,nan
1042,A2,full_refit,0.01,8,0.7193747111650042,0.7182102559738991,nan
1042,A2,full_refit,0.01,9,0.7167029150700848,0.7155388030527194,nan
1042,A2,full_refit,0.01,10,0.7140476883464812,0.7128838811136958,nan
1042,A2,full_refit,0.01,11,0.7114084719527829,0.7102449308873785,nan
1042,A2,full_refit,0.01,12,0.7087846416165624,0.7076213285458431,nan
1042,A2,full_refit,0.01,13,0.7061755762033121,0.7050124541062149,nan
1042,A2,full_refit,0.01,14,0.7035807052705919,0.7024177388074674,nan
1042,A2,full_refit,0.01,15,0.7009995309224918,0.6998366867067983,nan
1042,A2,full_refit,0.01,16,0.69843163238769,0.69726887904006,nan
1042,A2,full_refit,0.01,17,0.6958766606469965,0.6947139687147568,nan
1042,A2,full_refit,0.01,18,0.6933343268541817,0.6921716686683848,nan
1042,A2,full_refit,0.01,19,0.6908043875756456,0.689641737091945,nan
1042,A2,full_refit,0.01,20,0.6882866298997055,0.6871239625470672,nan
1042,A2,full_refit,0.01,21,0.6857808586293507,0.6846181511753548,nan
1042,A2,full_refit,0.01,22,0.6832868865034997,0.682124116936138,nan
1042,A2,full_refit,0.01,23,0.6808045274118628,0.6796416748338524,nan
1042,A2,full_refit,0.01,24,0.6783335920794047,0.6771706366106554,nan
1042,A2,full_refit,0.01,25,0.6758738855682503,0.6747108082537052,nan
1042,A2,full_refit,0.01,26,0.673425206005654,0.6722619887277989,nan
1042,A2,full_refit,0.01,27,0.6709873440829308,0.6698239694797591,nan
1042,A2,full_refit,0.01,28,0.6685600830180933,0.6673965344078229,nan
1042,A2,full_refit,0.01,29,0.6661431987978897,0.6649794601115067,nan
1042,A2,full_refit,0.01,30,0.6637364605977768,0.6625725163200042,nan
1042,A2,full_refit,0.01,31,0.6613396313240001,0.6601754664429205,nan
1042,A2,full_refit,0.01,32,0.6589524682431737,0.6577880682085603,nan
1042,A2,full_refit,0.01,33,0.6565747236745386,0.6554100743648987,nan
1042,A2,full_refit,0.01,34,0.6542061457263748,0.6530412334246629,nan
1042,A2,full_refit,0.01,35,0.6518464790637217,0.6506812904415694,nan
1042,A2,full_refit,0.01,36,0.6494954656995483,0.6483299878096589,nan
1042,A2,full_refit,0.01,37,0.6471528458048534,0.6459870660809555,nan
1042,A2,full_refit,0.01,38,0.644818358534303,0.643652264797772,nan
1042,A2,full_refit,0.01,39,0.6424917428629148,0.6413253233349141,nan
1042,A2,full_refit,0.01,40,0.640172738426675,0.6390059817444417,nan
1042,A2,full_refit,0.01,41,0.6378610863567429,0.6366939815924995,nan
1042,A2,full_refit,0.01,42,0.635556530094145,0.6343890667750506,nan
1042,A2,full_refit,0.01,43,0.6332588161705233,0.6320909842981054,nan
1042,A2,full_refit,0.01,44,0.6309676949410596,0.6297994850086887,nan
1042,A2,full_refit,0.01,45,0.6286829212582439,0.6275143242654004,nan
1042,A2,full_refit,0.01,46,0.6264042550791085,0.6252352625414487,nan
1042,A2,full_refit,0.01,47,0.6241314620031849,0.6229620659576803,nan
1042,A2,full_refit,0.01,48,0.6218643137427617,0.6206945067474683,nan
1042,A2,full_refit,0.01,49,0.6196025885303926,0.6184323636586578,nan
1042,A2,full_refit,0.01,50,0.6173460714706254,0.6161754222997604,nan
1043,A1,full_refit,0.01,1,0.6760016908099651,0.6748981510770493,nan
1043,A1,full_refit,0.01,2,0.6735675035237865,0.6724649345067975,nan
1043,A1,full_refit,0.01,3,0.6711443931936377,0.6700428326287486,nan
1043,A1,full_refit,0.01,4,0.6687324880203255,0.6676319352722151,nan
1043,A1,full_refit,0.01,5,0.6663318165598989,0.6652322661925525,nan
1043,A1,full_refit,0.01,6,0.6639422045389658,0.6628436586534351,nan
1043,A1,full_refit,0.01,7,0.6615632368019145,0.6604656948968274,nan
1043,A1,full_refit,0.01,8,0.6591942585652193,0.6580977088644431,nan
1043,A1,full_refit,0.01,9,0.6568344189996771,0.6557388379686149,nan
1043,A1,full_refit,0.01,10,0.6544827666364017,0.653388122224369,nan
1043,A1,full_refit,0.01,11,0.652138354589514,0.6510446102005801,nan
1043,A1,full_refit,0.01,12,0.6498003292163417,0.6487074470472414,nan
1043,A1,full_refit,0.01,13,0.6474679864581545,0.6463759296704913,nan
1043,A1,full_refit,0.01,14,0.6451407867197567,0.6440495205268446,nan
1043,A1,full_refit,0.01,15,0.6428183365416411,0.6417278285807997,nan
1043,A1,full_refit,0.01,16,0.6405003542151425,0.6394105745547952,nan
1043,A1,full_refit,0.01,17,0.638186634290785,0.6370975552900089,nan
1043,A1,full_refit,0.01,18,0.6358770189558589,0.6347886150823143,nan
1043,A1,full_refit,0.01,19,0.6335713780737136,0.6324836257208087,nan
1043,A1,full_refit,0.01,20,0.6312695965207208,0.6301824738344581,nan
1043,A1,full_refit,0.01,21,0.6289715666849625,0.6278850533998448,nan
1043,A1,full_refit,0.01,22,0.6266771842855009,0.6255912615667892,nan
1043,A1,full_refit,0.01,23,0.6243863462065891,0.6233009964974159,nan
1043,A1,full_refit,0.01,24,0.6220989495039798,0.6210141563776703,nan
1043,A1,full_refit,0.01,25,0.6198148910684101,0.6187306390878818,nan
1043,A1,full_refit,0.01,26,0.6175340676423444,0.616450342229444,nan
1043,A1,full_refit,0.01,27,0.6152563760129168,0.6141731633310028,nan
1043,A1,full_refit,0.01,28,0.6129817132770052,0.6118990001299189,nan
1043,A1,full_refit,0.01,29,0.6107099771172643,0.6096277508669785,nan
1043,A1,full_refit,0.01,30,0.6084410660562478,0.6073593145600068,nan
1043,A1,full_refit,0.01,31,0.6061748796766571,0.605093591242624,nan
1043,A1,full_refit,0.01,32,0.6039113188108582,0.6028304821695817,nan
1043,A1,full_refit,0.01,33,0.6016502857115701,0.6005698899993585,nan
1043,A1,full_refit,0.01,34,0.5993916842181638,0.5983117189679048,nan
1043,A1,full_refit,0.01,35,0.5971354199308874,0.5960558750659676,nan
1043,A1,full_refit,0.01,36,0.5948814004010424,0.5938022662286185,nan
1043,A1,full_refit,0.01,37,0.5926295353409285,0.5915508025416607,nan
1043,A1,full_refit,0.01,38,0.5903797368545384,0.5893013964668042,nan
1043,A1,full_refit,0.01,39,0.5881319196887084,0.5870539630861502,nan
1043,A1,full_refit,0.01,40,0.5858860015040472,0.584808420366011,nan
1043,A1,full_refit,0.01,41,0.5836419031646106,0.5825646894396236,nan
1043,A1,full_refit,0.01,42,0.5813995490443049,0.5803226949072333,nan
1043,A1,full_refit,0.01,43,0.5791588673461754,0.5780823651501289,nan
1043,A1,full_refit,0.01,44,0.5769197904283271,0.5758436326527407,nan
1043,A1,full_refit,0.01,45,0.5746822551277967,0.5736064343244018,nan
1043,A1,full_refit,0.01,46,0.5724462030718277,0.5713707118104028,nan
1043,A1,full_refit,0.01,47,0.5702115809652026,0.5691364117810401,nan
1043,A1,full_refit,0.01,48,0.5679783408427604,0.5669034861876924,nan
1043,A1,full_refit,0.01,49,0.5657464402779565,0.5646718924765491,nan
1043,A1,full_refit,0.01,50,0.5635158425410248,0.5624415937532062,nan
1043,A2,full_refit,0.01,1,0.6791207558927589,0.6780172161598431,nan
1043,A2,full_refit,0.01,2,0.6766769683124996,0.6755744427123168,nan
1043,A2,full_refit,0.01,3,0.6742443668114948,0.6731429084288205,nan
1043,A2,full_refit,0.01,4,0.6718230323510176,0.6707227081645979,nan
1043,A2,full_refit,0.01,5,0.669412983481417,0.6683138148764671,nan
1043,A2,full_refit,0.01,6,0.6670141441608384,0.6659161233745017,nan
1043,A2,full_refit,0.01,7,0.6646262810852388,0.6635293864485887,nan
1043,A2,full_refit,0.01,8,0.6622489682679463,0.661153170348782,nan
1043,A2,full_refit,0.01,9,0.6598816356019389,0.6587868992228639,nan
1043,A2,full_refit,0.01,10,0.6575236429179643,0.6564299285461466,nan
1043,A2,full_refit,0.01,11,0.6551743166587386,0.6540815821697841,nan
1043,A2,full_refit,0.01,12,0.6528329688140846,0.651741171353511,nan
1043,A2,full_refit,0.01,13,0.6504989269101238,0.6494080244207546,nan
1043,A2,full_refit,0.01,14,0.6481715655824832,0.6470815177878049,nan
1043,A2,full_refit,0.01,15,0.6458503248112015,0.6447610937062555,nan
1043,A2,full_refit,0.01,16,0.6435347154194777,0.642446265445596,nan
1043,A2,full_refit,0.01,17,0.6412243187278216,0.6401366167933193,nan
1043,A2,full_refit,0.01,18,0.6389187835324022,0.6378317989759926,nan
1043,A2,full_refit,0.01,19,0.6366178201797422,0.635531524718562,nan
1043,A2,full_refit,0.01,20,0.6343211916553421,0.6332355593296053,nan
1043,A2,full_refit,0.01,21,0.6320287029401248,0.630943710053998,nan
1043,A2,full_refit,0.01,22,0.6297401904026635,0.6286558154564377,nan
1043,A2,full_refit,0.01,23,0.627455512558691,0.6263717361655252,nan
1043,A2,full_refit,0.01,24,0.6251745427904124,0.6240913475702682,nan
1043,A2,full_refit,0.01,25,0.6228971640430173,0.6218145344870802,nan
1043,A2,full_refit,0.01,26,0.6206232652173563,0.6195411875189755,nan
1043,A2,full_refit,0.01,27,0.6183527388858806,0.6172712007392758,nan
1043,A2,full_refit,0.01,28,0.6160854799743137,0.6150044703493752,nan
1043,A2,full_refit,0.01,29,0.6138213851063844,0.6127408940147469,nan
1043,A2,full_refit,0.01,30,0.6115603523717369,0.610480370643063,nan
1043,A2,full_refit,0.01,31,0.6093022813377993,0.6082228004239401,nan
1043,A2,full_refit,0.01,32,0.6070470731821721,0.6059680850010156,nan
1043,A2,full_refit,0.01,33,0.604794630869833,0.6037161276928543,nan
1043,A2,full_refit,0.01,34,0.6025448593357388,0.6014668337164842,nan
1043,A2,full_refit,0.01,35,0.6002976656570217,0.5992201103936902,nan
1043,A2,full_refit,0.01,36,0.5980529592116812,0.5969758673356821,nan
1043,A2,full_refit,0.01,37,0.5958106518258537,0.5947340166088217,nan
1043,A2,full_refit,0.01,38,0.5935706579125473,0.5924944728858048,nan
1043,A2,full_refit,0.01,39,0.5913328946034178,0.5902571535855748,nan
1043,A2,full_refit,0.01,40,0.589097281873117,0.5880219790030378,nan
1043,A2,full_refit,0.01,41,0.5868637426537562,0.5857888724273485,nan
1043,A2,full_refit,0.01,42,0.5846322029355483,0.583557760245727,nan
1043,A2,full_refit,0.01,43,0.5824025918488519,0.5813285720285748,nan
1043,A2,full_refit,0.01,44,0.5801748417225988,0.5791012405910777,nan
1043,A2,full_refit,0.01,45,0.5779488881142759,0.5768757020262913,nan
1043,A2,full_refit,0.01,46,0.575724669807181,0.5746518957048319,nan
1043,A2,full_refit,0.01,47,0.5735021287718363,0.5724297642369266,nan
1043,A2,full_refit,0.01,48,0.5712812100907777,0.5702092533942864,nan
1043,A2,full_refit,0.01,49,0.5690618618505707,0.5679903119931798,nan
1043,A2,full_refit,0.01,50,0.5668440350130723,0.5657728917476199,nan
1044,A1,full_refit,0.01,1,0.768300032473307,0.7671228990477595,nan
1044,A1,full_refit,0.01,2,0.7651144112915573,0.763938322542127,nan
1044,A1,full_refit,0.01,3,0.7619445067450697,0.7607694270748934,nan
1044,A1,full_refit,0.01,4,0.7587906576869194,0.7576165517661965,nan
1044,A1,full_refit,0.01,5,0.7556531616740806,0.7544799944476255,nan
1044,A1,full_refit,0.01,6,0.7525322701490355,0.7513600068367274,nan
1044,A1,full_refit,0.01,7,0.74942818252827,0.7482567886246778,nan
1044,A1,full_refit,0.01,8,0.7463410392375218,0.7451704805224674,nan
1044,A1,full_refit,0.01,9,0.7432709139524359,0.742101156537028,nan
1044,A1,full_refit,0.01,10,0.7402178056416728,0.7390488160894183,nan
1044,A1,full_refit,0.01,11,0.7371816313651605,0.7360133769330237,nan
1044,A1,full_refit,0.01,12,0.7341622208658395,0.7329946698873523,nan
1044,A1,full_refit,0.01,13,0.7311593136099602,0.7299924359852198,nan
1044,A1,full_refit,0.01,14,0.7281725584196309,0.7270063261120853,nan
1044,A1,full_refit,0.01,15,0.7252015158919506,0.7240359033068613,nan
1044,A1,full_refit,0.01,16,0.7222456644130547,0.7210806485695501,nan
1044,A1,full_refit,0.01,17,0.7193044107864804,0.718139971271295,nan
1044,A1,full_refit,0.01,18,0.7163771055968361,0.7152132243616228,nan
1044,A1,full_refit,0.01,19,0.7134630619029426,0.7122997230055671,nan
1044,A1,full_refit,0.01,20,0.7105615748053218,0.7093987641864148,nan
1044,A1,full_refit,0.01,21,0.7076719395018299,0.706509644844681,nan
1044,A1,full_refit,0.01,22,0.7047934663895535,0.7036316770635433,nan
1044,A1,full_refit,0.01,23,0.7019254928739574,0.7007641999314758,nan
1044,A1,full_refit,0.01,24,0.6990673922447878,0.6979065884327668,nan
1044,A1,full_refit,0.01,25,0.6962185801500679,0.6950582599021959,nan
1044,A1,full_refit,0.01,26,0.6933785190485372,0.6922186784348634,nan
1044,A1,full_refit,0.01,27,0.6905467208164199,0.6893873574393848,nan
1044,A1,full_refit,0.01,28,0.6877227475857108,0.6865638604242396,nan
1044,A1,full_refit,0.01,29,0.6849062109191676,0.6837478001339488,nan
1044,A1,full_refit,0.01,30,0.682096769524962,0.6809388362461618,nan
1044,A1,full_refit,0.01,31,0.6792941258146135,0.6781366719358289,nan
1044,A1,full_refit,0.01,32,0.6764980216691745,0.6753410496678832,nan
1044,A1,full_refit,0.01,33,0.6737082337870591,0.6725517465838452,nan
1044,A1,full_refit,0.01,34,0.6709245689485366,0.6697685698079671,nan
1044,A1,full_refit,0.01,35,0.6681468594633204,0.6669913519313119,nan
1044,A1,full_refit,0.01,36,0.6653749589880523,0.6642199468554575,nan
1044,A1,full_refit,0.01,37,0.6626087388253518,0.6614542261056033,nan
1044,A1,full_refit,0.01,38,0.6598480847540821,0.6586940756635628,nan
1044,A1,full_refit,0.01,39,0.6570928943932624,0.6559393933258835,nan
1044,A1,full_refit,0.01,40,0.6543430750673557,0.6531900865588505,nan
1044,A1,full_refit,0.01,41,0.6515985421155412,0.6504460707973926,nan
1044,A1,full_refit,0.01,42,0.6488592175707707,0.6477072681176359,nan
1044,A1,full_refit,0.01,43,0.6461250291264784,0.6449736062036229,nan
1044,A1,full_refit,0.01,44,0.6433959093107874,0.6422450175288749,nan
1044,A1,full_refit,0.01,45,0.6406717947993441,0.6395214386829213,nan
1044,A1,full_refit,0.01,46,0.6379526258155315,0.6368028097891915,nan
1044,A1,full_refit,0.01,47,0.635238345586134,0.6340890739794569,nan
1044,A1,full_refit,0.01,48,0.6325288998372429,0.6313801769069852,nan
1044,A1,full_refit,0.01,49,0.6298242363267741,0.6286760662929293,nan
1044,A1,full_refit,0.01,50,0.6271243044161535,0.6259766915075944,nan
1044,A2,full_refit,0.01,1,0.7620170853262536,0.7608399519007061,nan
1044,A2,full_refit,0.01,2,0.7588776053983936,0.7577015444126962,nan
1044,A2,full_refit,0.01,3,0.7557542988888815,0.7545792757906922,nan
1044,A2,full_refit,0.01,4,0.7526474781728786,0.7514734601231913,nan
1044,A2,full_refit,0.01,5,0.7495573795134719,0.7483843363925641,nan
1044,A2,full_refit,0.01,6,0.7464841358377919,0.7453120410375318,nan
1044,A2,full_refit,0.01,7,0.7434277875680252,0.7422566174549502,nan
1044,A2,full_refit,0.01,8,0.7403883326920023,0.7392180653136354,nan
1044,A2,full_refit,0.01,9,0.7373657422782146,0.7361963568423547,nan
1044,A2,full_refit,0.01,10,0.7343599421971653,0.7331914190665637,nan
1044,A2,full_refit,0.01,11,0.7313707962764998,0.7302031169126713,nan
1044,A2,full_refit,0.01,12,0.7283980947016645,0.727231241493163,nan
1044,A2,full_refit,0.01,13,0.7254415445892993,0.7242755005798098,nan
1044,A2,full_refit,0.01,14,0.7225007639409758,0.7213355124296988,nan
1044,A2,full_refit,0.01,15,0.7195752813049398,0.7184108053715399,nan
1044,A2,full_refit,0.01,16,0.7166645421764063,0.7155008242930413,nan
1044,A2,full_refit,0.01,17,0.7137679219610658,0.7126049438441397,nan
1044,A2,full_refit,0.01,18,0.7108847445941034,0.7097224873330039,nan
1044,A2,full_refit,0.01,19,0.7080143050014327,0.7068527493972889,nan
1044,A2,full_refit,0.01,20,0.7051558925767016,0.7039950195892355,nan
1044,A2,full_refit,0.01,21,0.7023088124741228,0.7011486036883601,nan
1044,A2,full_refit,0.01,22,0.6994724022016705,0.6983128402533039,nan
1044,A2,full_refit,0.01,23,0.6966460424242265,0.6954871113454522,nan
1044,A2,full_refit,0.01,24,0.6938291623475265,0.6926708478114727,nan
1044,A2,full_refit,0.01,25,0.6910212409840862,0.6898635304379894,nan
1044,A2,full_refit,0.01,26,0.688221805840349,0.6870646885284454,nan
1044,A2,full_refit,0.01,27,0.6854304302929654,0.6842738971813501,nan
1044,A2,full_refit,0.01,28,0.6826467304483429,0.6814907740752154,nan
1044,A2,full_refit,0.01,29,0.6798703618513354,0.678714976134341,nan
1044,A2,full_refit,0.01,30,0.6771010161441186,0.6759461961787576,nan
1044,A2,full_refit,0.01,31,0.6743384176781643,0.6731841595563371,nan
1044,A2,full_refit,0.01,32,0.6715823200906231,0.6704286207582816,nan
1044,A2,full_refit,0.01,33,0.6688325029004032,0.6676793600618175,nan
1044,A2,full_refit,0.01,34,0.6660887682106964,0.6649361802774857,nan
1044,A2,full_refit,0.01,35,0.6633509376074503,0.6621989036848512,nan
1044,A2,full_refit,0.01,36,0.6606188493231999,0.6594673692238366,nan
1044,A2,full_refit,0.01,37,0.6578923557063198,0.6567414299818005,nan
1044,A2,full_refit,0.01,38,0.6551713210082989,0.654020950990074,nan
1044,A2,full_refit,0.01,39,0.652455619481711,0.6513058073239651,nan
1044,A2,full_refit,0.01,40,0.6497451337699658,0.6485958824885151,nan
1044,A2,full_refit,0.01,41,0.647039753564889,0.6458910670670949,nan
1044,A2,full_refit,0.01,42,0.6443393745069709,0.6431912576087028,nan
1044,A2,full_refit,0.01,43,0.641643897303194,0.6404963557300293,nan
1044,A2,full_refit,0.01,44,0.6389532270370409,0.6378062674082601,nan
1044,A2,full_refit,0.01,45,0.6362672726439026,0.6351209024393607,nan
1044,A2,full_refit,0.01,46,0.6335859465232443,0.632440174034676,nan
1044,A2,full_refit,0.01,47,0.6309091642577359,0.6297639985272153,nan
1044,A2,full_refit,0.01,48,0.6282368444106601,0.6270922951595341,nan
1044,A2,full_refit,0.01,49,0.6255689083770213,0.6244249859285634,nan
1044,A2,full_refit,0.01,50,0.6229052802706694,0.6217619954690285,nan
1045,A1,full_refit,0.01,1,0.7937577546828741,0.7926978658630146,nan
1045,A1,full_refit,0.01,2,0.7910952441776008,0.7900364034126144,nan
1045,A1,full_refit,0.01,3,0.7884386910814766,0.7873808589318589,nan
1045,A1,full_refit,0.01,4,0.7857882596180267,0.7847314139865788,nan
1045,A1,full_refit,0.01,5,0.7831439931140886,0.7820881217331287,nan
1045,A1,full_refit,0.01,6,0.7805057832316884,0.7794508819664703,nan
1045,A1,full_refit,0.01,7,0.7778733512477197,0.7768194176501705,nan
1045,A1,full_refit,0.01,8,0.7752462172612431,0.7741932452373733,nan
1045,A1,full_refit,0.01,9,0.7726237390814502,0.7715717156807264,nan
1045,A1,full_refit,0.01,10,0.7700052376005315,0.7689541431247245,nan
1045,A1,full_refit,0.01,11,0.7673901060629174,0.7663399154461722,nan
1045,A1,full_refit,0.01,12,0.7647778354290721,0.7637285194317016,nan
1045,A1,full_refit,0.01,13,0.76216799367682,0.7611195198629697,nan
1045,A1,full_refit,0.01,14,0.7595602087871323,0.7585125424267255,nan
1045,A1,full_refit,0.01,15,0.7569541641525217,0.7559072691065108,nan
1045,A1,full_refit,0.01,16,0.7543495955777122,0.7533034351802775,nan
1045,A1,full_refit,0.01,17,0.7517462837217951,0.7507008216193868,nan
1045,A1,full_refit,0.01,18,0.7491440429069562,0.7480992437901564,nan
1045,A1,full_refit,0.01,19,0.7465427095642209,0.7454985397271422,nan
1045,A1,full_refit,0.01,20,0.7439421317494558,0.7428985594434963,nan
1045,A1,full_refit,0.01,21,0.7413421604578004,0.7402991560326446,nan
1045,A1,full_refit,0.01,22,0.7387426440277065,0.737700179860152,nan
1045,A1,full_refit,0.01,23,0.7361434260202356,0.7351014762653385,nan
1045,A1,full_refit,0.01,24,0.7335443451927003,0.7325028854483612,nan
1045,A1,full_refit,0.01,25,0.7309452359352132,0.7299042429362819,nan
1045,A1,full_refit,0.01,26,0.7283459288371992,0.7273053802524246,nan
1045,A1,full_refit,0.01,27,0.725746251694864,0.7247061260267583,nan
1045,A1,full_refit,0.01,28,0.7231460306691258,0.7221063072241503,nan
1045,A1,full_refit,0.01,29,0.7205450910002607,0.7195057499045399,nan
1045,A1,full_refit,0.01,30,0.7179432577794232,0.7169042800169997,nan
1045,A1,full_refit,0.01,31,0.7153403574701714,0.714301724920883,nan
1045,A1,full_refit,0.01,32,0.7127362196951413,0.7116979151557128,nan
1045,A1,full_refit,0.01,33,0.7101306785370727,0.709092685717791,nan
1045,A1,full_refit,0.01,34,0.707523573687937,0.7064858771764708,nan
1045,A1,full_refit,0.01,35,0.7049147518968072,0.7038773370814797,nan
1045,A1,full_refit,0.01,36,0.7023040681373435,0.701266921104791,nan
1045,A1,full_refit,0.01,37,0.6996913860770676,0.6986544935105011,nan
1045,A1,full_refit,0.01,38,0.6970765784900766,0.6960399275795359,nan
1045,A1,full_refit,0.01,39,0.6944595277887133,0.6934231061485884,nan
1045,A1,full_refit,0.01,40,0.6918401260582848,0.6908039216416099,nan
1045,A1,full_refit,0.01,41,0.6892182747758927,0.6881822757732617,nan
1045,A1,full_refit,0.01,42,0.6865938847989408,0.68555807951359,nan
1045,A1,full_refit,0.01,43,0.6839668762535351,0.6829312529691728,nan
1045,A1,full_refit,0.01,44,0.6813371780563374,0.6803017249267832,nan
1045,A1,full_refit,0.01,45,0.6787047276636525,0.677669432635517,nan
1045,A1,full_refit,0.01,46,0.6760694709693691,0.6750343217272462,nan
1045,A1,full_refit,0.01,47,0.6734313619072851,0.672396345822339,nan
1045,A1,full_refit,0.01,48,0.6707903621930225,0.6697554662585011,nan
1045,A1,full_refit,0.01,49,0.6681464413116811,0.6671116520726478,nan
1045,A1,full_refit,0.01,50,0.6654995762842201,0.6644648797953124,nan
1045,A2,full_refit,0.01,1,0.79548330467688,0.7944234158570205,nan
1045,A2,full_refit,0.01,2,0.7928281220515618,0.7917692730710427,nan
1045,A2,full_refit,0.01,3,0.7901765236276153,0.7891186842552572,nan
1045,A2,full_refit,0.01,4,0.7875286610829423,0.7864718089447605,nan
1045,A2,full_refit,0.01,5,0.7848846108815194,0.7838287298947838,nan
1045,A2,full_refit,0.01,6,0.7822443700490959,0.7811894384172522,nan
1045,A2,full_refit,0.01,7,0.7796078747422972,0.778553867610732,nan
1045,A2,full_refit,0.01,8,0.7769750293109695,0.7759219230129119,nan
1045,A2,full_refit,0.01,9,0.7743457002267795,0.7732934730126596,nan
1045,A2,full_refit,0.01,10,0.7717196938257502,0.7706683251606846,nan
1045,A2,full_refit,0.01,11,0.7690967494914634,0.7680462185743545,nan
1045,A2,full_refit,0.01,12,0.7664765524203523,0.7654268366878386,nan
1045,A2,full_refit,0.01,13,0.7638587585079398,0.7628098329233389,nan
1045,A2,full_refit,0.01,14,0.7612430223619066,0.7601948595935261,nan
1045,A2,full_refit,0.01,15,0.7586290201149263,0.7575815912176986,nan
1045,A2,full_refit,0.01,16,0.7560164611195436,0.7549697363795455,nan
1045,A2,full_refit,0.01,17,0.7534050881739577,0.7523590379457009,nan
1045,A2,full_refit,0.01,18,0.7507946706879817,0.7497492661497367,nan
1045,A2,full_refit,0.01,19,0.7481849959086868,0.7471402097027416,nan
1045,A2,full_refit,0.01,20,0.7455758613454402,0.7445316680940862,nan
1045,A2,full_refit,0.01,21,0.7429670694064762,0.7419234461103886,nan
1045,A2,full_refit,0.01,22,0.7403584240668981,0.7393153504002328,nan
1045,A2,full_refit,0.01,23,0.7377497290183048,0.7367071875337545,nan
1045,A2,full_refit,0.01,24,0.7351407868027979,0.7340987630500164,nan
1045,A2,full_refit,0.01,25,0.7325313986247175,0.7314898811675337,nan
1045,A2,full_refit,0.01,26,0.7299213647235125,0.7288803450194185,nan
1045,A2,full_refit,0.01,27,0.7273104853246858,0.7262699574168133,nan
1045,A2,full_refit,0.01,28,0.7246985622270454,0.723658522216106,nan
1045,A2,full_refit,0.01,29,0.72208540098395,0.7210458463104908,nan
1045,A2,full_refit,0.01,30,0.7194708133963694,0.718431742047621,nan
1045,A2,full_refit,0.01,31,0.716854619832358,0.7158160296262285,nan
1045,A2,full_refit,0.01,32,0.7142366509584268,0.7131985390096727,nan
1045,A2,full_refit,0.01,33,0.7116167487782977,0.7105791111613095,nan
1045,A2,full_refit,0.01,34,0.7089947671264428,0.7079575986884611,nan
1045,A2,full_refit,0.01,35,0.7063705717915133,0.7053338660628642,nan
1045,A2,full_refit,0.01,36,0.7037440403488291,0.7027077895179746,nan
1045,A2,full_refit,0.01,37,0.7011150617175577,0.7000792566594571,nan
1045,A2,full_refit,0.01,38,0.6984835354762235,0.6974481658313175,nan
1045,A2,full_refit,0.01,39,0.6958493710271483,0.6948144253270547,nan
1045,A2,full_refit,0.01,40,0.6932124867382728,0.692177952568858,nan
1045,A2,full_refit,0.01,41,0.6905728091833696,0.6895386733708523,nan
1045,A2,full_refit,0.01,42,0.6879302725567862,0.6868965213603382,nan
1045,A2,full_refit,0.01,43,0.6852848182788138,0.6842514375742883,nan
1045,A2,full_refit,0.01,44,0.6826363947531915,0.6816033701965303,nan
1045,A2,full_refit,0.01,45,0.679984957204084,0.6789522743681823,nan
1045,A2,full_refit,0.01,46,0.6773304675153975,0.676298111998993,nan
1045,A2,full_refit,0.01,47,0.6746728940212176,0.6736408515313379,nan
1045,A2,full_refit,0.01,48,0.6720122112415496,0.6709804676517694,nan
1045,A2,full_refit,0.01,49,0.6693483996040414,0.668316940989862,nan
1045,A2,full_refit,0.01,50,0.6666814452234997,0.6656502578746781,nan
1046,A1,full_refit,0.01,1,0.657546687152963,0.6563488594002849,nan
1046,A1,full_refit,0.01,2,0.655101149434816,0.6539039747253484,nan
1046,A1,full_refit,0.01,3,0.6526633228586628,0.6514667662045377,nan
1046,A1,full_refit,0.01,4,0.6502333969663415,0.6490374238148136,nan
1046,A1,full_refit,0.01,5,0.6478115357957148,0.6466161113630935,nan
1046,A1,full_refit,0.01,6,0.6453978726187771,0.644202961323521,nan
1046,A1,full_refit,0.01,7,0.642992507511701,0.6417980736331701,nan
1046,A1,full_refit,0.01,8,0.640595511630799,0.6394015215281159,nan
1046,A1,full_refit,0.01,9,0.6382069331740726,0.6370133572229583,nan
1046,A1,full_refit,0.01,10,0.6358267980499069,0.6346336112261863,nan
1046,A1,full_refit,0.01,11,0.6334551062083325,0.632262288005312,nan
1046,A1,full_refit,0.01,12,0.631091826598107,0.6298993608639412,nan
1046,A1,full_refit,0.01,13,0.628736892119948,0.6275447669196462,nan
1046,A1,full_refit,0.01,14,0.6263901956042732,0.6251984030745091,nan
1046,A1,full_refit,0.01,15,0.6240515876290413,0.6228601237828474,nan
1046,A1,full_refit,0.01,16,0.6217208766565788,0.6205297411089146,nan
1046,A1,full_refit,0.01,17,0.619397831724991,0.618207027338089,nan
1046,A1,full_refit,0.01,18,0.617082187540947,0.6158917200117231,nan
1046,A1,full_refit,0.01,19,0.6147736512433166,0.6135835286618307,nan
1046,A1,full_refit,0.01,20,0.6124719097024195,0.6112821421104198,nan
1046,A1,full_refit,0.01,21,0.6101766362969423,0.6089872352819355,nan
1046,A1,full_refit,0.01,22,0.6078874965231611,0.606698474889637,nan
1046,A1,full_refit,0.01,23,0.605604152190942,0.6044155237418364,nan
1046,A1,full_refit,0.01,24,0.6033262642169478,0.6021380436537445,nan
1046,A1,full_refit,0.01,25,0.601053494207076,0.5998656971265979,nan
1046,A1,full_refit,0.01,26,0.5987855051866829,0.5975981481276481,nan
1046,A1,full_refit,0.01,27,0.596521961957725,0.5953350624381858,nan
1046,A1,full_refit,0.01,28,0.5942625315520673,0.5930761080457333,nan
1046,A1,full_refit,0.01,29,0.5920068840589424,0.5908209558854759,nan
1046,A1,full_refit,0.01,30,0.5897546938144882,0.58856928095572,nan
1046,A1,full_refit,0.01,31,0.5875056407495832,0.5863207636297717,nan
1046,A1,full_refit,0.01,32,0.5852594117106938,0.5840750909812239,nan
1046,A1,full_refit,0.01,33,0.583015701699671,0.5818319580529211,nan
1046,A1,full_refit,0.01,34,0.5807742150633344,0.5795910690824064,nan
1046,A1,full_refit,0.01,35,0.5785346666586619,0.5773521386990258,nan
1046,A1,full_refit,0.01,36,0.5762967829779423,0.5751148930743231,nan
1046,A1,full_refit,0.01,37,0.5740603031919379,0.5728790709853742,nan
1046,A1,full_refit,0.01,38,0.5718249800693546,0.570644424751907,nan
1046,A1,full_refit,0.01,39,0.569590580744941,0.5684107210210518,nan
1046,A1,full_refit,0.01,40,0.5673568873212272,0.5661777413844882,nan
1046,A1,full_refit,0.01,41,0.565123697293883,0.5639452828161491,nan
1046,A1,full_refit,0.01,42,0.5628908237917454,0.5617131579190583,nan
1046,A1,full_refit,0.01,43,0.5606580956281191,0.559481194976038,nan
1046,A1,full_refit,0.01,44,0.5584253571747793,0.5572492378154252,nan
1046,A1,full_refit,0.01,45,0.5561924680904835,0.5550171455251188,nan
1046,A1,full_refit,0.01,46,0.5539593029522293,0.5527847920660028,nan
1046,A1,full_refit,0.01,47,0.5517257508414769,0.5505520658402846,nan
1046,A1,full_refit,0.01,48,0.5494917149265683,0.5483188692591443,nan
1046,A1,full_refit,0.01,49,0.5472571120605911,0.5460851183315939,nan
1046,A1,full_refit,0.01,50,0.5450218723893892,0.543850742271083,nan
1046,A2,full_refit,0.01,1,0.6538184557765663,0.6526206280238881,nan
1046,A2,full_refit,0.01,2,0.6514000143656484,0.650203096680604,nan
1046,A2,full_refit,0.01,3,0.6489892578928225,0.6477932140157617,nan
1046,A2,full_refit,0.01,4,0.6465863781939992,0.6453911756004004,nan
1046,A2,full_refit,0.01,5,0.6441915482114717,0.6429971562830428,nan
1046,A2,full_refit,0.01,6,0.6418049196761725,0.6406113099152236,nan
1046,A2,full_refit,0.01,7,0.6394266204708037,0.6382337669205055,nan
1046,A2,full_refit,0.01,8,0.637056751606155,0.6358646313759849,nan
1046,A2,full_refit,0.01,9,0.6346953839703342,0.6335039778004647,nan
1046,A2,full_refit,0.01,10,0.6323425553329881,0.6311518480653979,nan
1046,A2,full_refit,0.01,11,0.6299982683845838,0.6288082491338655,nan
1046,A2,full_refit,0.01,12,0.6276624904381728,0.6264731522671559,nan
1046,A2,full_refit,0.01,13,0.6253351545318021,0.6241464936278147,nan
1046,A2,full_refit,0.01,14,0.6230161606735588,0.6218281753099381,nan
1046,A2,full_refit,0.01,15,0.6207053760454209,0.6195180657187733,nan
1046,A2,full_refit,0.01,16,0.6184026341557924,0.6172159990949061,nan
1046,A2,full_refit,0.01,17,0.6161077339171914,0.6149217749032333,nan
1046,A2,full_refit,0.01,18,0.6138204396814833,0.6126351580221548,nan
1046,A2,full_refit,0.01,19,0.6115404827890558,0.6103558803271145,nan
1046,A2,full_refit,0.01,20,0.609267564712584,0.6080836438163488,nan
1046,A2,full_refit,0.01,21,0.6070013615550728,0.6058181250829816,nan
1046,A2,full_refit,0.01,22,0.6047415294669245,0.6035589807157127,nan
1046,A2,full_refit,0.01,23,0.6024877104554011,0.6013058531031652,nan
1046,A2,full_refit,0.01,24,0.6002395380754532,0.5990583761274323,nan
1046,A2,full_refit,0.01,25,0.597996642604794,0.5968161803470817,nan
1046,A2,full_refit,0.01,26,0.5957586554779981,0.5945788974437325,nan
1046,A2,full_refit,0.01,27,0.5935252129261307,0.5923461638782422,nan
1046,A2,full_refit,0.01,28,0.5912959588917834,0.5901176238242853,nan
1046,A2,full_refit,0.01,29,0.5890705473449203,0.5878929315009768,nan
1046,A2,full_refit,0.01,30,0.5868486441218166,0.585671753022938,nan
1046,A2,full_refit,0.01,31,0.5846299283727927,0.5834537678510578,nan
1046,A2,full_refit,0.01,32,0.5824140936611292,0.5812386698859006,nan
1046,A2,full_refit,0.01,33,0.580200848724746,0.5790261682165126,nan
1046,A2,full_refit,0.01,34,0.5779899179027093,0.576815987528657,nan
1046,A2,full_refit,0.01,35,0.575781041239047,0.574607868187157,nan
1046,A2,full_refit,0.01,36,0.5735739742978248,0.5724015660288363,nan
1046,A2,full_refit,0.01,37,0.5713684877443125,0.5701968519242007,nan
1046,A2,full_refit,0.01,38,0.5691643667588675,0.5679935111784885,nan
1046,A2,full_refit,0.01,39,0.566961410350901,0.5657913428429494,nan
1046,A2,full_refit,0.01,40,0.5647594306332392,0.5635901589980173,nan
1046,A2,full_refit,0.01,41,0.5625582521063242,0.5613897840563501,nan
1046,A2,full_refit,0.01,42,0.560357710989028,0.5591900541189209,nan
1046,A2,full_refit,0.01,43,0.5581576546189767,0.5569908164025842,nan
1046,A2,full_refit,0.01,44,0.5559579409312159,0.5547919287434694,nan
1046,A2,full_refit,0.01,45,0.5537584380118099,0.5525932591687867,nan
1046,A2,full_refit,0.01,46,0.5515590237146522,0.550394685522387,nan
1046,A2,full_refit,0.01,47,0.5493595853262675,0.5481960951278191,nan
1046,A2,full_refit,0.01,48,0.547160019263584,0.5459973844753572,nan
1046,A2,full_refit,0.01,49,0.5449602307910625,0.5437984589232936,nan
1046,A2,full_refit,0.01,50,0.5427601337444135,0.5415992324059263,nan
1047,A1,full_refit,0.01,1,0.6736125253099308,0.6725167093699542,nan
1047,A1,full_refit,0.01,2,0.6708876846852857,0.669791950997872,nan
1047,A1,full_refit,0.01,3,0.6681804487934063,0.6670847637053117,nan
1047,A1,full_refit,0.01,4,0.6654911005822488,0.6643954354245857,nan
1047,A1,full_refit,0.01,5,0.6628198831102401,0.6617242217257889,nan
1047,A1,full_refit,0.01,6,0.6601669734194264,0.6590713120028715,nan
1047,A1,full_refit,0.01,7,0.6575325178077421,0.6564368432265415,nan
1047,A1,full_refit,0.01,8,0.6549166647802405,0.6538209540524016,nan
1047,A1,full_refit,0.01,9,0.6523195446318837,0.6512237715109407,nan
1047,A1,full_refit,0.01,10,0.6497412599713022,0.6486453974663684,nan
1047,A1,full_refit,0.01,11,0.647181883282295,0.646085904678543,nan
1047,A1,full_refit,0.01,12,0.6446414566615803,0.6435453361643436,nan
1047,A1,full_refit,0.01,13,0.6421199928639412,0.6410237061659865,nan
1047,A1,full_refit,0.01,14,0.6396174770153752,0.6385210018249715,nan
1047,A1,full_refit,0.01,15,0.637133868241633,0.6360371847254184,nan
1047,A1,full_refit,0.01,16,0.6346691007735529,0.6335721918733026,nan
1047,A1,full_refit,0.01,17,0.6322230846090284,0.6311259362304223,nan
1047,A1,full_refit,0.01,18,0.6297957060938044,0.6286983071913035,nan
1047,A1,full_refit,0.01,19,0.6273868287436201,0.6262891713224142,nan
1047,A1,full_refit,0.01,20,0.6249962944563715,0.6238983734901657,nan
1047,A1,full_refit,0.01,21,0.6226239251102605,0.6215257383518853,nan
1047,A1,full_refit,0.01,22,0.6202695244472083,0.6191710721069189,nan
1047,A1,full_refit,0.01,23,0.6179328800806787,0.6168341643752178,nan
1047,A1,full_refit,0.01,24,0.6156137654336923,0.6145147900573797,nan
1047,A1,full_refit,0.01,25,0.6133119414218928,0.6122127110270884,nan
1047,A1,full_refit,0.01,26,0.6110271577637202,0.6099276775338126,nan
1047,A1,full_refit,0.01,27,0.6087591539075309,0.6076594292651809,nan
1047,A1,full_refit,0.01,28,0.60650765966634,0.6054076961127063,nan
1047,A1,full_refit,0.01,29,0.6042723957024654,0.603172198754472,nan
1047,A1,full_refit,0.01,30,0.6020530739946586,0.6009526491813997,nan
1047,A1,full_refit,0.01,31,0.5998493983657112,0.5987487512529933,nan
1047,A1,full_refit,0.01,32,0.5976610650810703,0.5965602013048146,nan
1047,A1,full_refit,0.01,33,0.5954877634815706,0.594386688780397,nan
1047,A1,full_refit,0.01,34,0.5933291766035586,0.5922278968465541,nan
1047,A1,full_refit,0.01,35,0.5911849817613649,0.5900835029694094,nan
1047,A1,full_refit,0.01,36,0.5890548510984563,0.5879531794580217,nan
1047,A1,full_refit,0.01,37,0.5869384521347387,0.585836594003103,nan
1047,A1,full_refit,0.01,38,0.584835448341612,0.5837334102426097,nan
1047,A1,full_refit,0.01,39,0.582745499767925,0.5816432883778722,nan
1047,A1,full_refit,0.01,40,0.5806682637269305,0.5795658858510893,nan
1047,A1,full_refit,0.01,41,0.5786033955424684,0.5775008580831933,nan
1047,A1,full_refit,0.01,42,0.5765505493442906,0.5754478592627068,nan
1047,A1,full_refit,0.01,43,0.5745093788977802,0.573406543171397,nan
1047,A1,full_refit,0.01,44,0.5724795384515172,0.5713765640305387,nan
1047,A1,full_refit,0.01,45,0.5704606835862696,0.5693575773514913,nan
1047,A1,full_refit,0.01,46,0.5684524720503245,0.5673492407753893,nan
1047,A1,full_refit,0.01,47,0.5664545645680337,0.5653512148884439,nan
1047,A1,full_refit,0.01,48,0.5644666256106289,0.5633631640013008,nan
1047,A1,full_refit,0.01,49,0.5624883241204565,0.5613847568828088,nan
1047,A1,full_refit,0.01,50,0.5605193341816661,0.5594156674403389,nan
1047,A2,full_refit,0.01,1,0.6727175100043712,0.6716216940643946,nan
1047,A2,full_refit,0.01,2,0.6700093709859277,0.6689139879709732,nan
1047,A2,full_refit,0.01,3,0.6673188636400333,0.6662238785273364,nan
1047,A2,full_refit,0.01,4,0.6646461319512266,0.6635515114151251,nan
1047,A2,full_refit,0.01,5,0.6619912944169125,0.6608970069854088,nan
1047,A2,full_refit,0.01,6,0.6593545270104001,0.6582605396296156,nan
1047,A2,full_refit,0.01,7,0.6567359932803009,0.6556422711658897,nan
1047,A2,full_refit,0.01,8,0.6541358219785657,0.6530423292272044,nan
1047,A2,full_refit,0.01,9,0.6515541032682529,0.6504608033747937,nan
1047,A2,full_refit,0.01,10,0.6489908907021259,0.647897747018885,nan
1047,A2,full_refit,0.01,11,0.6464462066088066,0.6453531827157586,nan
1047,A2,full_refit,0.01,12,0.6439200488062092,0.6428271088756612,nan
1047,A2,full_refit,0.01,13,0.6414123962223129,0.6403195055117974,nan
1047,A2,full_refit,0.01,14,0.6389232117596026,0.637830337224588,nan
1047,A2,full_refit,0.01,15,0.636452442477543,0.6353595533518199,nan
1047,A2,full_refit,0.01,16,0.634000018483887,0.6329070866751471,nan
1047,A2,full_refit,0.01,17,0.6315658520760786,0.6304728523197313,nan
1047,A2,full_refit,0.01,18,0.6291498379610801,0.6280567477664246,nan
1047,A2,full_refit,0.01,19,0.6267518544624959,0.6256586539318258,nan
1047,A2,full_refit,0.01,20,0.6243717650606242,0.6232784366664472,nan
1047,A2,full_refit,0.01,21,0.6220094196284492,0.6209159480096956,nan
1047,A2,full_refit,0.01,22,0.6196646551143391,0.6185710269178978,nan
1047,A2,full_refit,0.01,23,0.6173372957860964,0.6162434995531187,nan
1047,A2,full_refit,0.01,24,0.615027153286698,0.6139331793705816,nan
1047,A2,full_refit,0.01,25,0.6127340267096407,0.611639867210953,nan
1047,A2,full_refit,0.01,26,0.6104577028049785,0.6093633515117655,nan
1047,A2,full_refit,0.01,27,0.6081979563472548,0.6071034086733332,nan
1047,A2,full_refit,0.01,28,0.605954550649423,0.6048598035668021,nan
1047,A2,full_refit,0.01,29,0.603727238186068,0.6026322901502309,nan
1047,A2,full_refit,0.01,30,0.601515761285658,0.6004206121540687,nan
1047,A2,full_refit,0.01,31,0.5993198528580007,0.5982245038030499,nan
1047,A2,full_refit,0.01,32,0.5971392371343589,0.5960436905522005,nan
1047,A2,full_refit,0.01,33,0.5949736304099612,0.593877889826554,nan
1047,A2,full_refit,0.01,34,0.5928227417894048,0.5917268117647446,nan
1047,A2,full_refit,0.01,35,0.590686273943112,0.5895901599742941,nan
1047,A2,full_refit,0.01,36,0.5885639238866625,0.5874676323101715,nan
1047,A2,full_refit,0.01,37,0.5864553837938257,0.5853589216873891,nan
1047,A2,full_refit,0.01,38,0.5843603418483636,0.583263716932842,nan
1047,A2,full_refit,0.01,39,0.5822784831300202,0.5811817036721071,nan
1047,A2,full_refit,0.01,40,0.5802094905190085,0.57911256523587,nan
1047,A2,full_refit,0.01,41,0.5781530455943149,0.5770559835615702,nan
1047,A2,full_refit,0.01,42,0.5761088294976201,0.5750116400621542,nan
1047,A2,full_refit,0.01,43,0.5740765237379051,0.5729792164368486,nan
1047,A2,full_refit,0.01,44,0.5720558109203935,0.5709583954072618,nan
1047,A2,full_refit,0.01,45,0.5700463753939766,0.5689488613725258,nan
1047,A2,full_refit,0.01,46,0.5680479038202122,0.5669503009861416,nan
1047,A2,full_refit,0.01,47,0.5660600856723956,0.5649624036627018,nan
1047,A2,full_refit,0.01,48,0.5640826136749608,0.5629848620245275,nan
1047,A2,full_refit,0.01,49,0.5621151841926383,0.5610173722975507,nan
1047,A2,full_refit,0.01,50,0.5601574975768414,0.5590596346638889,nan
1048,A1,full_refit,0.01,1,0.6910305103563669,0.6897829404275669,nan
1048,A1,full_refit,0.01,2,0.6881102596158596,0.6868630321644965,nan
1048,A1,full_refit,0.01,3,0.6852053674911025,0.6839584142803763,nan
1048,A1,full_refit,0.01,4,0.6823159809551015,0.6810693243793163,nan
1048,A1,full_refit,0.01,5,0.6794422148816766,0.6781958739287912,nan
1048,A1,full_refit,0.01,6,0.6765841387829574,0.6753381210284793,nan
1048,A1,full_refit,0.01,7,0.6737417519594562,0.6724960604052502,nan
1048,A1,full_refit,0.01,8,0.6709149796659972,0.6696696123951739,nan
1048,A1,full_refit,0.01,9,0.6681036804993109,0.66685863141086,nan
1048,A1,full_refit,0.01,10,0.6653076707430621,0.6640629313326819,nan
1048,A1,full_refit,0.01,11,0.6625267650786038,0.6612823258071238,nan
1048,A1,full_refit,0.01,12,0.6597608121650317,0.6585166632943265,nan
1048,A1,full_refit,0.01,13,0.657009706251998,0.6557658384335301,nan
1048,A1,full_refit,0.01,14,0.6542733771447496,0.6530297818436545,nan
1048,A1,full_refit,0.01,15,0.6515517720849611,0.6503084416583768,nan
1048,A1,full_refit,0.01,16,0.6488448403860096,0.6476017676064143,nan
1048,A1,full_refit,0.01,17,0.6461525250694357,0.6449097022500236,nan
1048,A1,full_refit,0.01,18,0.6434747597665167,0.6422321780725567,nan
1048,A1,full_refit,0.01,19,0.6408114671986026,0.6395691165111796,nan
1048,A1,full_refit,0.01,20,0.6381625580588662,0.636920427227631,nan
1048,A1,full_refit,0.01,21,0.635527930803243,0.6342860079914028,nan
1048,A1,full_refit,0.01,22,0.6329074724050481,0.6316657453748911,nan
1048,A1,full_refit,0.01,23,0.6303010596058362,0.629059515915304,nan
1048,A1,full_refit,0.01,24,0.6277085601979471,0.6264671873243862,nan
1048,A1,full_refit,0.01,25,0.6251298340737562,0.6238886194883171,nan
1048,A1,full_refit,0.01,26,0.6225647339578472,0.6213236651698412,nan
1048,A1,full_refit,0.01,27,0.6200131058509436,0.6187721704355624,nan
1048,A1,full_refit,0.01,28,0.6174747892660106,0.6162339748837945,nan
1048,A1,full_refit,0.01,29,0.6149496173477162,0.6137089117605602,nan
1048,A1,full_refit,0.01,30,0.6124374169559818,0.6111968080422335,nan
1048,A1,full_refit,0.01,31,0.6099380087767629,0.6086974845468051,nan
1048,A1,full_refit,0.01,32,0.6074512075062629,0.6062107561194797,nan
1048,A1,full_refit,0.01,33,0.6049768221408006,0.6037364319245028,nan
1048,A1,full_refit,0.01,34,0.6025146563924634,0.6012743158627555,nan
1048,A1,full_refit,0.01,35,0.6000645092385147,0.5988242071220367,nan
1048,A1,full_refit,0.01,36,0.5976261755995954,0.5963859008537973,nan
1048,A1,full_refit,0.01,37,0.5951994471296493,0.5939591889583851,nan
1048,A1,full_refit,0.01,38,0.5927841130920064,0.5915438609533635,nan
1048,A1,full_refit,0.01,39,0.5903799612927,0.5891397048972778,nan
1048,A1,full_refit,0.01,40,0.5879867790429679,0.5867465083428051,nan
1048,A1,full_refit,0.01,41,0.5856043541257163,0.5843640592959516,nan
1048,A1,full_refit,0.01,42,0.583232475743672,0.5819921471601817,nan
1048,A1,full_refit,0.01,43,0.5808709354295772,0.5796305636460225,nan
1048,A1,full_refit,0.01,44,0.5785195279011988,0.5772791036282917,nan
1048,A1,full_refit,0.01,45,0.5761780518461147,0.5749375659348043,nan
1048,A1,full_refit,0.01,46,0.5738463106229315,0.5726057540520032,nan
1048,A1,full_refit,0.01,47,0.571524112866629,0.5702834767342376,nan
1048,A1,full_refit,0.01,48,0.5692112729865774,0.567970548504707,nan
1048,A1,full_refit,0.01,49,0.5669076115471924,0.5656667900380132,nan
1048,A1,full_refit,0.01,50,0.5646129555240589,0.5633720284174634,nan
1048,A2,full_refit,0.01,1,0.6970631639804912,0.6958155940516912,nan
1048,A2,full_refit,0.01,2,0.6941238286533503,0.6928765616835586,nan
1048,A2,full_refit,0.01,3,0.6911981797187728,0.6899511897293982,nan
1048,A2,full_refit,0.01,4,0.6882864287982772,0.6870396889739492,nan
1048,A2,full_refit,0.01,5,0.6853887447554786,0.6841422347303576,nan
1048,A2,full_refit,0.01,6,0.6825052525317387,0.6812589556181784,nan
1048,A2,full_refit,0.01,7,0.679636039646464,0.678389938437187,nan
1048,A2,full_refit,0.01,8,0.6767811634536506,0.6755352393047662,nan
1048,A2,full_refit,0.01,9,0.6739406702861259,0.6726949030728192,nan
1048,A2,full_refit,0.01,10,0.6711146106583005,0.6698689785349923,nan
1048,A2,full_refit,0.01,11,0.6683030379431095,0.6670575177850216,nan
1048,A2,full_refit,0.01,12,0.6655060002525937,0.6642605684782384,nan
1048,A2,full_refit,0.01,13,0.6627235342187485,0.6614781675944641,nan
1048,A2,full_refit,0.01,14,0.6599556617704058,0.6587103380008543,nan
1048,A2,full_refit,0.01,15,0.657202388940563,0.655957086923033,nan
1048,A2,full_refit,0.01,16,0.6544637059797872,0.6532184057116164,nan
1048,A2,full_refit,0.01,17,0.6517395880895044,0.650494270421747,nan
1048,A2,full_refit,0.01,18,0.6490299961492819,0.6477846426264448,nan
1048,A2,full_refit,0.01,19,0.6463348772810406,0.6450894701423188,nan
1048,A2,full_refit,0.01,20,0.6436541654207981,0.6424086877022556,nan
1048,A2,full_refit,0.01,21,0.640987782023566,0.639742217686979,nan
1048,A2,full_refit,0.01,22,0.6383356368982143,0.6370899709482133,nan
1048,A2,full_refit,0.01,23,0.635697629113527,0.6344518476944715,nan
1048,A2,full_refit,0.01,24,0.6330736479149695,0.6318277383934778,nan
1048,A2,full_refit,0.01,25,0.6304635736046277,0.6292175246485465,nan
1048,A2,full_refit,0.01,26,0.6278672783478879,0.6266210800127089,nan
1048,A2,full_refit,0.01,27,0.6252846268785457,0.6240382707099558,nan
1048,A2,full_refit,0.01,28,0.6227154770834259,0.6214689562401392,nan
1048,A2,full_refit,0.01,29,0.6201596804612274,0.6189129898554239,nan
1048,A2,full_refit,0.01,30,0.6176170824681092,0.6163702189119905,nan
1048,A2,full_refit,0.01,31,0.615087522782114,0.6138404851194763,nan
1048,A2,full_refit,0.01,32,0.6125708355360595,0.6113236247297539,nan
1048,A2,full_refit,0.01,33,0.610066849578838,0.608819468721841,nan
1048,A2,full_refit,0.01,34,0.6075753888234005,0.606327843045648,nan
1048,A2,full_refit,0.01,35,0.6050962727258553,0.603848568980985,nan
1048,A2,full_refit,0.01,36,0.6026293169193431,0.6013814636521098,nan
1048,A2,full_refit,0.01,37,0.6001743340021203,0.5989263407153067,nan
1048,A2,full_refit,0.01,38,0.5977311344476384,0.5964830112052363,nan
1048,A2,full_refit,0.01,39,0.5952995275651178,0.5940512844837167,nan
1048,A2,full_refit,0.01,40,0.5928793224106369,0.591630969196845,nan
1048,A2,full_refit,0.01,41,0.5904703285570079,0.589221874139217,nan
1048,A2,full_refit,0.01,42,0.5880723566784122,0.5868238089580717,nan
1048,A2,full_refit,0.01,43,0.5856852189649386,0.5844365846857152,nan
1048,A2,full_refit,0.01,44,0.5833087294206615,0.5820600141340706,nan
1048,A2,full_refit,0.01,45,0.5809427041058854,0.5796939122036882,nan
1048,A2,full_refit,0.01,46,0.5785869613696744,0.5773380961546422,nan
1048,A2,full_refit,0.01,47,0.5762413220980785,0.574992385871069,nan
1048,A2,full_refit,0.01,48,0.5739056099863794,0.5726566041350819,nan
1048,A2,full_refit,0.01,49,0.5715796518330092,0.5703305769140385,nan
1048,A2,full_refit,0.01,50,0.5692632778475769,0.568014133658133,nan
1049,A1,full_refit,0.01,1,0.844686740244873,0.8435292303657831,nan
1049,A1,full_refit,0.01,2,0.8421773210848352,0.8410205685658242,nan
1049,A1,full_refit,0.01,3,0.8396805905534057,0.838524653019817,nan
1049,A1,full_refit,0.01,4,0.8371959318107899,0.8360408736197166,nan
1049,A1,full_refit,0.01,5,0.8347225507446581,0.8335683875597445,nan
1049,A1,full_refit,0.01,6,0.8322598237850082,0.8311065583271914,nan
1049,A1,full_refit,0.01,7,0.8298071739449913,0.8286548022926084,nan
1049,A1,full_refit,0.01,8,0.827364123413696,0.8262126392733626,nan
1049,A1,full_refit,0.01,9,0.8249303639464072,0.8237797612992256,nan
1049,A1,full_refit,0.01,10,0.8225056948249151,0.8213559684898875,nan
1049,A1,full_refit,0.01,11,0.8200899510461219,0.8189410965167361,nan
1049,A1,full_refit,0.01,12,0.8176829655903063,0.8165349786878162,nan
1049,A1,full_refit,0.01,13,0.8152845526966153,0.8141374292876287,nan
1049,A1,full_refit,0.01,14,0.812894500329968,0.8117482362871025,nan
1049,A1,full_refit,0.01,15,0.8105125667461235,0.8093671581467702,nan
1049,A1,full_refit,0.01,16,0.8081384792259743,0.8069939226551871,nan
1049,A1,full_refit,0.01,17,0.8057719342241849,0.8046282270465324,nan
1049,A1,full_refit,0.01,18,0.8034125985847547,0.8022697391137504,nan
1049,A1,full_refit,0.01,19,0.8010601115971578,0.799918099156236,nan
1049,A1,full_refit,0.01,20,0.7987140876616078,0.7975729225701229,nan
1049,A1,full_refit,0.01,21,0.7963741192911519,0.7952338028140712,nan
1049,A1,full_refit,0.01,22,0.7940397802280913,0.7929003144934174,nan
1049,A1,full_refit,0.01,23,0.7917106287279186,0.7905720165477881,nan
1049,A1,full_refit,0.01,24,0.7893862114277707,0.7882484559195246,nan
1049,A1,full_refit,0.01,25,0.7870660679928448,0.7859291719922764,nan
1049,A1,full_refit,0.01,26,0.7847497356967408,0.783613701146801,nan
1049,A1,full_refit,0.01,27,0.7824367526536797,0.781301580198582,nan
1049,A1,full_refit,0.01,28,0.7801266593827247,0.7789923482454503,nan
1049,A1,full_refit,0.01,29,0.7778189993246961,0.7766855474028553,nan
1049,A1,full_refit,0.01,30,0.7755133189684865,0.7743807230543336,nan
1049,A1,full_refit,0.01,31,0.7732091679121909,0.7720774239722568,nan
1049,A1,full_refit,0.01,32,0.7709060989579036,0.7697752024376215,nan
1049,A1,full_refit,0.01,33,0.7686036682516681,0.7674736143844411,nan
1049,A1,full_refit,0.01,34,0.766301435461264,0.7651722195621947,nan
1049,A1,full_refit,0.01,35,0.7639989639981393,0.7628705817153629,nan
1049,A1,full_refit,0.01,36,0.7616958213211364,0.7605682688087473,nan
1049,A1,full_refit,0.01,37,0.7593915793873602,0.7582648533629899,nan
1049,A1,full_refit,0.01,38,0.7570858153057789,0.7559599129736065,nan
1049,A1,full_refit,0.01,39,0.7547781121820918,0.7536530310396288,nan
1049,A1,full_refit,0.01,40,0.7524680600526779,0.7513437976393866,nan
1049,A1,full_refit,0.01,41,0.7501552567670579,0.7490318104279716,nan
1049,A1,full_refit,0.01,42,0.7478393087297287,0.7467166754477375,nan
1049,A1,full_refit,0.01,43,0.7455198315058338,0.744398007818803,nan
1049,A1,full_refit,0.01,44,0.7431964503578666,0.7420754323456248,nan
1049,A1,full_refit,0.01,45,0.740868800787608,0.7397485841004947,nan
1049,A1,full_refit,0.01,46,0.7385365291293228,0.7374171090315719,nan
1049,A1,full_refit,0.01,47,0.7361992932029318,0.7350806646129311,nan
1049,A1,full_refit,0.01,48,0.7338567630026005,0.7327389205220451,nan
1049,A1,full_refit,0.01,49,0.7315086213727163,0.7303915593047097,nan
1049,A1,full_refit,0.01,50,0.7291545646143317,0.7280382769753021,nan
1049,A2,full_refit,0.01,1,0.840482834794235,0.8393253249151451,nan
1049,A2,full_refit,0.01,2,0.8380002506462555,0.836843548216042,nan
1049,A2,full_refit,0.01,3,0.83552982799654,0.8343740298957156,nan
1049,A2,full_refit,0.01,4,0.8330710814859689,0.8319162063511273,nan
1049,A2,full_refit,0.01,5,0.8306232227848755,0.8294692653555092,nan
1049,A2,full_refit,0.01,6,0.8281856154186178,0.8270325610127732,nan
1049,A2,full_refit,0.01,7,0.8257576952179632,0.8246055214958122,nan
1049,A2,full_refit,0.01,8,0.8233390127927597,0.8221876936714486,nan
1049,A2,full_refit,0.01,9,0.8209292818735393,0.8197787905742706,nan
1049,A2,full_refit,0.01,10,0.8185283103464676,0.8173786208563207,nan
1049,A2,full_refit,0.01,11,0.8161359308788569,0.814987018713651,nan
1049,A2,full_refit,0.01,12,0.8137519665885798,0.8126038092379009,nan
1049,A2,full_refit,0.01,13,0.8113762166964552,0.8102287938295953,nan
1049,A2,full_refit,0.01,14,0.809008450577999,0.8078617440793936,nan
1049,A2,full_refit,0.01,15,0.8066484056332375,0.8055023995365831,nan
1049,A2,full_refit,0.01,16,0.8042957873088762,0.8031504676752317,nan
1049,A2,full_refit,0.01,17,0.8019502705437951,0.8008056253123357,nan
1049,A2,full_refit,0.01,18,0.7996115021825132,0.798467521021132,nan
1049,A2,full_refit,0.01,19,0.7972791039831865,0.7961357781709418,nan
1049,A2,full_refit,0.01,20,0.7949526758975456,0.7938099982701867,nan
1049,A2,full_refit,0.01,21,0.7926317993733217,0.791489764345887,nan
1049,A2,full_refit,0.01,22,0.7903160405596733,0.7891746441953211,nan
1049,A2,full_refit,0.01,23,0.7880049535343042,0.7868641935539648,nan
1049,A2,full_refit,0.01,24,0.7856980839742578,0.7845579595434565,nan
1049,A2,full_refit,0.01,25,0.7833949736809056,0.7822554848839043,nan
1049,A2,full_refit,0.01,26,0.7810951656331323,0.7799563127804443,nan
1049,A2,full_refit,0.01,27,0.7787982084337319,0.7776599915049457,nan
1049,A2,full_refit,0.01,28,0.7765036592782323,0.7753660776770469,nan
1049,A2,full_refit,0.01,29,0.7742110854577999,0.7730741380394872,nan
1049,A2,full_refit,0.01,30,0.7719200647824206,0.7707837500313329,nan
1049,A2,full_refit,0.01,31,0.7696301851943296,0.7684945014596093,nan
1049,A2,full_refit,0.01,32,0.7673410437128304,0.7662059894574481,nan
1049,A2,full_refit,0.01,33,0.7650522448524285,0.7639178188933532,nan
1049,A2,full_refit,0.01,34,0.7627633987254303,0.7616296004423699,nan
1049,A2,full_refit,0.01,35,0.7604741191074323,0.7593409485902478,nan
1049,A2,full_refit,0.01,36,0.7581840217491836,0.757051479860917,nan
1049,A2,full_refit,0.01,37,0.755892723125731,0.7547608114867187,nan
1049,A2,full_refit,0.01,38,0.7535998396877528,0.752468560609011,nan
1049,A2,full_refit,0.01,39,0.7513049876505464,0.7501743440277494,nan
1049,A2,full_refit,0.01,40,0.7490077834170212,0.7478777785590149,nan
1049,A2,full_refit,0.01,41,0.7467078447165103,0.745578482081106,nan
1049,A2,full_refit,0.01,42,0.744404792373387,0.7432760752342051,nan
1049,A2,full_refit,0.01,43,0.7420982524297915,0.7409701835520295,nan
1049,A2,full_refit,0.01,44,0.7397878583074116,0.7386604397135897,nan
1049,A2,full_refit,0.01,45,0.7374732528062746,0.7363464856678703,nan
1049,A2,full_refit,0.01,46,0.7351540898678762,0.7340279745088591,nan
1049,A2,full_refit,0.01,47,0.7328300360880796,0.731704572061942,nan
1049,A2,full_refit,0.01,48,0.7305007719701241,0.7293759581721662,nan
1049,A2,full_refit,0.01,49,0.7281659929060295,0.7270418276935735,nan
1049,A2,full_refit,0.01,50,0.7258254098853107,0.7247018911898134,nan
